usuario_id,ingreso_mensual,deuda_mensual,nivel_endeudamiento,gasto_mensual_promedio,ahorro_mensual_estimado,porcentaje_gastos_ingreso,frecuencia_ahorro,perfil_financiero,saldo_total,saldo_reservado
USR0001,3327.79,548.36,16.48,2852.36,-72.93,85.71,Nunca,En riesgo,2008.79,0.0
USR0002,1641.24,256.31,15.62,1100.08,284.85,67.03,Media,En observación,5089.21,0.0
USR0003,2083.31,452.15,21.7,1834.47,-203.31,88.06,Nunca,En riesgo,0.0,0.0
USR0004,2679.83,1368.23,51.06,1478.29,-166.69,55.16,Nunca,En riesgo,242.37,0.0
USR0005,3354.16,579.82,17.29,2657.29,117.05,79.22,Baja,En riesgo,1342.17,0.0
USR0006,2596.81,357.84,13.78,1777.39,461.58,68.45,Media,En observación,9239.87,0.0
USR0007,4115.83,780.53,18.96,3264.77,70.53,79.32,Baja,En riesgo,3166.14,0.0
USR0008,4219.13,772.98,18.32,3444.0,2.15,81.63,Baja,En riesgo,2864.52,0.0
USR0009,2630.67,153.97,5.85,1091.85,1384.85,41.5,Alta,Saludable,27002.43,0.0
USR0010,4857.62,774.28,15.94,3250.3,833.05,66.91,Media,En observación,10552.77,0.0
USR0011,5990.19,1027.08,17.15,4177.41,785.7,69.74,Media,En observación,7013.76,0.0
USR0012,2263.14,656.85,29.02,1879.25,-272.96,83.04,Nunca,En riesgo,0.0,0.0
USR0013,4926.12,2569.28,52.16,3760.33,-1403.49,76.33,Nunca,En riesgo,2933.78,0.0
USR0014,4733.63,803.47,16.97,4110.86,-180.7,86.84,Nunca,En riesgo,1217.34,0.0
USR0015,1859.69,135.75,7.3,1157.59,566.35,62.25,Alta,En observación,7727.1,0.0
USR0016,2602.49,433.08,16.64,2082.81,86.6,80.03,Baja,En riesgo,0.0,0.0
USR0017,2922.06,1158.78,39.66,1617.55,145.73,55.36,Baja,En observación,5448.48,0.0
USR0018,2864.04,477.64,16.68,1971.43,414.97,68.83,Media,En observación,8631.15,0.0
USR0019,1848.37,249.75,13.51,1469.51,129.11,79.5,Baja,En observación,3105.38,0.0
USR0020,3637.0,415.81,11.43,3360.87,-139.68,92.41,Nunca,En riesgo,2351.71,0.0
USR0021,4242.36,241.45,5.69,1697.3,2303.62,40.01,Alta,Saludable,43699.29,0.0
USR0022,1424.96,196.3,13.78,881.76,346.91,61.88,Alta,En observación,4103.76,0.0
USR0023,2847.84,425.78,14.95,1964.64,457.42,68.99,Media,En observación,7901.88,0.0
USR0024,1721.0,317.46,18.45,1363.7,39.85,79.24,Baja,En riesgo,385.04,0.0
USR0025,4609.11,1352.13,29.34,3575.67,-318.69,77.58,Nunca,En riesgo,3196.92,0.0
USR0026,4683.06,1213.93,25.92,3734.03,-264.9,79.73,Nunca,En riesgo,2175.99,0.0
USR0027,2108.48,1100.3,52.18,1627.18,-619.0,77.17,Nunca,En riesgo,397.82,0.0
USR0028,3124.9,117.51,3.76,2606.64,400.75,83.42,Media,En observación,8267.43,0.0
USR0029,5638.94,885.2,15.7,3218.96,1534.78,57.08,Alta,Saludable,49169.49,0.0
USR0030,3255.44,515.35,15.83,1880.97,859.12,57.78,Alta,Saludable,30090.52,0.0
USR0031,4083.5,35.79,0.88,1736.29,2311.43,42.52,Alta,Saludable,39712.64,0.0
USR0032,2262.7,508.89,22.49,1588.82,164.99,70.22,Baja,En observación,3716.67,0.0
USR0033,5607.9,1479.6,26.38,4901.51,-773.22,87.4,Nunca,En riesgo,3048.8,0.0
USR0034,2094.04,292.57,13.97,1853.7,-52.23,88.52,Nunca,En riesgo,283.43,0.0
USR0035,4821.51,339.12,7.03,3361.77,1120.62,69.72,Alta,En observación,11350.89,0.0
USR0036,2609.53,1299.03,49.78,1403.28,-92.78,53.78,Nunca,En riesgo,475.77,0.0
USR0037,2664.42,523.47,19.65,1639.42,501.53,61.53,Media,En observación,3757.52,0.0
USR0038,3490.22,285.28,8.17,2312.78,892.16,66.26,Alta,En observación,10628.77,0.0
USR0039,3083.96,1333.52,43.24,2485.85,-735.41,80.61,Nunca,En riesgo,933.81,0.0
USR0040,2260.19,362.18,16.02,1664.01,234.0,73.62,Media,En observación,5503.32,0.0
USR0041,4671.99,840.39,17.99,2666.4,1165.21,57.07,Alta,Saludable,42711.82,0.0
USR0042,4656.87,775.77,16.66,3196.26,684.83,68.64,Media,En observación,11380.73,0.0
USR0043,4140.78,867.4,20.95,2891.76,381.62,69.84,Baja,En observación,7609.79,0.0
USR0044,2392.23,990.92,41.42,1542.92,-141.61,64.5,Nunca,En riesgo,0.0,0.0
USR0045,3790.3,503.86,13.29,2004.04,1282.4,52.87,Alta,Saludable,40607.23,0.0
USR0046,2436.3,132.03,5.42,1369.34,934.93,56.21,Alta,Saludable,12938.73,0.0
USR0047,3626.51,418.56,11.54,2193.74,1014.21,60.49,Alta,En observación,13379.69,0.0
USR0048,2572.9,416.92,16.2,1533.8,622.17,59.61,Alta,Saludable,19832.46,0.0
USR0049,6850.31,16.89,0.25,3076.49,3756.93,44.91,Alta,Saludable,76927.03,0.0
USR0050,2685.65,606.08,22.57,1922.02,157.55,71.57,Baja,En observación,6170.19,0.0
USR0051,3478.69,874.54,25.14,2606.45,-2.3,74.93,Nunca,En observación,7826.23,0.0
USR0052,4913.56,317.11,6.45,4947.14,-350.69,100.68,Nunca,En riesgo,3311.67,0.0
USR0053,2035.55,239.33,11.76,1550.77,245.45,76.18,Media,En observación,3954.53,0.0
USR0054,2690.22,1299.14,48.29,2004.0,-612.92,74.49,Nunca,En riesgo,0.0,0.0
USR0055,6150.15,158.18,2.57,3033.87,2958.09,49.33,Alta,Saludable,78241.42,0.0
USR0056,3908.76,1348.4,34.5,3571.13,-1010.78,91.36,Nunca,En riesgo,2024.59,0.0
USR0057,3452.65,737.05,21.35,2875.56,-159.97,83.29,Nunca,En riesgo,1366.08,0.0
USR0058,3208.13,1172.24,36.54,2139.15,-103.26,66.68,Nunca,En observación,5372.09,0.0
USR0059,2486.85,307.02,12.35,1164.69,1015.14,46.83,Alta,Saludable,23834.27,0.0
USR0060,6685.92,256.84,3.84,3592.96,2836.11,53.74,Alta,Saludable,68762.85,0.0
USR0061,2817.06,989.23,35.12,1416.74,411.09,50.29,Media,En observación,9172.23,0.0
USR0062,2339.36,304.0,12.99,1304.78,730.58,55.78,Alta,Saludable,19329.8,0.0
USR0063,3268.73,597.26,18.27,1949.66,721.81,59.65,Alta,Saludable,21291.89,0.0
USR0064,3488.44,287.26,8.23,3346.35,-145.17,95.93,Nunca,En riesgo,1769.43,0.0
USR0065,3901.76,297.53,7.63,3485.97,118.25,89.34,Baja,En riesgo,574.72,0.0
USR0066,3443.36,1783.65,51.8,1426.22,233.49,41.42,Baja,En riesgo,2478.37,0.0
USR0067,2655.76,986.18,37.13,1600.34,69.23,60.26,Baja,En observación,3365.49,0.0
USR0068,1380.5,681.4,49.36,1059.89,-360.79,76.78,Nunca,En riesgo,985.55,0.0
USR0069,3238.36,627.36,19.37,2475.89,135.11,76.46,Baja,En riesgo,1461.94,0.0
USR0070,6611.9,719.72,10.89,3787.96,2104.22,57.29,Alta,Saludable,52411.23,0.0
USR0071,5081.57,520.8,10.25,2930.45,1630.32,57.67,Alta,Saludable,44113.86,0.0
USR0072,5057.22,1890.08,37.37,3374.91,-207.78,66.73,Nunca,En observación,4785.71,0.0
USR0073,5259.68,234.91,4.47,4425.19,599.58,84.13,Media,En observación,13358.84,0.0
USR0074,2541.7,466.43,18.35,1758.3,316.96,69.18,Media,En observación,6416.88,0.0
USR0075,5776.88,421.99,7.3,3550.96,1803.93,61.47,Alta,En observación,20198.06,0.0
USR0076,1408.36,533.55,37.88,744.19,130.62,52.84,Baja,En observación,1646.42,0.0
USR0077,2015.16,962.28,47.75,1449.67,-396.78,71.94,Nunca,En riesgo,174.2,0.0
USR0078,4816.39,1363.02,28.3,3119.76,333.61,64.77,Baja,En observación,5960.13,0.0
USR0079,3864.88,503.84,13.04,1707.3,1653.74,44.17,Alta,Saludable,44862.14,0.0
USR0080,3705.43,465.42,12.56,3079.36,160.64,83.1,Baja,En riesgo,0.0,0.0
USR0081,4487.18,210.54,4.69,2189.28,2087.35,48.79,Alta,Saludable,26968.7,0.0
USR0082,2210.25,371.76,16.82,2011.61,-173.12,91.01,Nunca,En riesgo,481.84,0.0
USR0083,3143.36,1184.11,37.67,2715.41,-756.16,86.39,Nunca,En riesgo,0.0,0.0
USR0084,3895.3,96.06,2.47,2033.86,1765.38,52.21,Alta,Saludable,28503.13,0.0
USR0085,6333.04,412.86,6.52,5670.62,249.55,89.54,Baja,En riesgo,0.0,0.0
USR0086,3467.53,385.97,11.13,2981.31,100.26,85.98,Baja,En riesgo,1720.46,0.0
USR0087,4532.69,360.19,7.95,1986.75,2185.75,43.83,Alta,Saludable,49878.25,0.0
USR0088,1815.71,259.4,14.29,1224.61,331.71,67.44,Media,En observación,5430.97,0.0
USR0089,4082.63,695.31,17.03,2533.94,853.37,62.07,Alta,En observación,10128.75,0.0
USR0090,2166.38,111.97,5.17,822.54,1231.88,37.97,Alta,Saludable,15892.22,0.0
USR0091,1807.46,199.93,11.06,1089.91,517.62,60.3,Alta,En observación,5875.34,0.0
USR0092,4704.19,447.2,9.51,2832.02,1424.97,60.2,Alta,En observación,12180.65,0.0
USR0093,5463.15,686.07,12.56,5008.95,-231.87,91.69,Nunca,En riesgo,1376.8,0.0
USR0094,4013.59,737.59,18.38,2368.8,907.21,59.02,Alta,Saludable,19987.52,0.0
USR0095,3317.69,356.72,10.75,1895.45,1065.53,57.13,Alta,Saludable,27160.57,0.0
USR0096,6860.02,768.2,11.2,3655.19,2436.63,53.28,Alta,Saludable,77514.13,0.0
USR0097,2902.04,175.74,6.06,1148.43,1577.87,39.57,Alta,Saludable,32678.46,0.0
USR0098,3039.1,399.27,13.14,1657.58,982.24,54.54,Alta,Saludable,28842.3,0.0
USR0099,4906.5,875.7,17.85,3779.64,251.16,77.03,Baja,En observación,5892.12,0.0
USR0100,6271.06,1370.05,21.85,3885.07,1015.95,61.95,Media,En observación,14196.57,0.0
USR0101,2248.68,221.11,9.83,1226.48,801.09,54.54,Alta,Saludable,15510.0,0.0
USR0102,4087.15,280.64,6.87,2590.09,1216.42,63.37,Alta,En observación,9914.43,0.0
USR0103,4439.12,2187.21,49.27,3116.15,-864.23,70.2,Nunca,En riesgo,3171.82,0.0
USR0104,1339.35,711.92,53.15,618.78,8.65,46.2,Baja,En riesgo,437.3,0.0
USR0105,1664.75,683.93,41.08,867.4,113.43,52.1,Baja,En riesgo,847.36,0.0
USR0106,1367.02,257.01,18.8,960.35,149.66,70.25,Media,En observación,2008.29,0.0
USR0107,2576.89,645.14,25.04,2081.03,-149.28,80.76,Nunca,En riesgo,842.12,0.0
USR0108,2736.36,422.6,15.44,1552.9,760.86,56.75,Alta,Saludable,15431.59,0.0
USR0109,2670.42,1023.52,38.33,1721.71,-74.81,64.47,Nunca,En observación,4549.73,0.0
USR0110,3267.2,379.1,11.6,1965.95,922.14,60.17,Alta,En observación,9773.11,0.0
USR0111,2691.82,233.74,8.68,2147.98,310.1,79.8,Media,En observación,5465.45,0.0
USR0112,5761.28,884.32,15.35,3485.94,1391.02,60.51,Alta,En observación,11591.26,0.0
USR0113,4003.66,925.86,23.13,2584.47,493.33,64.55,Media,En observación,6889.68,0.0
USR0114,4228.54,1478.09,34.96,3037.11,-286.67,71.82,Nunca,En observación,9846.21,0.0
USR0115,2678.48,346.63,12.94,1545.08,786.78,57.68,Alta,Saludable,16805.45,0.0
USR0116,3609.92,655.12,18.15,2540.79,414.02,70.38,Media,En observación,5758.37,0.0
USR0117,3576.05,625.35,17.49,2386.77,563.93,66.74,Media,En observación,9366.54,0.0
USR0118,3640.74,168.89,4.64,3076.63,395.23,84.51,Media,En observación,8927.04,0.0
USR0119,5147.37,2619.9,50.9,4207.78,-1680.31,81.75,Nunca,En riesgo,1594.38,0.0
USR0120,2393.18,380.22,15.89,1297.62,715.34,54.22,Alta,Saludable,13383.87,0.0
USR0121,3664.79,1079.77,29.46,2648.41,-63.39,72.27,Nunca,En observación,4720.6,0.0
USR0122,4017.91,713.46,17.76,2363.83,940.62,58.83,Alta,Saludable,21864.2,0.0
USR0123,3170.21,441.47,13.93,2185.14,543.6,68.93,Media,En observación,4783.9,0.0
USR0124,3117.75,724.49,23.24,2164.76,228.5,69.43,Baja,En observación,5474.01,0.0
USR0125,4814.35,2001.09,41.57,3138.21,-324.95,65.18,Nunca,En riesgo,3726.47,0.0
USR0126,4950.6,4.59,0.09,2130.2,2815.82,43.03,Alta,Saludable,39991.72,0.0
USR0127,1783.35,345.82,19.39,1376.69,60.83,77.2,Baja,En riesgo,0.0,0.0
USR0128,1950.17,219.09,11.23,1189.47,541.6,60.99,Alta,En observación,9816.56,0.0
USR0129,6383.55,632.77,9.91,3264.07,2486.71,51.13,Alta,Saludable,43233.26,0.0
USR0130,4933.95,1066.0,21.61,3291.02,576.93,66.7,Media,En observación,4114.04,0.0
USR0131,3432.4,863.74,25.16,2393.88,174.78,69.74,Baja,En observación,5187.99,0.0
USR0132,4365.78,458.29,10.5,2687.72,1219.77,61.56,Alta,En observación,11926.63,0.0
USR0133,3624.64,740.32,20.42,3145.1,-260.78,86.77,Nunca,En riesgo,337.3,0.0
USR0134,2450.85,360.74,14.72,1131.71,958.4,46.18,Alta,Saludable,22318.26,0.0
USR0135,5082.43,2432.68,47.86,3719.97,-1070.22,73.19,Nunca,En riesgo,1293.46,0.0
USR0136,2100.88,132.62,6.31,1345.5,622.76,64.04,Alta,En observación,5772.24,0.0
USR0137,4505.97,1661.22,36.87,3693.99,-849.24,81.98,Nunca,En riesgo,3548.01,0.0
USR0138,2231.0,748.42,33.55,1993.39,-510.81,89.35,Nunca,En riesgo,415.42,0.0
USR0139,6282.46,873.69,13.91,5565.54,-156.77,88.59,Nunca,En riesgo,3294.19,0.0
USR0140,6681.68,993.9,14.88,3324.93,2362.85,49.76,Alta,Saludable,54099.69,0.0
USR0141,6763.8,2829.37,41.83,5763.94,-1829.51,85.22,Nunca,En riesgo,5097.16,0.0
USR0142,2563.92,481.51,18.78,1731.18,351.23,67.52,Media,En observación,8483.44,0.0
USR0143,4389.24,87.17,1.99,2214.58,2087.49,50.45,Alta,Saludable,41239.28,0.0
USR0144,4364.6,879.87,20.16,3334.73,150.0,76.4,Baja,En riesgo,918.6,0.0
USR0145,2300.52,860.52,37.41,1155.06,284.94,50.21,Media,En observación,4182.22,0.0
USR0146,6434.94,1061.8,16.5,4232.03,1141.11,65.77,Media,En observación,14401.63,0.0
USR0147,3461.21,848.45,24.51,2578.48,34.28,74.5,Baja,En observación,5134.64,0.0
USR0148,6433.3,897.98,13.96,4205.41,1329.91,65.37,Alta,En observación,19746.62,0.0
USR0149,4903.58,567.16,11.57,4777.27,-440.85,97.42,Nunca,En riesgo,1819.21,0.0
USR0150,5982.17,508.84,8.51,3693.95,1779.38,61.75,Alta,En observación,26913.94,0.0
USR0151,2098.56,193.99,9.24,1375.5,529.07,65.54,Alta,En observación,4744.21,0.0
USR0152,2974.64,323.13,10.86,1567.25,1084.26,52.69,Alta,Saludable,21533.18,0.0
USR0153,3156.27,675.96,21.42,2182.97,297.33,69.16,Baja,En observación,4494.48,0.0
USR0154,4750.31,469.24,9.88,4004.64,276.44,84.3,Baja,En observación,12987.77,0.0
USR0155,5318.15,1155.56,21.73,2954.49,1208.1,55.55,Alta,En observación,16406.99,0.0
USR0156,4705.95,915.96,19.46,2835.79,954.2,60.26,Alta,En observación,15549.35,0.0
USR0157,5873.83,1168.85,19.9,3933.08,771.9,66.96,Media,En observación,18324.28,0.0
USR0158,2862.31,343.25,11.99,2451.53,67.53,85.65,Baja,En riesgo,0.0,0.0
USR0159,5323.84,611.59,11.49,2930.41,1781.83,55.04,Alta,Saludable,43977.16,0.0
USR0160,4349.79,381.91,8.78,2943.12,1024.76,67.66,Alta,En observación,9953.03,0.0
USR0161,5008.45,372.54,7.44,2761.11,1874.8,55.13,Alta,Saludable,37740.91,0.0
USR0162,4200.91,992.05,23.62,3023.47,185.39,71.97,Baja,En observación,5506.44,0.0
USR0163,3480.18,625.95,17.99,2601.22,253.0,74.74,Baja,En observación,5964.7,0.0
USR0164,2844.32,575.67,20.24,1762.31,506.34,61.96,Media,En observación,4927.16,0.0
USR0165,5365.13,992.87,18.51,4025.18,347.08,75.02,Baja,En observación,5585.11,0.0
USR0166,3301.24,1408.73,42.67,2946.18,-1053.67,89.24,Nunca,En riesgo,2613.95,0.0
USR0167,5825.25,1095.22,18.8,4423.43,306.6,75.94,Baja,En observación,8322.15,0.0
USR0168,6034.05,1447.94,24.0,4733.43,-147.31,78.45,Nunca,En riesgo,0.0,0.0
USR0169,4253.48,806.67,18.96,3288.46,158.35,77.31,Baja,En riesgo,1622.51,0.0
USR0170,3385.44,739.23,21.84,1891.26,754.95,55.86,Alta,En observación,4402.66,0.0
USR0171,4553.11,515.23,11.32,2959.76,1078.12,65.01,Alta,En observación,12725.46,0.0
USR0172,4209.23,810.31,19.25,3302.87,96.05,78.47,Baja,En riesgo,568.62,0.0
USR0173,5987.81,682.45,11.4,3659.62,1645.74,61.12,Alta,En observación,9293.04,0.0
USR0174,2245.81,530.65,23.63,1935.73,-220.57,86.19,Nunca,En riesgo,0.0,0.0
USR0175,6428.98,396.03,6.16,4059.73,1973.22,63.15,Alta,En observación,27261.7,0.0
USR0176,4537.4,576.59,12.71,3069.56,891.26,67.65,Media,En observación,8571.48,0.0
USR0177,7127.38,2078.3,29.16,5929.41,-880.33,83.19,Nunca,En riesgo,4008.2,0.0
USR0178,4694.76,939.55,20.01,3250.29,504.91,69.23,Media,En observación,4037.95,0.0
USR0179,5948.42,2811.62,47.27,3297.26,-160.46,55.43,Nunca,En riesgo,3497.32,0.0
USR0180,2405.13,9.27,0.39,1086.76,1309.1,45.19,Alta,Saludable,23428.03,0.0
USR0181,4615.69,690.52,14.96,3459.84,465.33,74.96,Media,En observación,7858.72,0.0
USR0182,1677.83,284.82,16.98,1031.46,361.55,61.48,Alta,En observación,5020.26,0.0
USR0183,2183.63,333.84,15.29,1370.79,478.99,62.78,Alta,En observación,7439.23,0.0
USR0184,4444.87,1927.31,43.36,2560.11,-42.55,57.6,Nunca,En riesgo,1513.49,0.0
USR0185,6834.49,2744.72,40.16,3756.48,333.3,54.96,Baja,En riesgo,3210.78,0.0
USR0186,2980.2,1565.53,52.53,1809.68,-395.01,60.72,Nunca,En riesgo,408.78,0.0
USR0187,4888.29,1940.56,39.7,2631.15,316.58,53.83,Baja,En observación,11717.02,0.0
USR0188,3806.89,975.28,25.62,3616.91,-785.3,95.01,Nunca,En riesgo,1475.08,0.0
USR0189,2073.57,210.91,10.17,1124.41,738.26,54.23,Alta,Saludable,17212.4,0.0
USR0190,3156.18,519.55,16.46,2089.73,546.9,66.21,Media,En observación,11630.19,0.0
USR0191,2484.33,957.03,38.52,1613.26,-85.96,64.94,Nunca,En observación,5467.56,0.0
USR0192,3784.82,105.73,2.79,1760.22,1918.87,46.51,Alta,Saludable,48244.12,0.0
USR0193,3814.61,829.26,21.74,2600.28,385.07,68.17,Media,En observación,10291.11,0.0
USR0194,3203.97,588.71,18.37,2485.68,129.58,77.58,Baja,En riesgo,184.25,0.0
USR0195,6516.43,1576.45,24.19,5673.48,-733.5,87.06,Nunca,En riesgo,2564.1,0.0
USR0196,4785.89,43.13,0.9,2214.48,2528.28,46.27,Alta,Saludable,34113.85,0.0
USR0197,6201.38,1284.33,20.71,3741.14,1175.91,60.33,Media,En observación,18203.29,0.0
USR0198,2073.88,977.58,47.14,1608.1,-511.8,77.54,Nunca,En riesgo,920.86,0.0
USR0199,6832.01,534.11,7.82,3005.0,3292.9,43.98,Alta,Saludable,66835.06,0.0
USR0200,1626.71,699.87,43.02,1322.73,-395.9,81.31,Nunca,En riesgo,151.66,0.0
USR0201,2829.81,54.99,1.94,1443.28,1331.53,51.0,Alta,Saludable,36988.87,0.0
USR0202,4798.87,1040.79,21.69,3627.43,130.65,75.59,Baja,En riesgo,1496.74,0.0
USR0203,3365.9,320.89,9.53,2255.64,789.37,67.01,Alta,En observación,12395.71,0.0
USR0204,2333.41,309.33,13.26,1465.69,558.39,62.81,Alta,En observación,9097.59,0.0
USR0205,6015.16,705.0,11.72,5493.04,-182.87,91.32,Nunca,En riesgo,4222.59,0.0
USR0206,5230.9,3059.13,58.48,2784.73,-612.96,53.24,Nunca,En riesgo,1766.55,0.0
USR0207,3435.9,888.05,25.85,2535.4,12.45,73.79,Baja,En observación,5621.72,0.0
USR0208,2179.14,174.75,8.02,1423.96,580.43,65.35,Alta,En observación,10286.28,0.0
USR0209,2787.57,106.07,3.81,1507.26,1174.24,54.07,Alta,Saludable,35064.64,0.0
USR0210,2540.52,1380.18,54.33,1150.63,9.71,45.29,Baja,En riesgo,229.5,0.0
USR0211,4549.21,804.28,17.68,3247.28,497.66,71.38,Media,En observación,8671.69,0.0
USR0212,7000.46,424.74,6.07,3613.37,2962.35,51.62,Alta,Saludable,86167.27,0.0
USR0213,3751.13,1079.93,28.79,2846.41,-175.2,75.88,Nunca,En riesgo,1691.09,0.0
USR0214,1902.25,292.12,15.36,1486.69,123.45,78.15,Baja,En observación,5264.96,0.0
USR0215,4982.44,868.81,17.44,3684.71,428.92,73.95,Baja,En observación,5796.43,0.0
USR0216,4135.62,255.64,6.18,2299.63,1580.35,55.61,Alta,Saludable,49134.29,0.0
USR0217,1844.48,322.92,17.51,1655.54,-133.97,89.76,Nunca,En riesgo,298.03,0.0
USR0218,4832.7,2719.37,56.27,2649.38,-536.04,54.82,Nunca,En riesgo,2354.21,0.0
USR0219,6670.46,1374.38,20.6,5922.12,-626.04,88.78,Nunca,En riesgo,446.97,0.0
USR0220,4469.98,1831.67,40.98,2730.3,-91.98,61.08,Nunca,En riesgo,2780.77,0.0
USR0221,2447.11,339.51,13.87,2136.68,-29.07,87.31,Nunca,En riesgo,754.1,0.0
USR0222,5018.38,605.74,12.07,3838.95,573.68,76.5,Media,En observación,10856.22,0.0
USR0223,2646.81,472.73,17.86,2096.42,77.66,79.21,Baja,En riesgo,659.1,0.0
USR0224,5629.57,2822.62,50.14,2930.3,-123.35,52.05,Nunca,En riesgo,2236.52,0.0
USR0225,2739.24,141.01,5.15,1723.8,874.43,62.93,Alta,En observación,8705.95,0.0
USR0226,4450.62,651.39,14.64,3182.8,616.43,71.51,Media,En observación,7997.74,0.0
USR0227,4360.52,1278.14,29.31,2979.28,103.1,68.32,Baja,En observación,10802.89,0.0
USR0228,4635.41,473.54,10.22,2599.64,1562.23,56.08,Alta,Saludable,49963.37,0.0
USR0229,5688.15,626.8,11.02,2516.1,2545.25,44.23,Alta,Saludable,50406.69,0.0
USR0230,4656.22,228.09,4.9,2790.2,1637.93,59.92,Alta,Saludable,48669.58,0.0
USR0231,2487.1,426.4,17.14,1434.74,625.96,57.69,Alta,Saludable,13936.94,0.0
USR0232,1961.65,328.45,16.74,1242.04,391.16,63.32,Media,En observación,6171.06,0.0
USR0233,1251.58,272.86,21.8,955.6,23.12,76.35,Baja,En riesgo,960.7,0.0
USR0234,4682.91,331.06,7.07,2638.53,1713.32,56.34,Alta,Saludable,38772.54,0.0
USR0235,3675.74,359.45,9.78,2439.84,876.45,66.38,Alta,En observación,14249.62,0.0
USR0236,4528.92,1399.19,30.89,4081.88,-952.15,90.13,Nunca,En riesgo,2017.17,0.0
USR0237,6043.47,476.96,7.89,2968.72,2597.79,49.12,Alta,Saludable,62294.14,0.0
USR0238,2170.46,402.82,18.56,1273.69,493.95,58.68,Alta,Saludable,15733.59,0.0
USR0239,4528.25,484.2,10.69,2716.54,1327.51,59.99,Alta,Saludable,43769.08,0.0
USR0240,2818.71,470.19,16.68,1775.78,572.74,63.0,Alta,En observación,9466.83,0.0
USR0241,4991.84,2237.05,44.81,4367.43,-1612.63,87.49,Nunca,En riesgo,1103.78,0.0
USR0242,4138.75,510.48,12.33,2666.07,962.2,64.42,Alta,En observación,12487.87,0.0
USR0243,2266.73,271.63,11.98,1504.09,491.01,66.36,Alta,En observación,5059.04,0.0
USR0244,2656.27,1315.08,49.51,2291.36,-950.16,86.26,Nunca,En riesgo,1621.53,0.0
USR0245,1666.42,193.76,11.63,1128.03,344.63,67.69,Alta,En observación,3882.84,0.0
USR0246,5207.97,399.07,7.66,2077.83,2731.08,39.9,Alta,Saludable,64404.98,0.0
USR0247,3575.5,1317.36,36.84,2899.29,-641.15,81.09,Nunca,En riesgo,2290.48,0.0
USR0248,3419.58,656.82,19.21,2389.94,372.82,69.89,Media,En observación,8978.21,0.0
USR0249,5066.4,1000.55,19.75,3535.52,530.34,69.78,Media,En observación,9059.6,0.0
USR0250,1796.74,310.73,17.29,1340.11,145.9,74.59,Baja,En observación,4850.48,0.0
USR0251,6009.9,462.21,7.69,3342.09,2205.6,55.61,Alta,Saludable,49191.97,0.0
USR0252,4364.29,885.05,20.28,3189.92,289.32,73.09,Baja,En observación,7041.6,0.0
USR0253,4512.73,971.0,21.52,3987.0,-445.27,88.35,Nunca,En riesgo,1632.12,0.0
USR0254,4698.16,1276.85,27.18,3186.62,234.68,67.83,Baja,En observación,12151.34,0.0
USR0255,5846.62,630.08,10.78,3281.6,1934.93,56.13,Alta,Saludable,44686.33,0.0
USR0256,3189.55,298.63,9.36,2162.68,728.25,67.8,Alta,En observación,7764.87,0.0
USR0257,5555.42,2030.83,36.56,3713.85,-189.26,66.85,Nunca,En observación,4172.41,0.0
USR0258,5682.41,2883.66,50.75,3848.51,-1049.76,67.73,Nunca,En riesgo,3994.66,0.0
USR0259,5568.67,964.95,17.33,4275.52,328.21,76.78,Baja,En observación,5007.73,0.0
USR0260,6400.32,1298.43,20.29,5094.71,7.18,79.6,Baja,En riesgo,1565.83,0.0
USR0261,4904.45,1807.55,36.86,2604.64,492.26,53.11,Media,En observación,14803.07,0.0
USR0262,4224.71,483.12,11.44,2008.2,1733.39,47.53,Alta,Saludable,46233.52,0.0
USR0263,3562.91,1574.26,44.18,2785.12,-796.46,78.17,Nunca,En riesgo,2159.32,0.0
USR0264,2213.64,251.69,11.37,1305.64,656.32,58.98,Alta,Saludable,12744.41,0.0
USR0265,3429.27,730.3,21.3,2321.52,377.45,67.7,Media,En observación,5328.37,0.0
USR0266,4297.98,579.65,13.49,3907.1,-188.77,90.91,Nunca,En riesgo,3320.04,0.0
USR0267,2243.12,531.84,23.71,1238.64,472.64,55.22,Alta,En observación,4757.66,0.0
USR0268,6498.47,124.04,1.91,2790.01,3584.42,42.93,Alta,Saludable,78911.93,0.0
USR0269,2209.77,406.68,18.4,1185.3,617.79,53.64,Alta,Saludable,19011.5,0.0
USR0270,4725.27,1000.0,21.16,3278.07,447.2,69.37,Baja,En observación,13437.28,0.0
USR0271,4027.67,527.28,13.09,3868.92,-368.53,96.06,Nunca,En riesgo,2342.89,0.0
USR0272,4465.22,841.92,18.86,2675.72,947.58,59.92,Alta,Saludable,18714.85,0.0
USR0273,1843.53,286.99,15.57,1076.11,480.43,58.37,Alta,Saludable,17602.52,0.0
USR0274,3557.95,469.73,13.2,2586.61,501.61,72.7,Media,En observación,5924.52,0.0
USR0275,5326.48,1601.49,30.07,4259.64,-534.65,79.97,Nunca,En riesgo,284.3,0.0
USR0276,3142.04,1207.66,38.44,1692.32,242.06,53.86,Baja,En observación,4010.33,0.0
USR0277,4627.22,1048.97,22.67,3205.66,372.6,69.28,Baja,En observación,12056.01,0.0
USR0278,4494.06,1566.94,34.87,3664.22,-737.1,81.53,Nunca,En riesgo,2686.45,0.0
USR0279,1796.66,337.17,18.77,1245.02,214.47,69.3,Media,En observación,1857.08,0.0
USR0280,5452.3,765.39,14.04,3644.84,1042.07,66.85,Media,En observación,19594.73,0.0
USR0281,3317.36,738.03,22.25,2496.67,82.65,75.26,Baja,En riesgo,0.0,0.0
USR0282,3204.21,510.25,15.92,1839.24,854.72,57.4,Alta,Saludable,18535.21,0.0
USR0283,2884.88,551.28,19.11,2176.95,156.65,75.46,Baja,En observación,5279.02,0.0
USR0284,5718.08,717.87,12.55,2784.9,2215.31,48.7,Alta,Saludable,66537.77,0.0
USR0285,3449.29,645.38,18.71,2600.77,203.14,75.4,Baja,En observación,4711.29,0.0
USR0286,5889.86,92.82,1.58,2931.09,2865.95,49.76,Alta,Saludable,47871.48,0.0
USR0287,2967.82,542.37,18.28,1821.11,604.33,61.36,Alta,En observación,11008.91,0.0
USR0288,6236.53,1237.44,19.84,4687.35,311.75,75.16,Baja,En riesgo,4693.06,0.0
USR0289,2448.54,649.09,26.51,1888.87,-89.42,77.14,Nunca,En riesgo,337.26,0.0
USR0290,3275.46,663.52,20.26,2662.81,-50.88,81.3,Nunca,En riesgo,0.0,0.0
USR0291,4025.0,969.17,24.08,2785.94,269.89,69.22,Baja,En observación,5842.68,0.0
USR0292,2962.32,669.93,22.62,1671.89,620.5,56.44,Alta,En observación,9191.53,0.0
USR0293,4764.99,630.21,13.23,2123.08,2011.71,44.56,Alta,Saludable,30091.89,0.0
USR0294,1279.34,136.81,10.69,1167.15,-24.62,91.23,Nunca,En riesgo,0.0,0.0
USR0295,1728.6,334.47,19.35,1258.77,135.36,72.82,Baja,En observación,1569.42,0.0
USR0296,3922.49,559.83,14.27,3071.25,291.41,78.3,Baja,En observación,7176.61,0.0
USR0297,3469.31,1349.15,38.89,2244.28,-124.13,64.69,Nunca,En observación,3949.87,0.0
USR0298,4576.85,996.35,21.77,3193.87,386.64,69.78,Baja,En observación,5374.14,0.0
USR0299,5069.81,1082.2,21.35,3978.49,9.12,78.47,Baja,En riesgo,2584.96,0.0
USR0300,2823.81,236.24,8.37,1029.76,1557.81,36.47,Alta,Saludable,19816.36,0.0
USR0301,4348.12,735.86,16.92,2581.19,1031.07,59.36,Alta,Saludable,36743.92,0.0
USR0302,6361.48,647.16,10.17,5959.84,-245.52,93.69,Nunca,En riesgo,1090.67,0.0
USR0303,5425.35,555.67,10.24,4770.36,99.32,87.93,Baja,En riesgo,4267.1,0.0
USR0304,3706.77,554.9,14.97,2088.51,1063.35,56.34,Alta,Saludable,26798.63,0.0
USR0305,5122.16,677.63,13.23,3404.58,1039.95,66.47,Alta,En observación,15289.15,0.0
USR0306,3534.58,626.4,17.72,1916.06,992.12,54.21,Alta,Saludable,15156.27,0.0
USR0307,5390.79,871.34,16.16,3665.35,854.1,67.99,Media,En observación,12797.67,0.0
USR0308,1714.19,618.56,36.08,1081.74,13.89,63.11,Baja,En observación,3958.67,0.0
USR0309,5323.98,284.84,5.35,2380.96,2658.18,44.72,Alta,Saludable,36310.65,0.0
USR0310,3576.96,608.38,17.01,2006.46,962.12,56.09,Alta,Saludable,28066.63,0.0
USR0311,5649.09,1339.12,23.71,4404.63,-94.66,77.97,Nunca,En riesgo,3408.05,0.0
USR0312,3626.29,1911.58,52.71,2739.51,-1024.81,75.55,Nunca,En riesgo,1388.35,0.0
USR0313,5583.84,316.47,5.67,2282.48,2984.89,40.88,Alta,Saludable,42886.34,0.0
USR0314,3141.6,459.64,14.63,1712.2,969.75,54.5,Alta,Saludable,27258.45,0.0
USR0315,3887.42,1109.98,28.55,2993.32,-215.88,77.0,Nunca,En riesgo,1104.24,0.0
USR0316,3744.03,1308.83,34.96,2421.71,13.49,64.68,Baja,En observación,8780.36,0.0
USR0317,4260.02,715.08,16.79,3590.73,-45.79,84.29,Nunca,En riesgo,1381.31,0.0
USR0318,2792.6,1090.68,39.06,1583.64,118.28,56.71,Baja,En observación,4502.25,0.0
USR0319,6384.62,770.67,12.07,3317.59,2296.35,51.96,Alta,Saludable,42253.7,0.0
USR0320,4808.38,933.06,19.4,3617.0,258.32,75.22,Baja,En observación,3287.35,0.0
USR0321,6274.85,1149.44,18.32,4711.0,414.42,75.08,Baja,En observación,6622.57,0.0
USR0322,2684.21,538.34,20.06,1767.69,378.18,65.86,Media,En observación,7455.82,0.0
USR0323,5139.29,1008.3,19.62,2780.11,1350.89,54.1,Alta,Saludable,40127.47,0.0
USR0324,2597.09,314.97,12.13,1373.13,908.98,52.87,Alta,Saludable,27134.53,0.0
USR0325,4456.94,494.25,11.09,1808.39,2154.29,40.57,Alta,Saludable,56825.57,0.0
USR0326,6564.99,1697.18,25.85,5471.12,-603.32,83.34,Nunca,En riesgo,0.0,0.0
USR0327,2265.85,605.12,26.71,1843.93,-183.2,81.38,Nunca,En riesgo,1005.39,0.0
USR0328,4442.99,1860.7,41.88,2322.68,259.6,52.28,Baja,En riesgo,2155.25,0.0
USR0329,5659.92,206.56,3.65,2828.35,2625.01,49.97,Alta,Saludable,32474.8,0.0
USR0330,5183.91,1925.14,37.14,4107.81,-849.04,79.24,Nunca,En riesgo,3508.05,0.0
USR0331,5664.8,2670.8,47.15,2871.68,122.32,50.69,Baja,En riesgo,684.92,0.0
USR0332,3762.77,865.36,23.0,2875.35,22.05,76.42,Baja,En riesgo,1838.82,0.0
USR0333,4068.73,1086.16,26.7,2898.65,83.93,71.24,Baja,En observación,6348.29,0.0
USR0334,2892.06,723.96,25.03,2310.56,-142.46,79.89,Nunca,En riesgo,0.0,0.0
USR0335,4442.87,1795.07,40.4,2851.31,-203.51,64.18,Nunca,En riesgo,2020.05,0.0
USR0336,5295.93,958.48,18.1,4318.28,19.17,81.54,Baja,En riesgo,312.8,0.0
USR0337,6553.15,2605.67,39.76,3617.67,329.81,55.21,Baja,En observación,5230.54,0.0
USR0338,1603.54,301.87,18.83,903.64,398.03,56.35,Alta,Saludable,15739.66,0.0
USR0339,6018.11,2003.02,33.28,5014.36,-999.28,83.32,Nunca,En riesgo,2521.03,0.0
USR0340,5606.82,535.08,9.54,3498.23,1573.52,62.39,Alta,En observación,21579.74,0.0
USR0341,6357.73,1527.7,24.03,5119.27,-289.24,80.52,Nunca,En riesgo,0.0,0.0
USR0342,1665.14,81.43,4.89,843.18,740.53,50.64,Alta,Saludable,15066.27,0.0
USR0343,3911.63,626.24,16.01,3534.81,-249.42,90.37,Nunca,En riesgo,1895.44,0.0
USR0344,3696.22,804.64,21.77,2729.82,161.76,73.85,Baja,En observación,4246.93,0.0
USR0345,3535.66,263.29,7.45,2247.28,1025.1,63.56,Alta,En observación,4324.36,0.0
USR0346,6294.42,320.38,5.09,3813.03,2161.01,60.58,Alta,En observación,23691.96,0.0
USR0347,3484.38,62.83,1.8,1850.29,1571.26,53.1,Alta,Saludable,22467.01,0.0
USR0348,5304.39,481.16,9.07,2355.36,2467.87,44.4,Alta,Saludable,39326.63,0.0
USR0349,3316.34,287.12,8.66,1799.98,1229.23,54.28,Alta,Saludable,26381.32,0.0
USR0350,1759.11,635.69,36.14,1437.81,-314.38,81.73,Nunca,En riesgo,0.0,0.0
USR0351,2233.63,439.53,19.68,1374.89,419.2,61.55,Media,En observación,7024.83,0.0
USR0352,6675.81,533.31,7.99,3749.08,2393.42,56.16,Alta,Saludable,63712.45,0.0
USR0353,2564.81,992.18,38.68,2121.12,-548.48,82.7,Nunca,En riesgo,561.82,0.0
USR0354,2749.25,738.59,26.87,2151.23,-140.58,78.25,Nunca,En riesgo,952.2,0.0
USR0355,6264.95,341.51,5.45,3138.12,2785.31,50.09,Alta,Saludable,51359.81,0.0
USR0356,3213.97,906.81,28.21,2542.58,-235.42,79.11,Nunca,En riesgo,1269.32,0.0
USR0357,6750.47,1519.93,22.52,5896.26,-665.73,87.35,Nunca,En riesgo,5252.6,0.0
USR0358,4615.26,298.32,6.46,3106.22,1210.72,67.3,Alta,En observación,18320.71,0.0
USR0359,3187.77,987.37,30.97,2768.56,-568.16,86.85,Nunca,En riesgo,1190.52,0.0
USR0360,3287.68,362.91,11.04,1371.46,1553.31,41.72,Alta,Saludable,30150.15,0.0
USR0361,2771.46,1282.73,46.28,2176.2,-687.48,78.52,Nunca,En riesgo,1453.22,0.0
USR0362,4621.94,530.36,11.47,4077.41,14.17,88.22,Baja,En riesgo,0.0,0.0
USR0363,3999.91,1085.64,27.14,2729.58,184.69,68.24,Baja,En observación,8817.15,0.0
USR0364,2071.87,440.04,21.24,1352.62,279.21,65.28,Media,En observación,3844.5,0.0
USR0365,1982.06,404.19,20.39,1333.58,244.29,67.28,Media,En observación,6043.46,0.0
USR0366,3994.08,453.18,11.35,1716.68,1824.22,42.98,Alta,Saludable,34956.92,0.0
USR0367,2432.18,289.25,11.89,2113.39,29.53,86.89,Baja,En riesgo,0.0,0.0
USR0368,5487.52,1178.2,21.47,3170.41,1138.91,57.77,Alta,En observación,14011.36,0.0
USR0369,3357.29,1173.52,34.95,1641.88,541.89,48.91,Media,En observación,6235.88,0.0
USR0370,5166.66,128.69,2.49,2328.71,2709.26,45.07,Alta,Saludable,50809.03,0.0
USR0371,5133.0,495.11,9.65,3407.33,1230.56,66.38,Alta,En observación,16565.96,0.0
USR0372,5527.99,1746.38,31.59,4623.38,-841.77,83.64,Nunca,En riesgo,1522.96,0.0
USR0373,3385.57,498.24,14.72,2267.96,619.37,66.99,Media,En observación,8196.56,0.0
USR0374,2739.63,471.1,17.2,1572.43,696.11,57.4,Alta,Saludable,17425.7,0.0
USR0375,5790.06,578.59,9.99,2946.51,2264.96,50.89,Alta,Saludable,58017.53,0.0
USR0376,3678.87,433.29,11.78,2360.76,884.82,64.17,Alta,En observación,6454.2,0.0
USR0377,5380.81,757.69,14.08,2950.6,1672.52,54.84,Alta,Saludable,35865.32,0.0
USR0378,6976.66,373.56,5.35,3274.94,3328.16,46.94,Alta,Saludable,93551.84,0.0
USR0379,2010.53,797.74,39.68,1447.61,-234.81,72.0,Nunca,En observación,1451.93,0.0
USR0380,6811.2,969.28,14.23,2922.23,2919.69,42.9,Alta,Saludable,44084.4,0.0
USR0381,2650.22,326.61,12.32,1362.67,960.93,51.42,Alta,Saludable,20381.68,0.0
USR0382,2385.55,139.63,5.85,1069.01,1176.9,44.81,Alta,Saludable,33170.6,0.0
USR0383,4842.2,1910.98,39.47,2776.31,154.91,57.34,Baja,En observación,7514.88,0.0
USR0384,3115.35,808.12,25.94,2144.77,162.46,68.85,Baja,En observación,3389.3,0.0
USR0385,3318.08,599.88,18.08,2128.85,589.35,64.16,Media,En observación,9777.52,0.0
USR0386,3153.84,255.41,8.1,2814.76,83.66,89.25,Baja,En riesgo,0.0,0.0
USR0387,5374.93,1232.1,22.92,4616.52,-473.7,85.89,Nunca,En riesgo,3803.49,0.0
USR0388,1584.53,326.23,20.59,1182.48,75.82,74.63,Baja,En observación,3233.09,0.0
USR0389,5196.87,1025.12,19.73,4049.92,121.83,77.93,Baja,En riesgo,3317.53,0.0
USR0390,3388.53,555.06,16.38,1844.88,988.59,54.44,Alta,Saludable,20327.81,0.0
USR0391,2559.6,575.08,22.47,2035.3,-50.78,79.52,Nunca,En riesgo,151.39,0.0
USR0392,2105.23,575.37,27.33,1417.6,112.26,67.34,Baja,En observación,2547.95,0.0
USR0393,1381.63,395.04,28.59,1083.12,-96.53,78.39,Nunca,En riesgo,467.96,0.0
USR0394,2541.73,536.0,21.09,1824.6,181.13,71.79,Baja,En observación,4466.44,0.0
USR0395,6194.65,759.14,12.25,3525.99,1909.52,56.92,Alta,Saludable,45353.2,0.0
USR0396,1801.04,92.29,5.12,1202.58,506.18,66.77,Alta,En observación,2810.77,0.0
USR0397,2897.56,556.15,19.19,2052.67,288.75,70.84,Baja,En observación,3151.67,0.0
USR0398,6487.01,1283.28,19.78,3974.29,1229.45,61.27,Media,En observación,11712.33,0.0
USR0399,4726.42,221.24,4.68,2423.24,2081.93,51.27,Alta,Saludable,44734.31,0.0
USR0400,4987.95,812.82,16.3,3604.26,570.87,72.26,Media,En observación,5906.97,0.0
USR0401,5720.13,1115.37,19.5,3322.09,1282.67,58.08,Alta,Saludable,31075.81,0.0
USR0402,2359.58,338.3,14.34,1707.91,313.38,72.38,Media,En observación,6379.55,0.0
USR0403,3327.78,444.45,13.36,2497.44,385.89,75.05,Media,En observación,10511.87,0.0
USR0404,5734.4,1041.61,18.16,4555.77,137.01,79.45,Baja,En riesgo,2631.0,0.0
USR0405,3022.19,773.74,25.6,2427.84,-179.39,80.33,Nunca,En riesgo,0.0,0.0
USR0406,2245.54,88.94,3.96,1144.16,1012.43,50.95,Alta,Saludable,29564.16,0.0
USR0407,3584.54,734.64,20.49,2659.6,190.3,74.2,Baja,En observación,6568.75,0.0
USR0408,1758.55,335.85,19.1,1531.82,-109.13,87.11,Nunca,En riesgo,197.16,0.0
USR0409,5043.77,1058.29,20.98,3904.56,80.92,77.41,Baja,En riesgo,1344.27,0.0
USR0410,1881.71,870.37,46.25,1290.57,-279.24,68.59,Nunca,En riesgo,932.49,0.0
USR0411,4614.15,413.52,8.96,1956.56,2244.07,42.4,Alta,Saludable,35519.31,0.0
USR0412,6045.46,1435.99,23.75,4304.54,304.93,71.2,Baja,En observación,4723.11,0.0
USR0413,5812.82,750.43,12.91,4082.71,979.68,70.24,Media,En observación,10735.61,0.0
USR0414,6912.45,773.49,11.19,3755.88,2383.08,54.34,Alta,Saludable,35987.18,0.0
USR0415,4180.94,391.74,9.37,3847.65,-58.44,92.03,Nunca,En riesgo,474.78,0.0
USR0416,3635.78,526.95,14.49,3140.47,-31.64,86.38,Nunca,En riesgo,904.76,0.0
USR0417,3342.56,566.89,16.96,2525.62,250.04,75.56,Baja,En observación,7054.95,0.0
USR0418,3475.5,686.91,19.76,2161.27,627.32,62.19,Media,En observación,8413.22,0.0
USR0419,2234.9,535.6,23.97,1914.01,-214.7,85.64,Nunca,En riesgo,300.14,0.0
USR0420,2036.86,677.35,33.25,1500.68,-141.17,73.68,Nunca,En observación,4899.55,0.0
USR0421,2755.57,499.96,18.14,1698.92,556.69,61.65,Alta,En observación,8169.54,0.0
USR0422,2818.84,439.54,15.59,1740.57,638.73,61.75,Alta,En observación,5107.52,0.0
USR0423,4932.08,1277.35,25.9,3589.0,65.74,72.77,Baja,En observación,9997.89,0.0
USR0424,1767.45,227.52,12.87,1568.38,-28.44,88.74,Nunca,En riesgo,861.32,0.0
USR0425,2613.45,552.72,21.15,1668.78,391.95,63.85,Media,En observación,4308.76,0.0
USR0426,3545.68,634.82,17.9,2575.87,334.98,72.65,Baja,En observación,4687.28,0.0
USR0427,5876.64,844.0,14.36,4780.49,252.15,81.35,Baja,En riesgo,0.0,0.0
USR0428,3103.78,421.0,13.56,2283.01,399.77,73.56,Media,En observación,5201.96,0.0
USR0429,3300.59,201.46,6.1,1493.19,1605.94,45.24,Alta,Saludable,46398.56,0.0
USR0430,4657.42,205.65,4.42,2210.21,2241.56,47.46,Alta,Saludable,42819.92,0.0
USR0431,1635.5,102.16,6.25,1060.64,472.7,64.85,Alta,En observación,4130.34,0.0
USR0432,2779.21,302.94,10.9,1190.56,1285.71,42.84,Alta,Saludable,19769.06,0.0
USR0433,2560.18,407.33,15.91,1327.25,825.6,51.84,Alta,Saludable,22043.92,0.0
USR0434,4338.0,990.44,22.83,3639.24,-291.68,83.89,Nunca,En riesgo,918.27,0.0
USR0435,6477.7,54.73,0.84,3419.29,3003.68,52.79,Alta,Saludable,69265.49,0.0
USR0436,4212.61,1705.06,40.48,3415.19,-907.64,81.07,Nunca,En riesgo,3106.06,0.0
USR0437,2249.09,464.15,20.64,1828.72,-43.78,81.31,Nunca,En riesgo,1472.96,0.0
USR0438,3845.23,750.32,19.51,2906.94,187.97,75.6,Baja,En riesgo,1533.43,0.0
USR0439,1741.99,279.12,16.02,1025.69,437.18,58.88,Alta,Saludable,9829.09,0.0
USR0440,6439.24,536.14,8.33,5864.21,38.89,91.07,Baja,En riesgo,0.0,0.0
USR0441,3341.1,567.89,17.0,2735.5,37.71,81.87,Baja,En riesgo,903.68,0.0
USR0442,4765.69,1239.76,26.01,4009.5,-483.57,84.13,Nunca,En riesgo,2591.29,0.0
USR0443,1863.19,311.8,16.73,1313.68,237.71,70.51,Media,En observación,5133.64,0.0
USR0444,4629.14,772.3,16.68,2608.18,1248.66,56.34,Alta,Saludable,37312.57,0.0
USR0445,4271.12,2163.16,50.65,2312.02,-204.06,54.13,Nunca,En riesgo,1032.54,0.0
USR0446,1960.67,337.02,17.19,1103.26,520.38,56.27,Alta,Saludable,14605.88,0.0
USR0447,2808.52,498.28,17.74,2118.44,191.8,75.43,Baja,En observación,6129.8,0.0
USR0448,4996.08,2369.07,47.42,4182.18,-1555.17,83.71,Nunca,En riesgo,2469.07,0.0
USR0449,6731.87,1170.81,17.39,6402.13,-841.07,95.1,Nunca,En riesgo,4516.68,0.0
USR0450,3124.22,636.59,20.38,1924.09,563.54,61.59,Media,En observación,10014.4,0.0
USR0451,4224.12,1451.7,34.37,3490.86,-718.44,82.64,Nunca,En riesgo,1802.43,0.0
USR0452,3734.58,677.92,18.15,2472.28,584.37,66.2,Media,En observación,5637.63,0.0
USR0453,2874.42,1159.1,40.32,1963.92,-248.59,68.32,Nunca,En riesgo,837.32,0.0
USR0454,2169.85,999.09,46.04,1659.74,-488.98,76.49,Nunca,En riesgo,258.89,0.0
USR0455,5925.96,2598.16,43.84,5159.74,-1831.94,87.07,Nunca,En riesgo,2725.13,0.0
USR0456,4183.68,1552.9,37.12,2366.93,263.85,56.58,Baja,En observación,7081.83,0.0
USR0457,5044.89,1010.44,20.03,2793.85,1240.6,55.38,Alta,En observación,15201.44,0.0
USR0458,4277.07,1936.19,45.27,3148.7,-807.82,73.62,Nunca,En riesgo,2140.07,0.0
USR0459,1808.67,310.04,17.14,992.35,506.27,54.87,Alta,Saludable,10685.25,0.0
USR0460,1841.84,319.47,17.35,1211.67,310.69,65.79,Media,En observación,6953.64,0.0
USR0461,5702.36,1159.23,20.33,3327.28,1215.85,58.35,Alta,En observación,11695.08,0.0
USR0462,5238.7,1608.01,30.69,4824.0,-1193.31,92.08,Nunca,En riesgo,1017.44,0.0
USR0463,2668.52,281.26,10.54,1293.37,1093.89,48.47,Alta,Saludable,26535.47,0.0
USR0464,2262.3,421.21,18.62,1783.3,57.8,78.83,Baja,En riesgo,767.47,0.0
USR0465,5723.54,607.47,10.61,3831.79,1284.28,66.95,Alta,En observación,19845.31,0.0
USR0466,6158.64,712.05,11.56,2459.65,2986.93,39.94,Alta,Saludable,62841.04,0.0
USR0467,3093.45,502.99,16.26,1874.12,716.34,60.58,Alta,En observación,4443.33,0.0
USR0468,2298.34,425.52,18.51,1333.16,539.66,58.01,Alta,Saludable,15812.57,0.0
USR0469,2572.32,897.14,34.88,2210.24,-535.06,85.92,Nunca,En riesgo,0.0,0.0
USR0470,6053.62,1252.65,20.69,5215.21,-414.24,86.15,Nunca,En riesgo,3020.84,0.0
USR0471,3093.97,262.81,8.49,1934.63,896.53,62.53,Alta,En observación,6887.47,0.0
USR0472,2924.32,650.7,22.25,1998.52,275.1,68.34,Baja,En observación,6102.51,0.0
USR0473,3237.81,904.45,27.93,2413.35,-79.99,74.54,Nunca,En observación,2567.86,0.0
USR0474,4305.1,939.95,21.83,2843.46,521.69,66.05,Media,En observación,9649.38,0.0
USR0475,3550.64,1290.88,36.36,2882.01,-622.25,81.17,Nunca,En riesgo,2435.07,0.0
USR0476,3180.23,674.94,21.22,2084.66,420.63,65.55,Media,En observación,9976.1,0.0
USR0477,4558.03,465.6,10.21,3902.51,189.92,85.62,Baja,En riesgo,1475.17,0.0
USR0478,3603.38,274.29,7.61,2554.82,774.27,70.9,Alta,En observación,12023.15,0.0
USR0479,2684.27,377.82,14.08,1206.69,1099.76,44.95,Alta,Saludable,22608.18,0.0
USR0480,2807.77,1151.69,41.02,2199.4,-543.32,78.33,Nunca,En riesgo,2058.27,0.0
USR0481,6325.12,479.3,7.58,3813.63,2032.2,60.29,Alta,En observación,19368.82,0.0
USR0482,2048.9,85.43,4.17,1156.48,806.99,56.44,Alta,Saludable,18973.59,0.0
USR0483,2684.07,289.83,10.8,1013.05,1381.19,37.74,Alta,Saludable,23515.84,0.0
USR0484,4806.44,865.56,18.01,3745.93,194.95,77.94,Baja,En riesgo,2803.58,0.0
USR0485,3509.48,606.86,17.29,2824.38,78.25,80.48,Baja,En riesgo,730.83,0.0
USR0486,6496.49,2651.22,40.81,3701.0,144.27,56.97,Baja,En riesgo,3649.95,0.0
USR0487,1966.41,558.92,28.42,1393.42,14.07,70.86,Baja,En observación,1250.06,0.0
USR0488,6114.88,340.14,5.56,5465.18,309.56,89.38,Baja,En observación,6336.22,0.0
USR0489,2228.28,440.03,19.75,1518.63,269.62,68.15,Media,En observación,2217.38,0.0
USR0490,2110.7,477.14,22.61,1350.74,282.82,64.0,Media,En observación,5936.51,0.0
USR0491,1672.92,560.22,33.49,1486.15,-373.45,88.84,Nunca,En riesgo,214.77,0.0
USR0492,5153.14,539.47,10.47,4676.58,-62.91,90.75,Nunca,En riesgo,2133.64,0.0
USR0493,3960.1,556.7,14.06,1992.59,1410.8,50.32,Alta,Saludable,33050.42,0.0
USR0494,5366.89,1024.71,19.09,3094.74,1247.44,57.66,Alta,Saludable,34888.36,0.0
USR0495,3694.62,989.75,26.79,2981.14,-276.27,80.69,Nunca,En riesgo,0.0,0.0
USR0496,4516.4,839.54,18.59,2866.2,810.67,63.46,Media,En observación,4521.54,0.0
USR0497,1671.71,266.54,15.94,870.58,534.59,52.08,Alta,Saludable,10268.74,0.0
USR0498,4924.66,1039.92,21.12,3056.34,828.4,62.06,Media,En observación,12113.86,0.0
USR0499,4225.47,2107.98,49.89,3649.27,-1531.78,86.36,Nunca,En riesgo,2619.45,0.0
USR0500,4849.35,1059.31,21.84,3437.02,353.01,70.88,Baja,En observación,10318.1,0.0
USR0501,4133.15,711.71,17.22,2678.47,742.97,64.8,Media,En observación,10055.9,0.0
USR0502,2895.65,402.88,13.91,1596.91,895.86,55.15,Alta,Saludable,20148.87,0.0
USR0503,4180.86,1560.27,37.32,3101.4,-480.81,74.18,Nunca,En observación,8047.45,0.0
USR0504,2553.03,275.2,10.78,756.27,1521.56,29.62,Alta,Saludable,20928.62,0.0
USR0505,3432.56,1237.04,36.04,1784.24,411.28,51.98,Media,En observación,6882.78,0.0
USR0506,5896.66,556.25,9.43,3659.8,1680.61,62.07,Alta,En observación,23815.36,0.0
USR0507,4139.48,144.71,3.5,4117.3,-122.53,99.46,Nunca,En riesgo,1633.0,0.0
USR0508,6149.78,583.65,9.49,3483.71,2082.42,56.65,Alta,Saludable,46773.83,0.0
USR0509,2633.61,1196.12,45.42,1326.52,110.98,50.37,Baja,En riesgo,1063.5,0.0
USR0510,5085.11,973.38,19.14,3995.66,116.07,78.58,Baja,En riesgo,970.03,0.0
USR0511,3079.56,863.13,28.03,2381.73,-165.3,77.34,Nunca,En riesgo,338.24,0.0
USR0512,3547.49,653.22,18.41,2160.22,734.05,60.89,Alta,En observación,7947.53,0.0
USR0513,2578.1,1326.35,51.45,1403.17,-151.42,54.43,Nunca,En riesgo,1822.82,0.0
USR0514,5166.14,705.32,13.65,2804.03,1656.79,54.28,Alta,Saludable,43029.18,0.0
USR0515,5096.3,850.23,16.68,2947.04,1299.03,57.83,Alta,Saludable,19422.05,0.0
USR0516,5042.4,2575.72,51.08,3788.26,-1321.58,75.13,Nunca,En riesgo,399.4,0.0
USR0517,6850.61,708.56,10.34,3742.23,2399.82,54.63,Alta,Saludable,48102.62,0.0
USR0518,2617.17,409.9,15.66,1827.11,380.16,69.81,Media,En observación,7308.08,0.0
USR0519,3017.57,432.47,14.33,1582.84,1002.26,52.45,Alta,Saludable,26845.9,0.0
USR0520,6001.9,663.33,11.05,5401.84,-63.27,90.0,Nunca,En riesgo,3588.67,0.0
USR0521,4846.28,942.85,19.46,2842.3,1061.13,58.65,Alta,Saludable,24491.26,0.0
USR0522,4694.3,456.72,9.73,4092.94,144.64,87.19,Baja,En riesgo,0.0,0.0
USR0523,4484.95,763.47,17.02,3438.22,283.27,76.66,Baja,En observación,13022.25,0.0
USR0524,3028.21,88.38,2.92,1270.2,1669.63,41.95,Alta,Saludable,29259.1,0.0
USR0525,2026.05,169.26,8.35,1016.93,839.86,50.19,Alta,Saludable,13894.15,0.0
USR0526,5755.06,388.57,6.75,3157.72,2208.78,54.87,Alta,Saludable,47560.42,0.0
USR0527,2994.39,1153.45,38.52,2001.54,-160.6,66.84,Nunca,En observación,5873.68,0.0
USR0528,2463.36,315.2,12.8,1256.39,891.77,51.0,Alta,Saludable,21809.52,0.0
USR0529,3810.99,379.86,9.97,2163.18,1267.95,56.76,Alta,Saludable,36131.69,0.0
USR0530,2360.48,271.5,11.5,1636.49,452.49,69.33,Media,En observación,8114.93,0.0
USR0531,2594.29,453.35,17.47,2328.29,-187.35,89.75,Nunca,En riesgo,316.19,0.0
USR0532,1490.03,283.88,19.05,1213.98,-7.83,81.47,Nunca,En riesgo,0.0,0.0
USR0533,2190.01,413.24,18.87,1777.11,-0.34,81.15,Nunca,En riesgo,189.66,0.0
USR0534,6777.42,2820.23,41.61,3501.74,455.46,51.67,Baja,En riesgo,1767.13,0.0
USR0535,4645.35,961.2,20.69,2767.98,916.16,59.59,Media,En observación,18209.85,0.0
USR0536,2607.87,503.59,19.31,1742.97,361.3,66.84,Media,En observación,5732.88,0.0
USR0537,5398.86,469.04,8.69,3555.94,1373.87,65.86,Alta,En observación,12579.64,0.0
USR0538,6450.65,1133.96,17.58,4461.81,854.88,69.17,Media,En observación,9949.3,0.0
USR0539,2855.42,152.95,5.36,1719.14,983.34,60.21,Alta,En observación,7433.8,0.0
USR0540,2235.99,302.31,13.52,1219.39,714.29,54.53,Alta,Saludable,11254.11,0.0
USR0541,2082.53,890.43,42.76,1014.31,177.79,48.71,Baja,En riesgo,803.75,0.0
USR0542,5872.66,2345.97,39.95,4012.48,-485.78,68.32,Nunca,En observación,4645.69,0.0
USR0543,4208.12,223.5,5.31,2428.15,1556.47,57.7,Alta,Saludable,23368.14,0.0
USR0544,3098.97,172.92,5.58,1575.7,1350.35,50.85,Alta,Saludable,31227.29,0.0
USR0545,4398.97,226.85,5.16,2788.24,1383.88,63.38,Alta,En observación,19005.18,0.0
USR0546,3790.05,759.99,20.05,2774.98,255.08,73.22,Baja,En observación,8906.6,0.0
USR0547,3916.2,449.16,11.47,1923.86,1543.18,49.13,Alta,Saludable,36813.59,0.0
USR0548,1943.95,200.07,10.29,610.39,1133.49,31.4,Alta,Saludable,26067.41,0.0
USR0549,2948.87,208.17,7.06,2634.72,105.98,89.35,Baja,En riesgo,0.0,0.0
USR0550,3556.34,248.8,7.0,1946.11,1361.43,54.72,Alta,Saludable,22697.16,0.0
USR0551,3509.3,1502.12,42.8,2515.99,-508.81,71.69,Nunca,En riesgo,1060.55,0.0
USR0552,6520.84,861.58,13.21,5641.96,17.29,86.52,Baja,En riesgo,2266.26,0.0
USR0553,3545.7,644.4,18.17,2088.89,812.4,58.91,Alta,Saludable,26712.13,0.0
USR0554,3142.02,401.69,12.78,2051.02,689.31,65.28,Alta,En observación,10609.75,0.0
USR0555,1945.26,90.97,4.68,935.84,918.45,48.11,Alta,Saludable,14643.53,0.0
USR0556,5466.02,328.09,6.0,2959.88,2178.05,54.15,Alta,Saludable,60350.41,0.0
USR0557,3701.16,1894.18,51.18,2336.49,-529.5,63.13,Nunca,En riesgo,214.66,0.0
USR0558,4064.39,977.47,24.05,2750.94,335.98,67.68,Baja,En observación,6759.45,0.0
USR0559,3651.59,729.55,19.98,2883.31,38.73,78.96,Baja,En riesgo,223.57,0.0
USR0560,4750.59,91.29,1.92,2292.95,2366.36,48.27,Alta,Saludable,50506.23,0.0
USR0561,4634.34,294.14,6.35,3043.55,1296.65,65.67,Alta,En observación,14116.82,0.0
USR0562,1481.59,359.78,24.28,967.35,154.46,65.29,Media,En observación,3124.17,0.0
USR0563,1737.61,586.95,33.78,1072.77,77.89,61.74,Baja,En observación,3948.0,0.0
USR0564,2029.17,646.92,31.88,1566.44,-184.19,77.2,Nunca,En riesgo,364.18,0.0
USR0565,4302.27,191.71,4.46,2147.11,1963.45,49.91,Alta,Saludable,24969.07,0.0
USR0566,1808.72,385.4,21.31,1381.83,41.49,76.4,Baja,En riesgo,1266.37,0.0
USR0567,4010.51,906.84,22.61,2859.48,244.19,71.3,Baja,En observación,11082.99,0.0
USR0568,5318.7,2690.25,50.58,3280.33,-651.88,61.68,Nunca,En riesgo,287.9,0.0
USR0569,4755.4,2479.7,52.14,3493.31,-1217.61,73.46,Nunca,En riesgo,2269.92,0.0
USR0570,2822.47,381.93,13.53,1968.07,472.47,69.73,Media,En observación,5888.09,0.0
USR0571,3532.76,1558.09,44.1,2640.69,-666.02,74.75,Nunca,En riesgo,2228.28,0.0
USR0572,3155.97,563.12,17.84,1931.69,661.16,61.21,Alta,En observación,7243.55,0.0
USR0573,4884.2,1043.71,21.37,2991.81,848.68,61.25,Media,En observación,16343.25,0.0
USR0574,4362.66,1123.86,25.76,3160.28,78.53,72.44,Baja,En observación,9714.0,0.0
USR0575,3818.8,329.04,8.62,3395.85,93.91,88.92,Baja,En riesgo,0.0,0.0
USR0576,3757.98,215.84,5.74,2056.33,1485.8,54.72,Alta,Saludable,31228.71,0.0
USR0577,2970.64,1164.92,39.21,1766.07,39.65,59.45,Baja,En observación,7017.37,0.0
USR0578,3081.26,655.73,21.28,2081.94,343.59,67.57,Media,En observación,4097.15,0.0
USR0579,5505.7,114.12,2.07,2771.97,2619.61,50.35,Alta,Saludable,48536.21,0.0
USR0580,2284.28,116.76,5.11,1266.7,900.82,55.45,Alta,Saludable,18402.91,0.0
USR0581,1603.89,653.87,40.77,996.79,-46.77,62.15,Nunca,En riesgo,0.0,0.0
USR0582,2023.76,282.68,13.97,994.51,746.57,49.14,Alta,Saludable,9944.18,0.0
USR0583,3421.58,338.27,9.89,3241.97,-158.66,94.75,Nunca,En riesgo,2727.1,0.0
USR0584,4929.71,1076.38,21.83,3365.63,487.71,68.27,Baja,En observación,5553.83,0.0
USR0585,2043.6,132.9,6.5,1080.72,829.99,52.88,Alta,Saludable,21272.78,0.0
USR0586,2308.47,489.65,21.21,1466.82,352.01,63.54,Media,En observación,5004.15,0.0
USR0587,2976.95,450.97,15.15,2002.47,523.51,67.27,Media,En observación,11762.3,0.0
USR0588,4206.27,1524.87,36.25,3112.15,-430.75,73.99,Nunca,En observación,10343.29,0.0
USR0589,2428.79,330.16,13.59,2257.51,-158.88,92.95,Nunca,En riesgo,679.51,0.0
USR0590,6850.46,651.05,9.5,3302.24,2897.17,48.2,Alta,Saludable,62618.09,0.0
USR0591,2200.26,155.92,7.09,1382.25,662.09,62.82,Alta,En observación,7110.96,0.0
USR0592,3391.01,276.03,8.14,1916.68,1198.3,56.52,Alta,Saludable,28097.92,0.0
USR0593,4749.97,2732.49,57.53,2853.82,-836.34,60.08,Nunca,En riesgo,371.6,0.0
USR0594,6081.44,1109.14,18.24,3380.27,1592.03,55.58,Alta,Saludable,31062.76,0.0
USR0595,2826.46,598.83,21.19,1834.25,393.38,64.9,Media,En observación,5193.49,0.0
USR0596,6481.38,620.71,9.58,3636.13,2224.55,56.1,Alta,Saludable,45637.0,0.0
USR0597,4074.17,795.62,19.53,3182.21,96.34,78.11,Baja,En riesgo,2057.69,0.0
USR0598,3160.22,286.53,9.07,1533.31,1340.39,48.52,Alta,Saludable,34519.0,0.0
USR0599,4458.28,1047.96,23.51,3009.8,400.52,67.51,Baja,En observación,10023.58,0.0
USR0600,3454.59,623.86,18.06,1969.81,860.92,57.02,Alta,Saludable,19923.19,0.0
USR0601,1327.76,259.5,19.54,928.56,139.7,69.93,Media,En observación,2130.62,0.0
USR0602,4452.68,469.55,10.55,2185.83,1797.3,49.09,Alta,Saludable,32083.93,0.0
USR0603,2196.69,303.22,13.8,1431.39,462.08,65.16,Alta,En observación,4642.56,0.0
USR0604,2067.94,327.28,15.83,1364.89,375.77,66.0,Media,En observación,4401.15,0.0
USR0605,5421.6,344.61,6.36,3719.16,1357.83,68.6,Alta,En observación,10472.51,0.0
USR0606,3031.04,673.1,22.21,1859.13,498.81,61.34,Media,En observación,6284.78,0.0
USR0607,6013.29,1156.61,19.23,5459.53,-602.85,90.79,Nunca,En riesgo,2716.24,0.0
USR0608,3116.06,97.75,3.14,3121.82,-103.51,100.18,Nunca,En riesgo,1330.46,0.0
USR0609,4817.51,566.43,11.76,4214.92,36.16,87.49,Baja,En riesgo,1491.75,0.0
USR0610,4773.65,456.16,9.56,2932.99,1384.5,61.44,Alta,En observación,13931.59,0.0
USR0611,3598.1,165.18,4.59,967.34,2465.58,26.88,Alta,Saludable,39555.82,0.0
USR0612,1584.7,184.95,11.67,1062.19,337.55,67.03,Alta,En observación,4706.53,0.0
USR0613,4230.1,592.73,14.01,2677.71,959.66,63.3,Alta,En observación,17678.06,0.0
USR0614,4290.5,1978.47,46.11,3654.78,-1342.74,85.18,Nunca,En riesgo,2787.9,0.0
USR0615,3505.75,698.4,19.92,2199.94,607.41,62.75,Media,En observación,5212.08,0.0
USR0616,3587.31,442.58,12.34,3191.53,-46.79,88.97,Nunca,En riesgo,2649.97,0.0
USR0617,2540.18,338.62,13.33,1372.13,829.43,54.02,Alta,Saludable,21602.51,0.0
USR0618,2416.45,68.04,2.82,848.22,1500.19,35.1,Alta,Saludable,23916.67,0.0
USR0619,3166.97,863.46,27.26,2432.85,-129.34,76.82,Nunca,En riesgo,868.09,0.0
USR0620,4116.78,512.19,12.44,1881.4,1723.19,45.7,Alta,Saludable,43038.38,0.0
USR0621,1573.04,179.04,11.38,680.97,713.02,43.29,Alta,Saludable,13556.4,0.0
USR0622,4477.5,541.6,12.1,3091.18,844.73,69.04,Media,En observación,16079.68,0.0
USR0623,4625.63,588.86,12.73,2530.43,1506.34,54.7,Alta,Saludable,33112.48,0.0
USR0624,3749.47,801.43,21.37,2556.02,392.03,68.17,Media,En observación,8373.39,0.0
USR0625,4216.68,641.59,15.22,2680.36,894.73,63.57,Alta,En observación,13371.92,0.0
USR0626,1699.62,763.99,44.95,1473.32,-537.68,86.68,Nunca,En riesgo,1289.25,0.0
USR0627,2715.88,1137.18,41.87,1576.5,2.19,58.05,Baja,En riesgo,1276.02,0.0
USR0628,4818.68,469.66,9.75,2508.49,1840.52,52.06,Alta,Saludable,49452.69,0.0
USR0629,3879.03,230.74,5.95,1995.29,1653.0,51.44,Alta,Saludable,41605.15,0.0
USR0630,5095.71,1347.53,26.44,4062.15,-313.97,79.72,Nunca,En riesgo,3400.68,0.0
USR0631,5335.09,1205.3,22.59,4082.88,46.9,76.53,Baja,En riesgo,4041.2,0.0
USR0632,2453.32,946.21,38.57,1599.08,-91.96,65.18,Nunca,En observación,1771.94,0.0
USR0633,6998.83,1511.03,21.59,5849.9,-362.1,83.58,Nunca,En riesgo,355.2,0.0
USR0634,5767.66,268.97,4.66,2661.8,2836.89,46.15,Alta,Saludable,49365.1,0.0
USR0635,3338.21,1351.53,40.49,1798.71,187.98,53.88,Baja,En riesgo,0.0,0.0
USR0636,6975.67,454.79,6.52,3107.25,3413.63,44.54,Alta,Saludable,84172.6,0.0
USR0637,4304.81,675.68,15.7,2860.3,768.82,66.44,Media,En observación,14396.58,0.0
USR0638,6118.52,299.17,4.89,5519.62,299.74,90.21,Baja,En riesgo,4490.15,0.0
USR0639,1898.43,286.25,15.08,1778.55,-166.38,93.69,Nunca,En riesgo,868.06,0.0
USR0640,5588.41,579.58,10.37,3635.99,1372.84,65.06,Alta,En observación,17352.05,0.0
USR0641,1398.06,354.14,25.33,1017.63,26.28,72.79,Baja,En observación,2895.96,0.0
USR0642,6817.55,1356.01,19.89,3900.71,1560.83,57.22,Alta,Saludable,48592.96,0.0
USR0643,2605.82,247.44,9.5,1201.31,1157.06,46.1,Alta,Saludable,26895.82,0.0
USR0644,4226.07,361.04,8.54,2562.57,1302.46,60.64,Alta,En observación,9582.09,0.0
USR0645,2154.69,438.05,20.33,1646.77,69.88,76.43,Baja,En riesgo,949.05,0.0
USR0646,6683.07,1374.13,20.56,4750.56,558.38,71.08,Baja,En observación,17436.85,0.0
USR0647,1633.97,602.33,36.86,936.15,95.49,57.29,Baja,En observación,1796.03,0.0
USR0648,4761.66,1093.1,22.96,2731.83,936.73,57.37,Media,En observación,14380.74,0.0
USR0649,2330.07,335.7,14.41,1667.88,326.49,71.58,Media,En observación,4737.03,0.0
USR0650,2243.18,306.42,13.66,1586.99,349.78,70.75,Media,En observación,5670.26,0.0
USR0651,2329.96,847.16,36.36,1645.4,-162.6,70.62,Nunca,En observación,2979.16,0.0
USR0652,2462.16,408.56,16.59,1929.87,123.72,78.38,Baja,En observación,5764.19,0.0
USR0653,5480.28,523.69,9.56,2595.75,2360.84,47.37,Alta,Saludable,63366.76,0.0
USR0654,1927.34,500.46,25.97,1240.07,186.82,64.34,Baja,En observación,5620.74,0.0
USR0655,3212.57,554.84,17.27,2345.04,312.7,73.0,Baja,En observación,2872.42,0.0
USR0656,2572.88,618.7,24.05,1806.54,147.64,70.21,Baja,En observación,3731.98,0.0
USR0657,2811.87,472.78,16.81,2020.63,318.46,71.86,Media,En observación,4775.96,0.0
USR0658,6510.0,799.41,12.28,3747.75,1962.84,57.57,Alta,Saludable,44160.43,0.0
USR0659,5222.72,391.03,7.49,3548.9,1282.78,67.95,Alta,En observación,22726.65,0.0
USR0660,3837.65,232.34,6.05,1783.29,1822.02,46.47,Alta,Saludable,35411.05,0.0
USR0661,4345.56,1845.29,42.46,2487.6,12.66,57.24,Baja,En riesgo,2286.58,0.0
USR0662,3703.52,1974.13,53.3,2338.32,-608.93,63.14,Nunca,En riesgo,0.0,0.0
USR0663,4159.27,1219.07,29.31,3406.4,-466.19,81.9,Nunca,En riesgo,361.78,0.0
USR0664,4877.15,521.03,10.68,3153.19,1202.93,64.65,Alta,En observación,14732.13,0.0
USR0665,6238.46,328.0,5.26,2660.66,3249.8,42.65,Alta,Saludable,60245.15,0.0
USR0666,4651.88,432.14,9.29,3154.1,1065.64,67.8,Alta,En observación,13220.77,0.0
USR0667,1444.0,369.2,25.57,987.69,87.11,68.4,Baja,En observación,2584.16,0.0
USR0668,2793.25,727.3,26.04,2107.54,-41.6,75.45,Nunca,En riesgo,1079.62,0.0
USR0669,2839.7,1182.22,41.63,2313.33,-655.85,81.46,Nunca,En riesgo,721.85,0.0
USR0670,2820.36,91.36,3.24,2722.36,6.64,96.53,Baja,En riesgo,1564.45,0.0
USR0671,2275.88,452.66,19.89,1399.73,423.49,61.5,Media,En observación,8399.5,0.0
USR0672,6120.16,1036.67,16.94,3483.75,1599.73,56.92,Alta,Saludable,41730.71,0.0
USR0673,3481.67,163.73,4.7,1818.17,1499.77,52.22,Alta,Saludable,24067.53,0.0
USR0674,3320.22,212.38,6.4,2969.93,137.91,89.45,Baja,En riesgo,1149.18,0.0
USR0675,5866.35,2263.32,38.58,3998.12,-395.09,68.15,Nunca,En observación,11153.62,0.0
USR0676,2779.91,538.39,19.37,2216.22,25.3,79.72,Baja,En riesgo,1887.43,0.0
USR0677,1582.56,144.93,9.16,1407.45,30.18,88.93,Baja,En riesgo,348.49,0.0
USR0678,5190.63,1132.47,21.82,3593.16,465.0,69.22,Baja,En observación,8985.0,0.0
USR0679,3162.35,220.96,6.99,1784.82,1156.57,56.44,Alta,Saludable,33789.07,0.0
USR0680,4294.95,340.74,7.93,2941.56,1012.65,68.49,Alta,En observación,17924.44,0.0
USR0681,3506.01,549.01,15.66,2734.38,222.63,77.99,Baja,En observación,8317.8,0.0
USR0682,4586.87,644.92,14.06,3286.33,655.62,71.65,Media,En observación,8336.64,0.0
USR0683,3137.64,507.21,16.17,1764.32,866.11,56.23,Alta,Saludable,26215.13,0.0
USR0684,4986.91,769.27,15.43,3218.92,998.72,64.55,Alta,En observación,11486.67,0.0
USR0685,3784.16,276.13,7.3,1110.24,2397.79,29.34,Alta,Saludable,59126.16,0.0
USR0686,6333.78,1255.46,19.82,4555.78,522.54,71.93,Baja,En observación,9848.97,0.0
USR0687,3409.69,279.21,8.19,1519.93,1610.56,44.58,Alta,Saludable,33192.0,0.0
USR0688,4157.6,585.1,14.07,2641.37,931.13,63.53,Alta,En observación,14793.65,0.0
USR0689,6570.99,1357.62,20.66,3868.89,1344.48,58.88,Alta,En observación,22026.98,0.0
USR0690,1287.19,542.5,42.15,771.08,-26.39,59.9,Nunca,En riesgo,346.64,0.0
USR0691,2376.66,207.26,8.72,1422.68,746.72,59.86,Alta,Saludable,22374.19,0.0
USR0692,6020.29,2556.85,42.47,3128.14,335.3,51.96,Baja,En riesgo,2697.76,0.0
USR0693,2020.75,739.5,36.6,1271.02,10.22,62.9,Baja,En observación,2276.59,0.0
USR0694,4649.63,975.72,20.98,3506.89,167.02,75.42,Baja,En riesgo,2819.0,0.0
USR0695,2566.95,507.78,19.78,1850.87,208.3,72.1,Baja,En observación,6336.39,0.0
USR0696,1278.1,304.72,23.84,872.29,101.09,68.25,Baja,En observación,3262.15,0.0
USR0697,4174.33,1538.63,36.86,3432.08,-796.38,82.22,Nunca,En riesgo,0.0,0.0
USR0698,3668.78,603.85,16.46,2936.34,128.59,80.04,Baja,En riesgo,0.0,0.0
USR0699,6081.84,837.39,13.77,2676.44,2568.01,44.01,Alta,Saludable,63304.26,0.0
USR0700,5294.12,1086.82,20.53,3658.09,549.21,69.1,Media,En observación,14735.11,0.0
USR0701,4948.14,882.26,17.83,3443.33,622.55,69.59,Media,En observación,12371.47,0.0
USR0702,3295.74,301.67,9.15,2755.89,238.18,83.62,Baja,En observación,6916.25,0.0
USR0703,1785.92,912.33,51.08,1555.61,-682.02,87.1,Nunca,En riesgo,309.76,0.0
USR0704,1606.03,568.49,35.4,1104.99,-67.45,68.8,Nunca,En observación,2755.04,0.0
USR0705,6529.49,454.05,6.95,2787.81,3287.62,42.7,Alta,Saludable,80824.16,0.0
USR0706,5163.67,885.76,17.15,2887.08,1390.82,55.91,Alta,Saludable,24804.97,0.0
USR0707,2283.29,253.0,11.08,1544.76,485.53,67.66,Alta,En observación,6633.2,0.0
USR0708,5135.68,256.7,5.0,3533.78,1345.2,68.81,Alta,En observación,15149.27,0.0
USR0709,6685.09,1663.72,24.89,5072.64,-51.26,75.88,Nunca,En riesgo,1255.64,0.0
USR0710,5279.4,872.87,16.53,2963.22,1443.31,56.13,Alta,Saludable,38092.77,0.0
USR0711,5794.33,1152.4,19.89,3596.76,1045.17,62.07,Media,En observación,11099.4,0.0
USR0712,3219.06,1226.75,38.11,1942.69,49.61,60.35,Baja,En observación,8259.93,0.0
USR0713,4840.55,440.72,9.1,2762.6,1637.23,57.07,Alta,Saludable,29919.93,0.0
USR0714,1976.1,441.66,22.35,1370.89,163.55,69.37,Baja,En observación,5483.99,0.0
USR0715,4475.31,644.09,14.39,2396.91,1434.31,53.56,Alta,Saludable,25156.17,0.0
USR0716,5885.66,347.02,5.9,3761.93,1776.72,63.92,Alta,En observación,14947.77,0.0
USR0717,4494.25,305.11,6.79,4368.67,-179.53,97.21,Nunca,En riesgo,2435.95,0.0
USR0718,3205.99,444.72,13.87,2152.16,609.11,67.13,Media,En observación,7377.85,0.0
USR0719,2566.9,41.87,1.63,1285.9,1239.12,50.1,Alta,Saludable,34144.69,0.0
USR0720,2052.12,268.03,13.06,1555.74,228.34,75.81,Media,En observación,6920.6,0.0
USR0721,3028.67,706.59,23.33,2058.74,263.34,67.97,Baja,En observación,3967.85,0.0
USR0722,2171.21,298.99,13.77,1374.11,498.12,63.29,Alta,En observación,9522.9,0.0
USR0723,4001.51,432.25,10.8,2133.04,1436.22,53.31,Alta,Saludable,28659.15,0.0
USR0724,4239.74,284.5,6.71,3638.86,316.37,85.83,Baja,En observación,10664.07,0.0
USR0725,3247.92,347.16,10.69,2155.27,745.49,66.36,Alta,En observación,9410.68,0.0
USR0726,3286.38,675.83,20.56,2369.3,241.25,72.09,Baja,En observación,2588.76,0.0
USR0727,4826.88,493.27,10.22,2320.8,2012.81,48.08,Alta,Saludable,38753.91,0.0
USR0728,3798.25,451.36,11.88,2505.73,841.16,65.97,Alta,En observación,7792.5,0.0
USR0729,4581.7,723.06,15.78,3407.5,451.13,74.37,Baja,En observación,11438.22,0.0
USR0730,5769.62,604.22,10.47,3015.34,2150.06,52.26,Alta,Saludable,48999.64,0.0
USR0731,3951.39,527.33,13.35,2700.9,723.16,68.35,Media,En observación,12229.47,0.0
USR0732,2150.4,845.37,39.31,1065.19,239.84,49.53,Media,En observación,5665.74,0.0
USR0733,5571.44,1040.55,18.68,3672.95,857.94,65.92,Media,En observación,11497.78,0.0
USR0734,3556.58,772.76,21.73,3093.48,-309.66,86.98,Nunca,En riesgo,1736.48,0.0
USR0735,3655.95,732.62,20.04,2143.58,779.75,58.63,Alta,En observación,9822.08,0.0
USR0736,5945.98,1529.76,25.73,5277.58,-861.36,88.76,Nunca,En riesgo,2612.19,0.0
USR0737,6671.5,688.74,10.32,3259.35,2723.41,48.85,Alta,Saludable,50553.1,0.0
USR0738,4140.13,676.2,16.33,2759.2,704.73,66.65,Media,En observación,14341.47,0.0
USR0739,3285.76,451.8,13.75,2836.77,-2.81,86.34,Nunca,En riesgo,1241.49,0.0
USR0740,2056.02,107.33,5.22,1973.39,-24.7,95.98,Nunca,En riesgo,1198.4,0.0
USR0741,2276.08,332.71,14.62,1251.08,692.29,54.97,Alta,Saludable,20008.75,0.0
USR0742,1909.13,706.91,37.03,1157.89,44.33,60.65,Baja,En observación,2794.89,0.0
USR0743,2212.58,354.35,16.02,1757.63,100.6,79.44,Baja,En riesgo,1368.94,0.0
USR0744,5353.67,1073.05,20.04,3399.83,880.79,63.5,Media,En observación,12831.29,0.0
USR0745,4483.8,1975.71,44.06,3504.9,-996.81,78.17,Nunca,En riesgo,0.0,0.0
USR0746,2546.12,19.69,0.77,1180.78,1345.65,46.38,Alta,Saludable,24194.01,0.0
USR0747,3142.4,429.06,13.65,1827.15,886.19,58.15,Alta,Saludable,21702.47,0.0
USR0748,3210.8,1258.43,39.19,2589.36,-636.99,80.65,Nunca,En riesgo,1461.17,0.0
USR0749,1746.38,252.76,14.47,1381.42,112.2,79.1,Baja,En observación,3806.11,0.0
USR0750,1680.42,500.35,29.78,1330.96,-150.89,79.2,Nunca,En riesgo,591.8,0.0
USR0751,4300.28,1365.49,31.75,3427.77,-492.98,79.71,Nunca,En riesgo,2745.31,0.0
USR0752,3511.81,862.05,24.55,2635.39,14.37,75.04,Baja,En riesgo,2816.32,0.0
USR0753,2058.86,885.16,42.99,1392.68,-218.98,67.64,Nunca,En riesgo,371.46,0.0
USR0754,1522.72,405.19,26.61,1125.71,-8.18,73.93,Nunca,En observación,3552.8,0.0
USR0755,3904.91,354.78,9.09,2681.17,868.96,68.66,Alta,En observación,15455.51,0.0
USR0756,6093.52,2416.85,39.66,3231.95,444.72,53.04,Baja,En observación,7472.18,0.0
USR0757,4310.26,597.17,13.85,2819.8,893.29,65.42,Alta,En observación,10103.23,0.0
USR0758,5491.91,442.08,8.05,3065.2,1984.62,55.81,Alta,Saludable,41878.46,0.0
USR0759,4397.52,386.35,8.79,2064.26,1946.91,46.94,Alta,Saludable,51647.08,0.0
USR0760,5689.44,488.48,8.59,3463.39,1737.57,60.87,Alta,En observación,23690.19,0.0
USR0761,4761.83,1027.62,21.58,3397.73,336.48,71.35,Baja,En observación,7277.98,0.0
USR0762,5550.61,1158.77,20.88,3396.64,995.19,61.19,Media,En observación,12531.97,0.0
USR0763,6116.96,47.95,0.78,2635.89,3433.12,43.09,Alta,Saludable,54957.27,0.0
USR0764,4800.15,1252.19,26.09,3853.14,-305.18,80.27,Nunca,En riesgo,869.9,0.0
USR0765,6027.81,1237.66,20.53,4376.24,413.91,72.6,Baja,En observación,9965.51,0.0
USR0766,4482.92,594.78,13.27,2928.18,959.96,65.32,Alta,En observación,19099.08,0.0
USR0767,4034.73,335.36,8.31,2381.31,1318.06,59.02,Alta,Saludable,24043.55,0.0
USR0768,2666.1,421.84,15.82,2324.27,-80.01,87.18,Nunca,En riesgo,342.72,0.0
USR0769,5218.98,17.44,0.33,2701.61,2499.93,51.77,Alta,Saludable,72478.62,0.0
USR0770,5238.4,1951.72,37.26,4719.57,-1432.89,90.1,Nunca,En riesgo,3468.42,0.0
USR0771,4524.97,100.81,2.23,1756.7,2667.46,38.82,Alta,Saludable,57210.34,0.0
USR0772,3704.84,831.33,22.44,2635.79,237.72,71.14,Baja,En observación,8449.21,0.0
USR0773,4546.48,1039.11,22.86,2593.42,913.96,57.04,Alta,En observación,13282.61,0.0
USR0774,5738.04,857.11,14.94,4292.7,588.24,74.81,Media,En observación,11765.44,0.0
USR0775,2576.75,376.79,14.62,1114.84,1085.12,43.27,Alta,Saludable,18982.5,0.0
USR0776,3592.91,387.44,10.78,2319.04,886.43,64.54,Alta,En observación,11318.27,0.0
USR0777,4280.83,1585.49,37.04,3429.54,-734.2,80.11,Nunca,En riesgo,0.0,0.0
USR0778,4071.7,757.88,18.61,2589.2,724.62,63.59,Media,En observación,12851.94,0.0
USR0779,4365.99,2179.86,49.93,2485.14,-299.01,56.92,Nunca,En riesgo,2205.95,0.0
USR0780,6980.86,1659.4,23.77,6048.82,-727.36,86.65,Nunca,En riesgo,1077.02,0.0
USR0781,4728.55,1146.94,24.26,3422.76,158.85,72.39,Baja,En observación,12620.04,0.0
USR0782,4703.63,847.05,18.01,3108.28,748.3,66.08,Media,En observación,13212.43,0.0
USR0783,5374.78,969.29,18.03,3701.92,703.57,68.88,Media,En observación,15069.29,0.0
USR0784,4973.47,734.75,14.77,3872.86,365.86,77.87,Baja,En observación,14596.44,0.0
USR0785,3989.71,576.93,14.46,2938.54,474.24,73.65,Media,En observación,7878.95,0.0
USR0786,1834.08,261.64,14.27,1378.66,193.78,75.17,Media,En observación,2489.78,0.0
USR0787,2831.46,657.68,23.23,2318.22,-144.44,81.87,Nunca,En riesgo,1314.31,0.0
USR0788,4698.58,1796.5,38.23,3640.85,-738.77,77.49,Nunca,En riesgo,241.83,0.0
USR0789,3830.77,1237.41,32.3,2622.19,-28.83,68.45,Nunca,En observación,8833.21,0.0
USR0790,4425.89,810.33,18.31,3311.01,304.55,74.81,Baja,En observación,10081.22,0.0
USR0791,2800.3,576.6,20.59,2159.95,63.75,77.13,Baja,En riesgo,1927.92,0.0
USR0792,3480.97,536.43,15.41,2485.21,459.32,71.39,Media,En observación,9499.54,0.0
USR0793,4757.99,1674.47,35.19,3416.79,-333.26,71.81,Nunca,En observación,6979.84,0.0
USR0794,6759.52,681.7,10.09,2810.85,3266.97,41.58,Alta,Saludable,72660.46,0.0
USR0795,3832.33,1084.04,28.29,3245.24,-496.95,84.68,Nunca,En riesgo,566.64,0.0
USR0796,4967.15,1168.88,23.53,2862.57,935.7,57.63,Media,En observación,16157.46,0.0
USR0797,5200.41,1554.73,29.9,4437.2,-791.51,85.32,Nunca,En riesgo,534.64,0.0
USR0798,3087.49,336.93,10.91,1664.84,1085.72,53.92,Alta,Saludable,30248.82,0.0
USR0799,6335.8,1071.13,16.91,4160.47,1104.2,65.67,Media,En observación,15042.47,0.0
USR0800,4275.71,371.08,8.68,2843.88,1060.75,66.51,Alta,En observación,8862.26,0.0
USR0801,2001.63,160.24,8.01,1201.07,640.31,60.0,Alta,En observación,8087.83,0.0
USR0802,2597.35,1002.67,38.6,1876.71,-282.03,72.25,Nunca,En observación,3375.52,0.0
USR0803,3645.63,460.52,12.63,1956.28,1228.83,53.66,Alta,Saludable,31982.31,0.0
USR0804,2349.8,959.57,40.84,1449.66,-59.43,61.69,Nunca,En riesgo,0.0,0.0
USR0805,4995.1,735.51,14.72,4655.01,-395.41,93.19,Nunca,En riesgo,3635.74,0.0
USR0806,4130.88,1599.66,38.72,2269.53,261.69,54.94,Baja,En observación,9535.48,0.0
USR0807,3085.05,491.31,15.93,1895.18,698.57,61.43,Alta,En observación,11601.28,0.0
USR0808,6449.47,701.26,10.87,3701.19,2047.02,57.39,Alta,Saludable,46063.88,0.0
USR0809,6532.46,487.94,7.47,3994.96,2049.56,61.16,Alta,En observación,28668.29,0.0
USR0810,4586.72,304.39,6.64,2801.38,1480.96,61.08,Alta,En observación,15997.01,0.0
USR0811,6143.73,785.61,12.79,3673.88,1684.23,59.8,Alta,Saludable,36175.2,0.0
USR0812,6523.17,656.62,10.07,5943.45,-76.9,91.11,Nunca,En riesgo,0.0,0.0
USR0813,1812.7,380.58,21.0,1132.15,299.97,62.46,Media,En observación,4040.45,0.0
USR0814,2432.71,652.31,26.81,1775.43,4.97,72.98,Baja,En observación,2429.62,0.0
USR0815,2426.26,935.13,38.54,1309.99,181.14,53.99,Baja,En observación,6016.76,0.0
USR0816,4379.97,2201.08,50.25,3067.99,-889.1,70.05,Nunca,En riesgo,3218.66,0.0
USR0817,3390.74,1586.82,46.8,1892.5,-88.58,55.81,Nunca,En riesgo,2579.03,0.0
USR0818,2901.07,1510.58,52.07,1687.76,-297.27,58.18,Nunca,En riesgo,1543.02,0.0
USR0819,1694.34,497.97,29.39,1413.71,-217.34,83.44,Nunca,En riesgo,302.63,0.0
USR0820,3712.28,376.68,10.15,2203.42,1132.18,59.36,Alta,Saludable,28740.34,0.0
USR0821,4453.58,2071.16,46.51,3837.57,-1455.14,86.17,Nunca,En riesgo,336.52,0.0
USR0822,4189.0,187.23,4.47,3838.38,163.4,91.63,Baja,En riesgo,2459.48,0.0
USR0823,6309.4,462.79,7.33,3068.57,2778.04,48.63,Alta,Saludable,55989.01,0.0
USR0824,2769.83,745.56,26.92,2194.22,-169.95,79.22,Nunca,En riesgo,2008.21,0.0
USR0825,4557.47,1929.7,42.34,3173.61,-545.84,69.64,Nunca,En riesgo,549.08,0.0
USR0826,4302.85,2416.94,56.17,2780.19,-894.28,64.61,Nunca,En riesgo,1136.28,0.0
USR0827,2156.33,964.14,44.71,1493.91,-301.72,69.28,Nunca,En riesgo,1102.2,0.0
USR0828,4287.88,462.1,10.78,2212.08,1613.7,51.59,Alta,Saludable,21708.12,0.0
USR0829,3204.3,697.58,21.77,2324.01,182.71,72.53,Baja,En observación,4103.83,0.0
USR0830,6666.24,122.69,1.84,2219.94,4323.61,33.3,Alta,Saludable,65067.53,0.0
USR0831,4931.22,929.75,18.85,2793.59,1207.89,56.65,Alta,Saludable,36759.52,0.0
USR0832,2129.54,131.24,6.16,922.96,1075.34,43.34,Alta,Saludable,16454.17,0.0
USR0833,4552.03,918.51,20.18,3108.02,525.5,68.28,Media,En observación,7435.07,0.0
USR0834,4934.94,392.51,7.95,3229.01,1313.42,65.43,Alta,En observación,21523.97,0.0
USR0835,3187.68,313.64,9.84,2099.08,774.97,65.85,Alta,En observación,9383.92,0.0
USR0836,3029.93,1208.32,39.88,2348.19,-526.58,77.5,Nunca,En riesgo,0.0,0.0
USR0837,4703.97,315.19,6.7,4194.61,194.18,89.17,Baja,En riesgo,2737.67,0.0
USR0838,4601.77,307.81,6.69,2579.74,1714.21,56.06,Alta,Saludable,46447.77,0.0
USR0839,3550.79,603.66,17.0,3047.8,-100.67,85.83,Nunca,En riesgo,919.52,0.0
USR0840,3682.63,1390.44,37.76,3109.89,-817.7,84.45,Nunca,En riesgo,1112.79,0.0
USR0841,2719.78,733.69,26.98,2025.97,-39.88,74.49,Nunca,En observación,3582.85,0.0
USR0842,3980.74,1675.4,42.09,2404.94,-99.6,60.41,Nunca,En riesgo,2469.23,0.0
USR0843,3713.47,608.74,16.39,2881.34,223.39,77.59,Baja,En observación,10117.05,0.0
USR0844,1526.27,230.52,15.1,1146.23,149.52,75.1,Baja,En observación,3383.43,0.0
USR0845,3345.13,188.81,5.64,1769.63,1386.69,52.9,Alta,Saludable,23986.28,0.0
USR0846,4880.31,1974.69,40.46,2579.65,325.97,52.86,Baja,En riesgo,1124.01,0.0
USR0847,1877.62,478.95,25.51,1297.58,101.09,69.11,Baja,En observación,1787.11,0.0
USR0848,5423.42,2182.18,40.24,3497.95,-256.71,64.5,Nunca,En riesgo,2140.63,0.0
USR0849,4257.25,928.5,21.81,2902.34,426.41,68.17,Media,En observación,7654.0,0.0
USR0850,1997.16,317.69,15.91,1525.22,154.25,76.37,Baja,En observación,3058.39,0.0
USR0851,4634.76,438.25,9.46,2715.57,1480.94,58.59,Alta,Saludable,35102.92,0.0
USR0852,2608.29,70.16,2.69,1203.93,1334.2,46.16,Alta,Saludable,23918.94,0.0
USR0853,1596.92,280.15,17.54,1255.33,61.44,78.61,Baja,En riesgo,470.32,0.0
USR0854,3711.49,352.38,9.49,2599.2,759.91,70.03,Alta,En observación,6662.27,0.0
USR0855,1806.83,317.02,17.55,1470.18,19.63,81.37,Baja,En riesgo,402.15,0.0
USR0856,3444.62,360.77,10.47,1169.56,1914.29,33.95,Alta,Saludable,39222.54,0.0
USR0857,4625.19,270.22,5.84,2739.44,1615.53,59.23,Alta,Saludable,41923.76,0.0
USR0858,5703.85,2335.61,40.95,3424.94,-56.7,60.05,Nunca,En riesgo,588.35,0.0
USR0859,3364.11,1562.2,46.44,1650.44,151.47,49.06,Baja,En riesgo,0.0,0.0
USR0860,5969.18,446.81,7.49,2817.17,2705.2,47.2,Alta,Saludable,66024.27,0.0
USR0861,4676.43,2411.5,51.57,3729.93,-1465.0,79.76,Nunca,En riesgo,3167.45,0.0
USR0862,2817.7,196.46,6.97,1858.65,762.59,65.96,Alta,En observación,7527.7,0.0
USR0863,3807.77,1612.61,42.35,2506.51,-311.35,65.83,Nunca,En riesgo,1869.61,0.0
USR0864,5123.41,879.27,17.16,4383.76,-139.62,85.56,Nunca,En riesgo,3276.21,0.0
USR0865,4781.49,1752.14,36.64,2853.74,175.62,59.68,Baja,En observación,10394.92,0.0
USR0866,2976.77,636.37,21.38,2150.75,189.65,72.25,Baja,En observación,7949.61,0.0
USR0867,1525.45,284.47,18.65,1074.9,166.09,70.46,Media,En observación,3052.88,0.0
USR0868,4850.76,1314.99,27.11,3215.6,320.17,66.29,Baja,En observación,6046.13,0.0
USR0869,6294.6,445.97,7.08,3036.55,2812.08,48.24,Alta,Saludable,68879.41,0.0
USR0870,3085.89,552.89,17.92,2669.28,-136.28,86.5,Nunca,En riesgo,1174.7,0.0
USR0871,5677.47,511.67,9.01,3380.44,1785.36,59.54,Alta,Saludable,36813.5,0.0
USR0872,2783.61,527.3,18.94,1546.55,709.77,55.56,Alta,Saludable,26828.25,0.0
USR0873,7039.59,198.73,2.82,3147.15,3693.71,44.71,Alta,Saludable,41314.73,0.0
USR0874,3211.24,333.85,10.4,2221.84,655.55,69.19,Alta,En observación,7316.47,0.0
USR0875,2542.31,566.76,22.29,1411.03,564.52,55.5,Alta,En observación,5136.36,0.0
USR0876,5822.02,1153.2,19.81,3691.92,976.91,63.41,Media,En observación,19417.54,0.0
USR0877,3045.77,1225.54,40.24,1641.05,179.18,53.88,Baja,En riesgo,0.0,0.0
USR0878,1724.37,506.58,29.38,1519.06,-301.27,88.09,Nunca,En riesgo,1216.79,0.0
USR0879,3119.35,998.35,32.01,2854.96,-733.96,91.52,Nunca,En riesgo,2155.32,0.0
USR0880,2194.14,432.15,19.7,1468.65,293.33,66.94,Media,En observación,4204.59,0.0
USR0881,2742.25,576.18,21.01,1580.84,585.23,57.65,Alta,En observación,5755.24,0.0
USR0882,2027.84,319.32,15.75,1546.82,161.7,76.28,Baja,En observación,4832.03,0.0
USR0883,2516.58,175.02,6.95,855.98,1485.59,34.01,Alta,Saludable,31683.6,0.0
USR0884,6094.42,382.96,6.28,2803.38,2908.08,46.0,Alta,Saludable,68203.64,0.0
USR0885,2172.48,1105.84,50.9,1160.93,-94.29,53.44,Nunca,En riesgo,532.99,0.0
USR0886,6338.96,286.77,4.52,6077.05,-24.86,95.87,Nunca,En riesgo,3342.75,0.0
USR0887,5854.63,263.24,4.5,5093.47,497.92,87.0,Baja,En observación,12729.21,0.0
USR0888,2328.26,424.63,18.24,1393.54,510.09,59.85,Alta,Saludable,11740.38,0.0
USR0889,2797.14,459.51,16.43,1711.62,626.01,61.19,Alta,En observación,7592.33,0.0
USR0890,2572.37,323.66,12.58,1311.64,937.06,50.99,Alta,Saludable,12203.55,0.0
USR0891,6415.45,933.75,14.55,4272.15,1209.55,66.59,Media,En observación,16115.63,0.0
USR0892,3167.72,535.69,16.91,2755.08,-123.04,86.97,Nunca,En riesgo,802.04,0.0
USR0893,3595.44,1020.04,28.37,2837.31,-261.92,78.91,Nunca,En riesgo,694.32,0.0
USR0894,4021.27,434.72,10.81,2074.19,1512.36,51.58,Alta,Saludable,43795.9,0.0
USR0895,5491.75,664.34,12.1,2956.75,1870.65,53.84,Alta,Saludable,58804.87,0.0
USR0896,2421.24,148.64,6.14,1615.08,657.52,66.7,Alta,En observación,8218.59,0.0
USR0897,5394.99,1046.17,19.39,4113.17,235.65,76.24,Baja,En riesgo,2977.48,0.0
USR0898,3714.76,1961.15,52.79,2954.92,-1201.31,79.55,Nunca,En riesgo,1877.88,0.0
USR0899,3475.59,543.52,15.64,2758.34,173.73,79.36,Baja,En riesgo,1925.26,0.0
USR0900,2680.19,414.35,15.46,1905.78,360.06,71.11,Media,En observación,7666.08,0.0
USR0901,6507.52,485.39,7.46,3825.3,2196.82,58.78,Alta,Saludable,63939.96,0.0
USR0902,3993.45,1880.77,47.1,3398.54,-1285.86,85.1,Nunca,En riesgo,2354.05,0.0
USR0903,6245.1,481.75,7.71,3492.32,2271.03,55.92,Alta,Saludable,64167.76,0.0
USR0904,5287.76,460.13,8.7,4552.44,275.2,86.09,Baja,En observación,13926.4,0.0
USR0905,4412.99,636.53,14.42,3550.26,226.2,80.45,Baja,En observación,12518.63,0.0
USR0906,2102.5,92.28,4.39,1759.72,250.5,83.7,Media,En observación,4075.35,0.0
USR0907,1287.72,369.45,28.69,904.86,13.41,70.27,Baja,En observación,886.68,0.0
USR0908,4049.16,247.11,6.1,3585.15,216.9,88.54,Baja,En observación,5615.16,0.0
USR0909,6224.96,2021.0,32.47,5251.09,-1047.12,84.36,Nunca,En riesgo,949.26,0.0
USR0910,2817.41,320.98,11.39,2628.51,-132.08,93.3,Nunca,En riesgo,1252.38,0.0
USR0911,3467.68,351.45,10.14,2961.09,155.14,85.39,Baja,En riesgo,2645.69,0.0
USR0912,1794.26,314.64,17.54,1200.26,279.36,66.89,Media,En observación,3514.58,0.0
USR0913,1925.71,656.65,34.1,1488.44,-219.39,77.29,Nunca,En riesgo,1339.76,0.0
USR0914,1548.2,267.97,17.31,1085.2,195.03,70.09,Media,En observación,5399.08,0.0
USR0915,3043.29,382.05,12.55,1413.18,1248.06,46.44,Alta,Saludable,35061.76,0.0
USR0916,2277.75,267.49,11.74,1233.98,776.28,54.18,Alta,Saludable,21841.37,0.0
USR0917,3077.1,543.67,17.67,2126.55,406.88,69.11,Media,En observación,5586.25,0.0
USR0918,1784.86,421.71,23.63,1274.21,88.95,71.39,Baja,En observación,3899.83,0.0
USR0919,4359.36,1839.91,42.21,2882.05,-362.6,66.11,Nunca,En riesgo,0.0,0.0
USR0920,4749.3,853.64,17.97,3733.87,161.78,78.62,Baja,En riesgo,852.52,0.0
USR0921,1342.16,526.81,39.25,973.99,-158.64,72.57,Nunca,En observación,2498.41,0.0
USR0922,4845.8,1243.68,25.67,3970.93,-368.81,81.95,Nunca,En riesgo,2692.95,0.0
USR0923,2196.86,751.53,34.21,1187.67,257.66,54.06,Media,En observación,4616.93,0.0
USR0924,2196.24,214.53,9.77,1082.57,899.14,49.29,Alta,Saludable,21014.59,0.0
USR0925,3185.26,327.55,10.28,1776.73,1080.98,55.78,Alta,Saludable,28539.92,0.0
USR0926,4690.45,1224.95,26.12,3433.13,32.37,73.19,Baja,En observación,11879.47,0.0
USR0927,6085.82,754.87,12.4,3797.28,1533.67,62.4,Alta,En observación,9203.68,0.0
USR0928,4377.22,379.5,8.67,2494.51,1503.21,56.99,Alta,Saludable,48482.09,0.0
USR0929,4835.82,676.75,13.99,3333.21,825.86,68.93,Media,En observación,13744.54,0.0
USR0930,2086.61,214.92,10.3,2110.18,-238.5,101.13,Nunca,En riesgo,135.05,0.0
USR0931,1959.94,327.59,16.71,1260.69,371.66,64.32,Media,En observación,5395.91,0.0
USR0932,4630.77,797.83,17.23,2859.07,973.87,61.74,Alta,En observación,14036.11,0.0
USR0933,6871.59,2515.71,36.61,3855.81,500.08,56.11,Baja,En observación,13542.33,0.0
USR0934,4263.53,976.2,22.9,2380.06,907.27,55.82,Alta,En observación,14704.09,0.0
USR0935,4725.56,63.4,1.34,2746.7,1915.46,58.12,Alta,Saludable,43579.95,0.0
USR0936,6791.75,690.33,10.16,3344.18,2757.24,49.24,Alta,Saludable,50815.38,0.0
USR0937,5574.84,830.2,14.89,3334.64,1410.0,59.82,Alta,Saludable,50188.45,0.0
USR0938,3508.53,290.01,8.27,2044.09,1174.43,58.26,Alta,Saludable,31623.84,0.0
USR0939,2312.7,278.7,12.05,1043.62,990.37,45.13,Alta,Saludable,18762.5,0.0
USR0940,3856.89,192.34,4.99,3858.18,-193.63,100.03,Nunca,En riesgo,690.8,0.0
USR0941,3513.75,58.2,1.66,1728.55,1727.01,49.19,Alta,Saludable,32299.29,0.0
USR0942,2593.1,388.43,14.98,2276.79,-72.12,87.8,Nunca,En riesgo,698.39,0.0
USR0943,2752.83,257.27,9.35,2466.47,29.08,89.6,Baja,En riesgo,443.29,0.0
USR0944,5079.78,310.57,6.11,5009.14,-239.93,98.61,Nunca,En riesgo,2187.22,0.0
USR0945,3755.19,1450.05,38.61,2397.57,-92.43,63.85,Nunca,En observación,4181.7,0.0
USR0946,1665.95,456.55,27.4,1390.33,-180.92,83.46,Nunca,En riesgo,1000.12,0.0
USR0947,3957.54,1642.89,41.51,3067.39,-752.74,77.51,Nunca,En riesgo,1142.39,0.0
USR0948,5820.53,2076.96,35.68,3724.53,19.04,63.99,Baja,En observación,4808.37,0.0
USR0949,4552.34,930.14,20.43,3167.03,455.18,69.57,Baja,En observación,7492.34,0.0
USR0950,1980.11,772.05,38.99,1542.1,-334.04,77.88,Nunca,En riesgo,1188.09,0.0
USR0951,3118.29,350.99,11.26,1325.56,1441.74,42.51,Alta,Saludable,25504.67,0.0
USR0952,2783.2,301.15,10.82,1220.07,1261.98,43.84,Alta,Saludable,35012.77,0.0
USR0953,6105.81,2063.35,33.79,5214.54,-1172.08,85.4,Nunca,En riesgo,1424.91,0.0
USR0954,4003.07,161.5,4.03,1936.88,1904.69,48.38,Alta,Saludable,34651.41,0.0
USR0955,4881.0,1126.03,23.07,3573.34,181.63,73.21,Baja,En observación,4037.38,0.0
USR0956,5723.15,1749.41,30.57,4757.89,-784.15,83.13,Nunca,En riesgo,4287.08,0.0
USR0957,4637.08,1152.27,24.85,3754.29,-269.48,80.96,Nunca,En riesgo,2455.04,0.0
USR0958,4973.15,627.65,12.62,3480.67,864.83,69.99,Media,En observación,9741.37,0.0
USR0959,6326.55,516.89,8.17,4282.41,1527.24,67.69,Alta,En observación,26792.55,0.0
USR0960,5476.93,637.93,11.65,4886.87,-47.87,89.23,Nunca,En riesgo,2592.5,0.0
USR0961,2059.08,376.47,18.28,1177.59,505.02,57.19,Alta,Saludable,13369.21,0.0
USR0962,4428.68,1163.78,26.28,3732.42,-467.52,84.28,Nunca,En riesgo,2732.18,0.0
USR0963,4246.88,594.65,14.0,3300.8,351.43,77.72,Baja,En observación,5852.81,0.0
USR0964,2735.21,1469.84,53.74,1376.29,-110.92,50.32,Nunca,En riesgo,1298.65,0.0
USR0965,2722.41,390.68,14.35,1575.45,756.28,57.87,Alta,Saludable,22710.22,0.0
USR0966,2761.31,1019.17,36.91,2230.68,-488.54,80.78,Nunca,En riesgo,1240.53,0.0
USR0967,1519.71,590.0,38.82,993.58,-63.87,65.38,Nunca,En observación,2446.83,0.0
USR0968,3104.51,152.56,4.91,1476.9,1475.05,47.57,Alta,Saludable,31675.14,0.0
USR0969,4830.94,2039.58,42.22,2907.59,-116.24,60.19,Nunca,En riesgo,595.97,0.0
USR0970,2161.47,298.67,13.82,1779.34,83.45,82.32,Baja,En riesgo,587.68,0.0
USR0971,5587.02,929.33,16.63,3336.49,1321.2,59.72,Alta,Saludable,41289.64,0.0
USR0972,5784.43,879.98,15.21,3107.29,1797.15,53.72,Alta,Saludable,49485.57,0.0
USR0973,6378.03,846.13,13.27,3857.45,1674.45,60.48,Alta,En observación,16001.96,0.0
USR0974,5378.18,1890.76,35.16,4284.72,-797.3,79.67,Nunca,En riesgo,3471.79,0.0
USR0975,4276.49,264.3,6.18,2141.57,1870.62,50.08,Alta,Saludable,37652.62,0.0
USR0976,4394.69,810.02,18.43,3376.83,207.84,76.84,Baja,En riesgo,3178.06,0.0
USR0977,7016.43,753.92,10.75,3698.72,2563.78,52.72,Alta,Saludable,64356.56,0.0
USR0978,3122.07,179.04,5.73,911.54,2031.49,29.2,Alta,Saludable,52202.31,0.0
USR0979,4510.4,603.67,13.38,2147.86,1758.88,47.62,Alta,Saludable,35305.69,0.0
USR0980,4553.96,931.79,20.46,2977.51,644.66,65.38,Media,En observación,8752.49,0.0
USR0981,5764.68,319.93,5.55,3008.66,2436.09,52.19,Alta,Saludable,48831.41,0.0
USR0982,6976.46,2875.87,41.22,4130.75,-30.16,59.21,Nunca,En riesgo,2388.27,0.0
USR0983,4439.51,806.8,18.17,2721.4,911.31,61.3,Alta,En observación,10718.63,0.0
USR0984,6224.56,981.85,15.77,3520.29,1722.42,56.55,Alta,Saludable,38131.17,0.0
USR0985,5041.63,587.47,11.65,3433.47,1020.7,68.1,Alta,En observación,10296.01,0.0
USR0986,3760.88,1538.22,40.9,2018.51,204.14,53.67,Baja,En riesgo,1449.24,0.0
USR0987,5216.48,25.64,0.49,2473.97,2716.87,47.43,Alta,Saludable,43918.64,0.0
USR0988,6194.74,1236.62,19.96,3478.83,1479.29,56.16,Alta,Saludable,42906.74,0.0
USR0989,3736.66,60.18,1.61,1996.1,1680.38,53.42,Alta,Saludable,35013.49,0.0
USR0990,3978.94,81.02,2.04,2331.46,1566.46,58.59,Alta,Saludable,31791.13,0.0
USR0991,4488.87,790.42,17.61,2477.72,1220.73,55.2,Alta,Saludable,44441.55,0.0
USR0992,4174.58,170.62,4.09,3728.4,275.56,89.31,Baja,En observación,4330.28,0.0
USR0993,4142.56,1271.32,30.69,3095.4,-224.15,74.72,Nunca,En observación,4551.49,0.0
USR0994,3001.26,1210.71,40.34,1556.33,234.22,51.86,Baja,En riesgo,932.53,0.0
USR0995,2494.16,369.53,14.82,1704.93,419.71,68.36,Media,En observación,5551.36,0.0
USR0996,3491.64,682.44,19.54,2757.62,51.58,78.98,Baja,En riesgo,1592.85,0.0
USR0997,4969.2,980.12,19.72,3648.5,340.59,73.42,Baja,En observación,8160.5,0.0
USR0998,2558.79,1288.78,50.37,1254.7,15.31,49.04,Baja,En riesgo,0.0,0.0
USR0999,3302.55,297.84,9.02,1513.76,1490.95,45.84,Alta,Saludable,24709.2,0.0
USR1000,6378.95,944.72,14.81,3621.8,1812.43,56.78,Alta,Saludable,50082.44,0.0
