usuario_id,ingreso_mensual,deuda_mensual,nivel_endeudamiento,gasto_mensual_promedio,ahorro_mensual_estimado,porcentaje_gastos_ingreso,frecuencia_ahorro,perfil_financiero
USR0001,4625.5,832.9,19.02,1809.44,1983.16,57.13,Alta,Saludable
USR0002,6560.32,968.09,15.87,2153.65,3438.58,47.59,Alta,Saludable
USR0003,4235.9,786.66,18.91,3720.4,-271.16,106.4,Nunca,En riesgo
USR0004,4209.99,1933.44,53.56,1535.12,741.43,82.39,Media,En riesgo
USR0005,2138.34,440.68,24.46,1592.61,105.05,95.09,Baja,En riesgo
USR0006,2824.47,481.5,19.23,1383.28,959.69,66.02,Alta,Saludable
USR0007,7029.78,1266.38,18.11,2171.72,3591.68,48.91,Alta,Saludable
USR0008,5108.55,1090.56,23.08,1741.96,2276.03,55.45,Alta,Saludable
USR0009,6209.26,1337.41,24.6,2309.94,2561.91,58.74,Alta,Saludable
USR0010,2958.8,522.4,23.87,1151.56,1284.84,56.58,Alta,Saludable
USR0011,3973.97,1555.1,43.6,1775.63,643.24,83.81,Media,En observación
USR0012,4539.77,482.02,10.8,2335.89,1721.86,62.07,Alta,Saludable
USR0013,5213.82,838.27,16.41,2550.38,1825.17,64.99,Alta,Saludable
USR0014,4233.31,504.03,12.09,1405.38,2323.9,45.1,Alta,Saludable
USR0015,3691.0,1549.02,43.24,1947.63,194.35,94.73,Baja,En observación
USR0016,4270.73,1734.27,41.38,1855.48,680.98,84.05,Media,En observación
USR0017,5879.79,1804.72,32.29,2112.3,1962.77,66.62,Alta,En observación
USR0018,4983.69,1079.81,21.85,1995.35,1908.53,61.7,Alta,Saludable
USR0019,5112.89,2045.21,42.75,2167.72,899.96,82.4,Media,En observación
USR0020,2296.74,915.51,51.57,1179.53,201.7,91.22,Baja,En riesgo
USR0021,3551.45,254.74,7.65,1343.19,1953.52,44.99,Alta,Saludable
USR0022,2543.12,387.92,18.74,1306.89,848.31,66.64,Alta,Saludable
USR0023,1663.09,350.46,21.88,1007.77,304.86,81.67,Media,En observación
USR0024,4146.07,1300.15,36.04,1964.68,881.24,78.75,Alta,En observación
USR0025,3932.6,2009.35,51.44,1603.67,319.58,91.87,Baja,En riesgo
USR0026,5511.75,887.3,17.66,1605.19,3019.26,45.22,Alta,Saludable
USR0027,6442.66,2412.51,38.45,1127.84,2902.31,54.95,Alta,En observación
USR0028,7607.64,2750.74,40.39,2090.29,2766.61,63.63,Alta,En observación
USR0029,7214.13,767.79,11.29,2584.47,3861.87,46.47,Alta,Saludable
USR0030,3307.53,1505.19,53.48,1073.12,729.22,77.95,Alta,En riesgo
USR0031,1743.27,674.19,50.81,816.89,252.19,85.53,Media,En riesgo
USR0032,6696.88,484.08,7.47,2849.48,3363.32,49.78,Alta,Saludable
USR0033,2304.63,1045.13,50.38,1124.39,135.11,94.14,Baja,En riesgo
USR0034,6922.14,3236.34,47.83,2013.8,1672.0,75.85,Alta,En riesgo
USR0035,5560.8,2257.55,41.79,2825.14,478.11,91.4,Baja,En observación
USR0036,2990.27,12.24,0.41,1488.24,1489.79,50.18,Alta,Saludable
USR0037,4819.19,2349.2,48.52,1515.32,954.67,80.19,Media,En riesgo
USR0038,6674.1,1897.87,28.31,1979.53,2796.7,58.1,Alta,En observación
USR0039,1334.32,119.73,9.59,1422.79,-208.2,115.6,Nunca,En riesgo
USR0040,4768.76,482.45,12.68,1022.78,3263.53,31.56,Alta,Saludable
USR0041,1706.55,144.22,10.6,1166.97,395.36,76.83,Alta,En observación
USR0042,4604.84,286.13,6.98,1826.36,2492.35,45.88,Alta,Saludable
USR0043,1968.03,168.72,9.1,937.75,861.56,56.22,Alta,Saludable
USR0044,2090.56,601.27,43.09,1121.65,367.64,82.41,Media,En observación
USR0045,6671.59,690.49,11.1,2292.29,3688.81,44.71,Alta,Saludable
USR0046,5592.23,2350.29,48.19,2822.07,419.87,92.49,Baja,En riesgo
USR0047,2774.01,479.22,18.34,969.17,1325.62,52.21,Alta,Saludable
USR0048,6416.7,2644.81,41.9,2508.47,1263.42,80.31,Media,En observación
USR0049,5059.48,2097.37,43.67,1899.14,1062.97,78.99,Alta,En observación
USR0050,4656.8,783.45,17.32,1696.81,2176.54,53.26,Alta,Saludable
USR0051,5212.02,2231.15,43.12,1414.43,1566.44,69.95,Alta,En observación
USR0052,1639.41,269.66,17.72,1097.24,272.51,83.38,Media,En observación
USR0053,3292.28,1417.19,48.75,1245.7,629.39,80.88,Media,En riesgo
USR0054,3000.81,1063.73,37.05,719.92,1217.16,59.44,Alta,En observación
USR0055,4507.45,774.59,20.81,1495.97,2236.89,50.37,Alta,Saludable
USR0056,4351.9,2017.91,49.22,2061.75,272.24,93.74,Baja,En riesgo
USR0057,5160.67,1074.72,21.42,1611.9,2474.05,52.06,Alta,Saludable
USR0058,2180.62,392.52,18.94,1001.7,786.4,63.94,Alta,Saludable
USR0059,3997.05,1396.69,35.53,1635.94,964.42,75.87,Alta,En observación
USR0060,7137.16,1249.39,17.87,1672.82,4214.95,40.94,Alta,Saludable
USR0061,6945.57,3332.28,50.09,2536.32,1076.97,84.49,Media,En riesgo
USR0062,4042.58,460.58,12.22,2429.3,1152.7,71.49,Alta,Saludable
USR0063,2570.07,1295.9,50.67,1178.29,95.88,96.27,Baja,En riesgo
USR0064,2713.96,786.86,35.65,1232.36,694.74,74.4,Alta,En observación
USR0065,4977.36,458.51,9.2,1620.02,2898.83,41.76,Alta,Saludable
USR0066,1399.83,485.04,35.1,978.23,-63.44,104.53,Nunca,En riesgo
USR0067,1667.26,454.82,30.18,1068.53,143.91,91.37,Baja,En observación
USR0068,7331.4,1742.74,25.5,2145.14,3443.52,53.03,Alta,En observación
USR0069,3404.17,175.78,5.84,1790.4,1437.99,57.76,Alta,Saludable
USR0070,3352.22,519.67,17.61,1732.18,1100.37,67.17,Alta,Saludable
USR0071,2242.99,726.12,38.64,1378.71,138.16,93.84,Baja,En observación
USR0072,4845.74,1853.04,39.48,2401.1,591.6,87.79,Media,En observación
USR0073,2060.65,250.81,13.77,1196.19,613.65,70.22,Alta,Saludable
USR0074,7177.91,31.51,0.48,1917.02,5229.38,27.15,Alta,Saludable
USR0075,3360.14,1504.92,44.99,1597.57,257.65,92.33,Baja,En observación
USR0076,2509.34,305.8,12.1,1248.33,955.21,61.93,Alta,Saludable
USR0077,5096.32,678.25,13.85,2000.45,2417.62,52.56,Alta,Saludable
USR0078,3246.18,678.34,21.54,1427.9,1139.94,64.88,Alta,Saludable
USR0079,2934.78,1063.01,36.25,1976.03,-104.26,103.55,Nunca,En riesgo
USR0080,5886.59,2285.87,41.86,1852.28,1748.44,70.3,Alta,En observación
USR0081,7303.24,275.46,4.0,2114.85,4912.93,32.73,Alta,Saludable
USR0082,2902.7,1458.9,54.26,1178.72,265.08,90.87,Baja,En riesgo
USR0083,6304.37,2437.52,41.82,2439.67,1427.18,77.36,Alta,En observación
USR0084,2917.64,175.75,7.06,1072.73,1669.16,42.79,Alta,Saludable
USR0085,3224.55,1373.57,49.11,1074.91,776.07,75.93,Alta,En riesgo
USR0086,5934.59,1120.56,20.18,2102.44,2711.59,54.31,Alta,Saludable
USR0087,5231.22,2030.2,40.44,2825.71,375.31,92.83,Baja,En observación
USR0088,3543.26,167.45,5.85,1389.78,1986.03,43.95,Alta,Saludable
USR0089,6097.37,2298.62,38.93,2157.48,1641.27,73.08,Alta,En observación
USR0090,6066.49,2402.64,40.85,2645.67,1018.18,83.22,Media,En observación
USR0091,3409.95,1194.7,35.99,1899.22,316.03,90.73,Baja,En observación
USR0092,3734.14,1653.45,49.69,823.03,1257.66,66.32,Alta,En riesgo
USR0093,2072.23,735.0,38.31,917.22,420.01,79.73,Alta,En observación
USR0094,3766.72,1605.57,50.03,1215.49,945.66,74.89,Alta,En riesgo
USR0095,6387.39,563.96,9.62,2638.44,3184.99,50.14,Alta,Saludable
USR0096,1890.57,165.98,12.86,1280.51,444.08,76.51,Alta,En observación
USR0097,6699.32,2863.29,42.26,2210.23,1625.8,75.73,Alta,En observación
USR0098,5762.28,609.99,11.52,2428.83,2723.46,52.74,Alta,Saludable
USR0099,2433.22,595.13,24.48,1507.08,331.01,86.4,Media,En observación
USR0100,5062.41,1454.21,33.9,2515.86,1092.34,78.42,Alta,En observación
USR0101,1966.53,717.69,46.38,965.89,282.95,85.61,Media,En riesgo
USR0102,2675.32,1028.72,39.28,1369.04,277.56,89.63,Media,En observación
USR0103,3497.81,495.89,16.31,1126.46,1875.46,46.38,Alta,Saludable
USR0104,6612.87,745.66,11.93,1966.89,3900.32,41.02,Alta,Saludable
USR0105,4308.44,1984.53,48.14,1765.81,558.1,87.05,Media,En riesgo
USR0106,6084.02,2371.65,39.51,1250.38,2461.99,59.53,Alta,En observación
USR0107,2797.64,900.16,34.5,1124.18,773.3,72.36,Alta,En observación
USR0108,4288.67,660.94,16.75,1754.95,1872.78,56.33,Alta,Saludable
USR0109,5705.9,2107.63,37.12,3169.34,428.93,92.48,Baja,En observación
USR0110,6737.13,1491.23,23.36,2850.1,2395.8,64.44,Alta,Saludable
USR0111,2061.51,303.33,14.91,889.07,869.11,57.84,Alta,Saludable
USR0112,5508.52,2122.02,38.64,2651.0,735.5,86.65,Media,En observación
USR0113,5522.27,1075.94,21.83,1885.78,2560.55,53.63,Alta,Saludable
USR0114,4844.44,172.2,3.78,2509.47,2162.77,55.36,Alta,Saludable
USR0115,1830.61,764.69,44.31,916.9,149.02,91.86,Baja,En observación
USR0116,1824.53,632.17,34.26,893.54,298.82,83.62,Media,En observación
USR0117,3113.89,277.07,9.44,1778.63,1058.19,66.02,Alta,Saludable
USR0118,5736.38,2794.77,48.6,2020.76,920.85,83.95,Media,En riesgo
USR0119,3586.62,253.3,8.34,2033.66,1299.66,63.76,Alta,Saludable
USR0120,4158.8,240.17,6.2,1579.81,2338.82,43.76,Alta,Saludable
USR0121,6851.94,88.0,1.3,2118.12,4645.82,32.2,Alta,Saludable
USR0122,4533.27,372.56,8.97,1807.81,2352.9,48.1,Alta,Saludable
USR0123,1225.32,665.44,54.83,1191.5,-631.62,151.55,Nunca,En riesgo
USR0124,5577.17,1997.73,38.83,1519.43,2060.01,63.06,Alta,En observación
USR0125,6182.32,2451.0,43.27,3289.25,442.07,92.85,Baja,En observación
USR0126,4873.85,1728.08,36.52,2068.67,1077.1,77.9,Alta,En observación
USR0127,3130.96,171.86,5.67,1324.75,1634.35,47.8,Alta,Saludable
USR0128,5469.52,2188.16,40.43,1447.7,1833.66,66.47,Alta,En observación
USR0129,5505.82,1950.06,35.58,3286.67,269.09,95.11,Baja,En riesgo
USR0130,1918.14,601.22,35.58,1055.0,261.92,86.35,Media,En observación
USR0131,2008.57,813.09,47.88,1439.72,-244.24,112.16,Nunca,En riesgo
USR0132,1860.85,182.02,14.54,841.47,837.36,55.0,Alta,Saludable
USR0133,4754.29,2053.5,47.81,2458.55,242.24,94.9,Baja,En riesgo
USR0134,5224.2,360.44,7.19,1830.35,3033.41,41.94,Alta,Saludable
USR0135,5504.23,617.78,11.43,2300.88,2585.57,53.03,Alta,Saludable
USR0136,3438.43,622.77,19.8,940.79,1874.87,45.47,Alta,Saludable
USR0137,5962.68,669.93,11.49,1394.96,3897.79,34.63,Alta,Saludable
USR0138,3070.79,474.3,15.44,1253.87,1342.62,56.28,Alta,Saludable
USR0139,2631.47,308.32,11.85,1304.48,1018.67,61.29,Alta,Saludable
USR0140,3583.08,337.61,9.85,2038.87,1206.6,66.33,Alta,Saludable
USR0141,2823.71,177.6,6.58,1705.23,940.88,66.68,Alta,Saludable
USR0142,4648.07,1752.28,38.34,2169.94,725.85,84.38,Media,En observación
USR0143,2924.47,632.55,24.58,1574.36,717.56,75.46,Alta,En observación
USR0144,4962.02,2519.16,53.77,2734.69,-291.83,105.88,Nunca,En riesgo
USR0145,7390.88,418.43,6.15,1514.58,5457.87,26.15,Alta,Saludable
USR0146,6904.73,2962.87,44.35,3230.6,711.26,89.7,Media,En observación
USR0147,2679.4,273.52,10.92,1296.44,1109.44,58.59,Alta,Saludable
USR0148,4699.44,641.84,15.62,1712.22,2345.38,50.09,Alta,Saludable
USR0149,3124.32,674.73,22.42,966.46,1483.13,52.53,Alta,Saludable
USR0150,4450.97,1292.0,29.76,1681.29,1477.68,66.8,Alta,En observación
USR0151,2146.9,328.54,23.36,1347.88,470.48,78.09,Alta,En observación
USR0152,2898.01,1254.9,50.37,1234.49,408.62,85.9,Media,En riesgo
USR0153,2176.23,146.92,7.23,1297.83,731.48,66.39,Alta,Saludable
USR0154,3266.89,447.11,13.74,1477.77,1342.01,58.92,Alta,Saludable
USR0155,6178.88,129.19,2.16,2059.83,3989.86,35.43,Alta,Saludable
USR0156,6880.45,2199.92,33.37,2453.37,2227.16,67.63,Alta,En observación
USR0157,5500.75,778.85,14.19,2660.67,2061.23,62.53,Alta,Saludable
USR0158,4620.36,506.32,12.08,1877.54,2236.5,51.59,Alta,Saludable
USR0159,6011.57,1670.56,29.77,2209.61,2131.4,64.55,Alta,En observación
USR0160,2745.66,462.51,17.12,1552.0,731.15,73.37,Alta,Saludable
USR0161,1661.93,61.61,4.75,1550.0,50.32,96.97,Baja,En riesgo
USR0162,4804.96,2541.64,54.97,2227.48,35.84,99.25,Baja,En riesgo
USR0163,7092.91,1175.9,18.3,1882.08,4034.93,43.11,Alta,Saludable
USR0164,3456.54,1146.74,35.69,1629.69,680.11,80.32,Media,En observación
USR0165,4710.34,1754.06,43.55,2268.86,687.42,85.41,Media,En observación
USR0166,2818.27,496.85,21.02,1226.95,1094.47,61.17,Alta,Saludable
USR0167,6811.4,1050.27,15.77,1866.6,3894.53,42.82,Alta,Saludable
USR0168,5341.75,1273.66,24.59,2826.48,1241.61,76.76,Alta,En observación
USR0169,4420.3,1869.25,45.8,1694.0,857.05,80.61,Media,En riesgo
USR0170,7927.96,2138.16,31.28,2024.49,3765.31,52.51,Alta,En observación
USR0171,6944.73,1027.69,14.78,1931.56,3985.48,42.61,Alta,Saludable
USR0172,3488.07,590.31,19.18,1487.5,1410.26,59.57,Alta,Saludable
USR0173,3554.57,1721.64,54.29,1207.5,625.43,82.4,Media,En riesgo
USR0174,2607.35,976.69,46.84,1021.5,609.16,76.64,Alta,En riesgo
USR0175,5488.68,1800.05,33.64,2692.85,995.78,81.86,Media,En observación
USR0176,4033.54,1880.81,46.71,1335.89,816.84,79.75,Alta,En riesgo
USR0177,1840.87,693.54,51.24,1150.27,-2.94,100.16,Nunca,En riesgo
USR0178,3325.37,433.21,12.99,1535.74,1356.42,59.21,Alta,Saludable
USR0179,1470.4,523.17,43.59,1169.94,-222.71,115.15,Nunca,En riesgo
USR0180,1646.22,619.7,45.64,1502.28,-475.76,128.9,Nunca,En riesgo
USR0181,2975.64,1360.04,53.74,1188.53,427.07,85.65,Media,En riesgo
USR0182,4801.92,2577.09,54.24,2251.41,-26.58,100.55,Nunca,En riesgo
USR0183,1677.41,277.47,18.74,998.34,401.6,76.06,Alta,En observación
USR0184,7451.89,144.08,2.06,3047.89,4259.92,42.83,Alta,Saludable
USR0185,3124.55,582.54,19.68,1382.31,1159.7,62.88,Alta,Saludable
USR0186,4065.77,1480.63,37.23,1518.72,1066.42,73.77,Alta,En observación
USR0187,3739.82,689.36,20.16,1663.16,1387.3,62.9,Alta,Saludable
USR0188,3705.19,646.4,20.64,1407.64,1651.15,55.44,Alta,Saludable
USR0189,5233.24,2535.79,48.82,2808.9,-111.45,102.13,Nunca,En riesgo
USR0190,4958.06,674.8,15.37,1669.8,2613.46,47.29,Alta,Saludable
USR0191,6867.34,1064.98,15.64,2227.15,3575.21,47.94,Alta,Saludable
USR0192,5267.44,2136.88,40.71,2657.74,472.82,91.02,Baja,En observación
USR0193,4476.34,620.77,14.96,1916.89,1938.68,56.69,Alta,Saludable
USR0194,3478.35,1234.42,39.93,1142.4,1101.53,68.33,Alta,En observación
USR0195,7113.94,3445.17,50.6,3491.54,177.23,97.51,Baja,En riesgo
USR0196,4632.06,1329.46,34.93,1600.36,1702.24,63.25,Alta,En observación
USR0197,4576.12,551.45,14.18,2722.87,1301.8,71.55,Alta,Saludable
USR0198,6153.55,2055.1,33.8,2182.53,1915.92,68.86,Alta,En observación
USR0199,3155.82,241.14,7.75,1475.65,1439.03,54.4,Alta,Saludable
USR0200,5634.02,58.12,1.12,1832.69,3743.21,33.56,Alta,Saludable
USR0201,6433.9,146.48,2.57,2049.83,4237.59,34.14,Alta,Saludable
USR0202,6304.45,224.62,3.56,2049.37,4030.46,36.07,Alta,Saludable
USR0203,1453.88,725.0,49.73,1441.36,-712.48,149.01,Nunca,En riesgo
USR0204,5020.74,1289.18,25.57,2129.58,1601.98,68.09,Alta,En observación
USR0205,2584.11,1037.96,39.81,1347.75,198.4,92.32,Baja,En observación
USR0206,2090.63,1064.57,50.93,943.39,82.67,96.05,Baja,En riesgo
USR0207,5756.58,2411.87,42.33,2742.15,602.56,89.53,Media,En observación
USR0208,7787.58,3680.69,53.33,2079.38,2027.51,73.96,Alta,En riesgo
USR0209,6958.21,53.27,0.84,2495.18,4409.76,36.63,Alta,Saludable
USR0210,3227.16,217.21,6.7,1758.49,1251.46,61.22,Alta,Saludable
USR0211,3750.69,1713.44,47.0,2032.21,5.04,99.87,Baja,En riesgo
USR0212,6218.41,1871.32,31.22,1888.77,2458.32,60.47,Alta,En observación
USR0213,3144.9,99.7,3.24,1699.37,1345.83,57.21,Alta,Saludable
USR0214,5434.21,877.97,17.37,2538.45,2017.79,62.87,Alta,Saludable
USR0215,3684.19,69.93,1.93,1722.0,1892.26,48.64,Alta,Saludable
USR0216,6124.62,501.31,8.36,2523.28,3100.03,49.38,Alta,Saludable
USR0217,2583.99,584.99,25.04,1127.3,871.7,66.27,Alta,En observación
USR0218,2719.94,412.7,21.25,841.38,1465.86,46.11,Alta,Saludable
USR0219,6636.96,1818.77,28.4,2269.15,2549.04,61.59,Alta,En observación
USR0220,1550.02,357.83,28.09,1271.26,-79.07,105.1,Nunca,En riesgo
USR0221,5509.49,2651.41,50.02,3143.68,-285.6,105.18,Nunca,En riesgo
USR0222,5293.01,2751.87,54.45,2118.48,422.66,92.01,Baja,En riesgo
USR0223,5694.49,1717.04,30.89,3097.3,880.15,84.54,Media,En observación
USR0224,5963.15,2948.91,51.81,2775.75,238.49,96.0,Baja,En riesgo
USR0225,6927.59,671.21,10.48,2095.2,4161.18,39.93,Alta,Saludable
USR0226,6776.87,1940.9,29.65,2468.21,2367.76,65.06,Alta,En observación
USR0227,5687.42,2131.81,38.18,2730.96,824.65,85.5,Media,En observación
USR0228,2395.04,617.53,29.46,962.59,814.92,65.97,Alta,En observación
USR0229,1372.74,375.63,28.05,704.29,292.82,78.67,Alta,En observación
USR0230,2807.16,78.94,3.26,1469.61,1258.61,55.16,Alta,Saludable
USR0231,4429.16,1287.68,29.75,1724.9,1416.58,68.02,Alta,En observación
USR0232,1591.62,556.36,36.56,893.01,142.25,91.06,Baja,En observación
USR0233,7067.1,2093.04,31.04,2477.65,2496.41,64.68,Alta,En observación
USR0234,3414.35,826.28,26.83,1761.45,826.62,75.79,Alta,En observación
USR0235,3705.07,976.96,29.28,2012.44,715.67,80.68,Media,En observación
USR0236,5793.05,2280.5,41.34,1909.19,1603.36,72.32,Alta,En observación
USR0237,2968.5,1419.56,53.12,1201.11,347.83,88.28,Media,En riesgo
USR0238,6998.22,1609.9,23.3,1916.84,3471.48,50.39,Alta,Saludable
USR0239,3676.79,667.5,18.04,1510.16,1499.13,59.23,Alta,Saludable
USR0240,1478.7,525.99,37.93,1367.42,-414.71,128.05,Nunca,En riesgo
USR0241,5479.99,1209.61,22.77,1688.72,2581.66,52.89,Alta,Saludable
USR0242,3036.26,963.88,34.85,1499.9,572.48,81.15,Media,En observación
USR0243,1631.29,376.1,26.64,1078.37,176.82,89.16,Media,En observación
USR0244,3005.97,303.89,11.0,1178.97,1523.11,49.33,Alta,Saludable
USR0245,5949.74,2810.09,48.32,2639.51,500.14,91.59,Baja,En riesgo
USR0246,3614.14,1321.96,41.93,1860.24,431.94,88.05,Media,En observación
USR0247,2323.38,978.43,47.91,1682.53,-337.58,114.53,Nunca,En riesgo
USR0248,4504.65,2212.44,48.74,1807.36,484.85,89.24,Media,En riesgo
USR0249,7718.54,1632.91,24.3,2343.75,3741.88,51.52,Alta,Saludable
USR0250,4843.3,2172.38,48.07,2180.2,490.72,89.87,Media,En riesgo
USR0251,4999.83,1903.45,40.83,2095.38,1001.0,79.98,Alta,En observación
USR0252,3147.85,602.92,19.58,2099.81,445.12,85.86,Media,En observación
USR0253,4198.61,570.88,15.82,1645.4,1982.33,52.79,Alta,Saludable
USR0254,1803.55,342.07,22.19,1093.74,367.74,79.61,Alta,En observación
USR0255,1744.8,659.32,40.77,1255.02,-169.54,109.72,Nunca,En riesgo
USR0256,1572.19,421.35,33.65,1818.74,-667.9,142.48,Nunca,En riesgo
USR0257,2014.35,309.45,17.03,1314.06,390.84,80.6,Media,En observación
USR0258,5040.54,1374.02,28.38,2293.48,1373.04,72.76,Alta,En observación
USR0259,7308.74,940.12,15.1,1984.91,4383.71,40.02,Alta,Saludable
USR0260,2120.43,567.17,34.04,1409.46,143.8,93.22,Baja,En observación
USR0261,4776.04,201.71,4.5,2625.1,1949.23,59.19,Alta,Saludable
USR0262,2710.29,495.28,19.96,1248.42,966.59,64.34,Alta,Saludable
USR0263,4823.09,933.52,20.31,2599.16,1290.41,73.25,Alta,Saludable
USR0264,2474.13,888.24,37.39,1124.99,460.9,81.37,Media,En observación
USR0265,5429.82,1749.98,36.41,1874.16,1805.68,66.75,Alta,En observación
USR0266,5503.57,786.34,14.39,1386.01,3331.22,39.47,Alta,Saludable
USR0267,3926.06,539.02,15.33,1537.08,1849.96,52.88,Alta,Saludable
USR0268,5748.84,140.53,2.63,1786.08,3822.23,33.51,Alta,Saludable
USR0269,4067.77,331.96,8.18,1996.23,1739.58,57.24,Alta,Saludable
USR0270,2897.34,547.74,21.04,1366.48,983.12,66.07,Alta,Saludable
USR0271,4731.52,1892.95,40.48,2460.81,377.76,92.02,Baja,En observación
USR0272,5111.52,699.88,14.57,2254.62,2157.02,57.8,Alta,Saludable
USR0273,5088.06,79.63,1.59,2006.6,3001.83,41.0,Alta,Saludable
USR0274,2423.2,1171.97,50.58,1151.18,100.05,95.87,Baja,En riesgo
USR0275,1208.19,131.63,10.89,1262.03,-185.47,115.35,Nunca,En riesgo
USR0276,1894.58,302.06,24.96,797.35,795.17,58.03,Alta,Saludable
USR0277,4906.04,2381.29,50.7,1692.93,831.82,83.04,Media,En riesgo
USR0278,2670.37,859.02,36.76,877.07,934.28,65.01,Alta,En observación
USR0279,1874.58,139.13,9.55,1018.7,716.75,61.76,Alta,Saludable
USR0280,2821.43,508.34,20.73,1519.29,793.8,71.87,Alta,Saludable
USR0281,5305.41,1006.51,19.88,1989.41,2309.49,56.47,Alta,Saludable
USR0282,2517.79,767.64,42.7,1339.41,410.74,83.69,Media,En observación
USR0283,5436.74,1225.01,22.64,1533.45,2678.28,50.74,Alta,Saludable
USR0284,2802.66,955.34,37.12,1387.77,459.55,83.6,Media,En observación
USR0285,3383.52,1112.7,34.76,1675.17,595.65,82.4,Media,En observación
USR0286,2748.54,286.13,11.89,968.5,1493.91,45.65,Alta,Saludable
USR0287,6602.9,150.71,2.42,2583.94,3868.25,41.42,Alta,Saludable
USR0288,2787.72,358.97,13.39,1534.52,894.23,67.92,Alta,Saludable
USR0289,7479.44,2260.57,32.98,2754.27,2464.6,67.05,Alta,En observación
USR0290,2959.64,645.2,23.24,1202.15,1112.29,62.42,Alta,Saludable
USR0291,3877.45,536.22,14.5,1563.05,1778.18,54.14,Alta,Saludable
USR0292,4285.9,471.19,11.56,2109.53,1705.18,60.21,Alta,Saludable
USR0293,5492.9,1075.14,21.51,1794.29,2623.47,52.24,Alta,Saludable
USR0294,3847.7,430.05,12.05,2194.32,1223.33,68.21,Alta,Saludable
USR0295,6559.8,1439.45,23.95,2387.64,2732.71,58.34,Alta,Saludable
USR0296,4353.45,1390.19,34.49,1583.04,1380.22,68.3,Alta,En observación
USR0297,3554.4,764.76,23.74,1254.92,1534.72,56.82,Alta,Saludable
USR0298,6131.88,511.18,8.65,1715.31,3905.39,36.31,Alta,Saludable
USR0299,4532.1,1641.4,36.73,1789.42,1101.28,75.7,Alta,En observación
USR0300,5204.35,819.95,16.14,2668.69,1715.71,67.03,Alta,Saludable
USR0301,5459.02,2320.54,43.29,2003.41,1135.07,79.21,Alta,En observación
USR0302,1531.11,790.8,52.01,1320.65,-580.34,137.9,Nunca,En riesgo
USR0303,6128.94,771.3,12.65,1481.25,3876.39,36.75,Alta,Saludable
USR0304,3101.51,997.58,42.15,1100.51,1003.42,67.65,Alta,En observación
USR0305,6888.8,1681.16,25.44,2330.98,2876.66,58.24,Alta,En observación
USR0306,3891.56,87.08,2.4,1509.36,2295.12,41.02,Alta,Saludable
USR0307,1995.08,731.04,41.43,1097.39,166.65,91.65,Baja,En observación
USR0308,5223.85,65.46,1.43,2428.63,2729.76,47.74,Alta,Saludable
USR0309,3279.8,1117.1,36.7,1204.02,958.68,70.77,Alta,En observación
USR0310,3133.39,1196.17,38.0,1384.56,552.66,82.36,Media,En observación
USR0311,5492.59,290.87,5.54,2528.31,2673.41,51.33,Alta,Saludable
USR0312,1796.24,834.67,53.98,1210.14,-248.57,113.84,Nunca,En riesgo
USR0313,7081.67,1913.03,28.48,2548.39,2620.25,63.0,Alta,En observación
USR0314,4508.38,2072.09,48.66,2536.02,-99.73,102.21,Nunca,En riesgo
USR0315,4377.9,300.24,8.51,1982.29,2095.37,52.14,Alta,Saludable
USR0316,5645.23,1710.47,30.43,2620.92,1313.84,76.73,Alta,En observación
USR0317,2607.99,113.8,4.99,972.78,1521.41,41.66,Alta,Saludable
USR0318,6102.41,2007.54,34.79,1355.57,2739.3,55.11,Alta,En observación
USR0319,2933.48,629.2,24.21,1575.61,728.67,75.16,Alta,En observación
USR0320,6989.73,554.81,7.94,2112.12,4322.8,38.15,Alta,Saludable
USR0321,3610.52,1515.49,42.0,1283.29,811.74,77.52,Alta,En observación
USR0322,5887.92,2827.04,50.61,2933.31,127.57,97.83,Baja,En riesgo
USR0323,3982.06,1158.45,30.14,2488.29,335.32,91.58,Baja,En observación
USR0324,6523.8,2750.99,42.98,1513.5,2259.31,65.37,Alta,En observación
USR0325,3159.92,722.32,25.78,1389.13,1048.47,66.82,Alta,En observación
USR0326,3210.71,1257.9,41.42,1577.32,375.49,88.31,Media,En observación
USR0327,7088.2,182.09,2.77,1455.72,5450.39,23.11,Alta,Saludable
USR0328,6107.9,647.22,10.59,1989.74,3470.94,43.17,Alta,Saludable
USR0329,6777.9,1226.15,18.17,2851.42,2700.33,60.16,Alta,Saludable
USR0330,4711.94,1646.1,36.55,2657.16,408.68,91.33,Baja,En observación
USR0331,6114.28,2718.34,51.12,1556.31,1839.63,69.91,Alta,En riesgo
USR0332,5799.11,2512.2,45.37,2341.23,945.68,83.69,Media,En riesgo
USR0333,2568.27,745.88,33.3,1566.95,255.44,90.05,Baja,En observación
USR0334,3526.41,168.83,4.77,2344.6,1012.98,71.27,Alta,Saludable
USR0335,1628.21,659.83,53.39,1280.84,-312.46,119.19,Nunca,En riesgo
USR0336,2575.46,778.29,39.06,1044.0,753.17,70.76,Alta,En observación
USR0337,6974.41,3038.02,45.3,2294.72,1641.67,76.46,Alta,En riesgo
USR0338,3324.49,932.77,38.61,1104.85,1286.87,61.29,Alta,En observación
USR0339,2304.24,437.65,22.15,1456.77,409.82,82.21,Media,En observación
USR0340,2106.35,41.37,2.52,1268.04,796.94,62.16,Alta,Saludable
USR0341,1648.37,675.81,46.12,1103.39,-130.83,107.94,Nunca,En riesgo
USR0342,1954.76,559.39,31.23,1208.48,186.89,90.44,Baja,En observación
USR0343,5336.2,2105.32,40.71,2331.32,899.56,83.14,Media,En observación
USR0344,6870.03,549.54,7.97,2468.7,3851.79,43.93,Alta,Saludable
USR0345,1923.1,421.93,29.39,1491.17,10.0,99.48,Baja,En riesgo
USR0346,6424.22,1047.51,16.48,2238.68,3138.03,51.15,Alta,Saludable
USR0347,7228.54,2047.14,31.12,2101.18,3080.22,57.39,Alta,En observación
USR0348,4281.66,1131.62,26.95,1534.78,1615.26,62.27,Alta,En observación
USR0349,6904.28,1221.6,17.82,1798.45,3884.23,43.74,Alta,Saludable
USR0350,2775.17,16.21,0.71,1105.84,1653.12,40.43,Alta,Saludable
USR0351,3009.23,736.26,25.06,2183.7,89.27,97.03,Baja,En riesgo
USR0352,4533.56,2412.31,53.59,1985.75,135.5,97.01,Baja,En riesgo
USR0353,4432.1,228.26,5.49,1315.45,2888.39,34.83,Alta,Saludable
USR0354,5806.2,2596.25,47.36,2460.47,749.48,87.09,Media,En riesgo
USR0355,6105.89,2404.88,41.83,2492.6,1208.41,80.21,Media,En observación
USR0356,7031.79,1145.94,17.54,2220.35,3665.5,47.87,Alta,Saludable
USR0357,5725.93,2557.9,47.56,2170.82,997.21,82.58,Media,En riesgo
USR0358,5520.0,1864.76,35.14,2307.58,1347.66,75.59,Alta,En observación
USR0359,2515.63,519.06,22.05,1032.14,964.43,61.66,Alta,Saludable
USR0360,1820.42,623.25,41.08,1230.56,-33.39,101.83,Nunca,En riesgo
USR0361,5698.95,12.58,0.22,1988.05,3698.32,35.11,Alta,Saludable
USR0362,2383.4,1140.23,53.7,899.26,343.91,85.57,Media,En riesgo
USR0363,4990.43,2550.95,52.21,2198.84,240.64,95.18,Baja,En riesgo
USR0364,2291.81,249.18,16.42,1189.45,853.18,62.77,Alta,Saludable
USR0365,2217.7,904.39,42.34,1049.77,263.54,88.12,Media,En observación
USR0366,2777.56,518.87,24.13,1022.2,1236.49,55.48,Alta,Saludable
USR0367,4439.41,836.02,20.64,2179.35,1424.04,67.92,Alta,Saludable
USR0368,3792.39,1687.03,45.97,1312.49,792.87,79.09,Alta,En riesgo
USR0369,2416.94,541.8,24.87,1134.75,740.39,69.37,Alta,Saludable
USR0370,4210.42,1607.64,39.25,1519.7,1083.08,74.28,Alta,En observación
USR0371,7134.97,1700.38,24.31,2010.83,3423.76,52.01,Alta,Saludable
USR0372,6472.55,3016.57,46.79,2657.91,798.07,87.67,Media,En riesgo
USR0373,6076.5,815.36,13.5,2222.24,3038.9,49.99,Alta,Saludable
USR0374,4658.83,1735.04,39.84,2272.44,651.35,86.02,Media,En observación
USR0375,6253.8,2883.72,46.94,2361.55,1008.53,83.87,Media,En riesgo
USR0376,5725.72,946.73,17.79,2245.0,2533.99,55.74,Alta,Saludable
USR0377,4235.86,104.98,2.71,2206.58,1924.3,54.57,Alta,Saludable
USR0378,3881.52,114.21,3.07,1824.18,1943.13,49.94,Alta,Saludable
USR0379,3989.82,886.03,22.23,1632.28,1471.51,63.12,Alta,Saludable
USR0380,5365.59,374.97,7.44,1977.8,3012.82,43.85,Alta,Saludable
USR0381,5568.66,2328.35,45.53,2834.1,406.21,92.71,Baja,En riesgo
USR0382,2399.09,793.5,42.69,912.31,693.28,71.1,Alta,En observación
USR0383,4645.54,2067.51,53.6,1741.57,836.46,81.99,Media,En riesgo
USR0384,2801.73,1249.43,49.22,1445.05,107.25,96.17,Baja,En riesgo
USR0385,5493.92,65.31,1.21,3071.03,2357.58,57.09,Alta,Saludable
USR0386,3388.09,1636.78,53.02,1444.29,307.02,90.94,Baja,En riesgo
USR0387,6552.54,1412.33,22.8,2955.12,2185.09,66.65,Alta,Saludable
USR0388,1327.03,30.81,2.5,1491.98,-195.76,114.75,Nunca,En riesgo
USR0389,2767.33,349.96,15.61,1003.95,1413.42,48.92,Alta,Saludable
USR0390,2269.59,453.34,23.09,898.36,917.89,59.56,Alta,Saludable
USR0391,4584.56,1658.03,38.61,1862.33,1064.2,76.79,Alta,En observación
USR0392,4391.23,141.33,3.46,1985.8,2264.1,48.44,Alta,Saludable
USR0393,6288.94,2277.48,38.73,2333.75,1677.71,73.32,Alta,En observación
USR0394,1825.4,353.09,28.54,1259.59,212.72,88.35,Media,En observación
USR0395,4291.64,1084.41,24.96,2602.23,605.0,85.9,Media,En observación
USR0396,5395.79,1217.06,24.82,2299.84,1878.89,65.18,Alta,Saludable
USR0397,4703.09,882.87,19.0,2166.37,1653.85,64.83,Alta,Saludable
USR0398,6658.68,2.56,0.04,2108.29,4547.83,31.7,Alta,Saludable
USR0399,4584.53,501.4,11.35,2921.18,1161.95,74.65,Alta,Saludable
USR0400,4439.31,275.62,6.37,2246.98,1916.71,56.82,Alta,Saludable
USR0401,2393.24,736.39,45.76,991.89,664.96,72.22,Alta,En riesgo
USR0402,3095.14,334.77,12.5,1255.79,1504.58,51.39,Alta,Saludable
USR0403,2960.5,895.82,31.98,924.4,1140.28,61.48,Alta,En observación
USR0404,1545.6,264.42,20.12,838.96,442.22,71.39,Alta,Saludable
USR0405,4929.84,1346.52,27.51,2407.25,1176.07,76.14,Alta,En observación
USR0406,4418.71,328.16,8.14,1777.03,2313.52,47.64,Alta,Saludable
USR0407,4747.07,2109.67,48.41,1700.68,936.72,80.27,Media,En riesgo
USR0408,4297.17,561.14,13.43,1709.82,2026.21,52.85,Alta,Saludable
USR0409,5947.32,102.98,1.83,2437.65,3406.69,42.72,Alta,Saludable
USR0410,3578.23,1376.83,41.77,1499.16,702.24,80.37,Media,En observación
USR0411,4321.07,263.25,6.44,1653.51,2404.31,44.36,Alta,Saludable
USR0412,7564.52,468.18,6.75,2916.28,4180.06,44.74,Alta,Saludable
USR0413,4788.89,1816.33,40.89,2012.78,959.78,79.96,Alta,En observación
USR0414,3798.44,1502.9,40.65,1320.42,975.12,74.33,Alta,En observación
USR0415,7337.18,1621.31,23.38,2411.94,3303.93,54.97,Alta,Saludable
USR0416,4527.06,169.28,3.99,1841.12,2516.66,44.41,Alta,Saludable
USR0417,6436.7,397.31,6.77,1681.93,4357.46,32.3,Alta,Saludable
USR0418,4807.49,2005.77,44.4,2300.66,501.06,89.58,Media,En observación
USR0419,2907.63,887.61,34.26,1209.36,810.66,72.12,Alta,En observación
USR0420,2266.48,164.33,8.51,1204.96,897.19,60.41,Alta,Saludable
USR0421,3720.48,1452.63,53.54,1048.75,1219.1,67.23,Alta,En riesgo
USR0422,2143.45,648.24,43.21,1021.71,473.5,77.91,Alta,En observación
USR0423,6923.68,3104.03,49.25,2199.42,1620.23,76.6,Alta,En riesgo
USR0424,2049.48,483.72,28.56,1026.98,538.78,73.71,Alta,En observación
USR0425,4853.23,412.44,9.43,1802.1,2638.69,45.63,Alta,Saludable
USR0426,3242.72,19.87,0.62,1466.81,1756.04,45.85,Alta,Saludable
USR0427,5990.95,18.77,0.34,1484.43,4487.75,25.09,Alta,Saludable
USR0428,4400.6,1986.93,45.74,2208.03,205.64,95.33,Baja,En riesgo
USR0429,6252.11,620.38,10.7,2963.41,2668.32,57.32,Alta,Saludable
USR0430,2815.07,551.51,20.63,1055.05,1208.51,57.07,Alta,Saludable
USR0431,3967.55,293.95,8.1,1755.68,1917.92,51.66,Alta,Saludable
USR0432,3407.34,312.11,10.9,1152.83,1942.4,42.99,Alta,Saludable
USR0433,3066.63,980.92,36.04,1224.77,860.94,71.93,Alta,En observación
USR0434,3595.32,780.27,22.92,2683.51,131.54,96.34,Baja,En riesgo
USR0435,3716.54,1065.09,30.1,1817.16,834.29,77.55,Alta,En observación
USR0436,6828.76,1114.96,17.02,2356.49,3357.31,50.84,Alta,Saludable
USR0437,4847.92,1768.46,38.35,1640.22,1439.24,70.31,Alta,En observación
USR0438,2471.01,516.02,24.89,1100.48,854.51,65.42,Alta,Saludable
USR0439,3495.14,1234.49,37.16,1867.09,393.56,88.74,Media,En observación
USR0440,1901.46,755.38,50.63,1114.46,31.62,98.34,Baja,En riesgo
USR0441,6610.36,3313.19,52.28,1962.95,1334.22,79.82,Alta,En riesgo
USR0442,6500.15,1219.39,19.22,1936.48,3344.28,48.55,Alta,Saludable
USR0443,5937.31,2623.4,44.24,2909.79,404.12,93.19,Baja,En observación
USR0444,5790.65,2206.61,40.55,1442.2,2141.84,63.01,Alta,En observación
USR0445,4306.04,1512.36,49.18,1685.37,1108.31,74.26,Alta,En riesgo
USR0446,5939.35,394.34,6.82,2612.03,2932.98,50.62,Alta,Saludable
USR0447,3267.98,1154.92,36.71,1454.65,658.41,79.85,Alta,En observación
USR0448,2198.72,447.59,25.37,828.3,922.83,58.03,Alta,En observación
USR0449,6100.99,1485.91,27.79,2202.23,2412.85,60.45,Alta,En observación
USR0450,4857.75,1362.24,28.94,2220.79,1274.72,73.76,Alta,En observación
USR0451,4467.44,1408.97,31.74,1812.1,1246.37,72.1,Alta,En observación
USR0452,7014.37,2252.19,36.37,2906.6,1855.58,73.55,Alta,En observación
USR0453,3905.14,646.23,17.15,1860.02,1398.89,64.18,Alta,Saludable
USR0454,2898.29,200.38,7.32,1307.41,1390.5,52.02,Alta,Saludable
USR0455,6822.68,1562.03,24.5,1722.56,3538.09,48.14,Alta,Saludable
USR0456,3008.77,634.28,29.01,1187.58,1186.91,60.55,Alta,En observación
USR0457,6231.39,518.17,8.56,3066.51,2646.71,57.53,Alta,Saludable
USR0458,3587.46,1272.26,37.46,2055.37,259.83,92.76,Baja,En observación
USR0459,1625.57,725.99,51.14,745.59,153.99,90.53,Baja,En riesgo
USR0460,7158.72,1271.8,18.3,2247.64,3639.28,49.16,Alta,Saludable
USR0461,4100.0,54.39,1.34,1485.69,2559.92,37.56,Alta,Saludable
USR0462,3811.51,1936.06,51.48,1613.44,262.01,93.13,Baja,En riesgo
USR0463,6543.43,1922.7,30.86,2826.18,1794.55,72.57,Alta,En observación
USR0464,4615.45,1979.18,44.18,1748.72,887.55,80.77,Media,En observación
USR0465,5218.1,1734.52,37.5,2528.66,954.92,81.7,Media,En observación
USR0466,3678.19,87.47,2.55,1812.51,1778.21,51.66,Alta,Saludable
USR0467,5701.21,825.48,15.35,2286.94,2588.79,54.59,Alta,Saludable
USR0468,3681.44,155.3,4.28,1692.6,1833.54,50.2,Alta,Saludable
USR0469,5538.88,1830.97,34.4,2496.38,1211.53,78.13,Alta,En observación
USR0470,1485.44,353.77,27.38,1016.35,115.32,92.24,Baja,En observación
USR0471,2440.1,756.32,31.16,1297.28,386.5,84.16,Media,En observación
USR0472,4703.94,341.05,8.19,1679.37,2683.52,42.95,Alta,Saludable
USR0473,2602.28,135.11,5.58,1071.98,1395.19,46.39,Alta,Saludable
USR0474,3736.38,295.15,8.0,1581.03,1860.2,50.21,Alta,Saludable
USR0475,3358.5,1469.63,46.71,1797.5,91.37,97.28,Baja,En riesgo
USR0476,2564.06,915.41,44.52,1274.91,373.74,85.42,Media,En observación
USR0477,2619.24,936.68,40.79,919.36,763.2,70.86,Alta,En observación
USR0478,4591.07,1853.26,40.35,2704.26,33.55,99.27,Baja,En riesgo
USR0479,4855.04,1504.57,31.95,1771.86,1578.61,67.49,Alta,En observación
USR0480,3536.7,1713.36,54.14,1428.59,394.75,88.84,Media,En riesgo
USR0481,4715.86,372.37,8.31,2213.17,2130.32,54.83,Alta,Saludable
USR0482,1560.77,593.5,42.77,1336.77,-369.5,123.67,Nunca,En riesgo
USR0483,2809.82,8.44,0.35,1030.99,1770.39,36.99,Alta,Saludable
USR0484,4835.01,2017.46,42.18,2896.35,-78.8,101.63,Nunca,En riesgo
USR0485,4960.15,1132.53,24.8,2375.41,1452.21,70.72,Alta,Saludable
USR0486,6619.66,1822.44,29.32,3338.24,1458.98,77.96,Alta,En observación
USR0487,3043.82,245.16,10.32,978.61,1820.05,40.21,Alta,Saludable
USR0488,4170.7,213.71,5.34,1596.46,2360.53,43.4,Alta,Saludable
USR0489,6523.64,228.99,3.79,2968.24,3326.41,49.01,Alta,Saludable
USR0490,2831.57,525.82,22.05,1612.23,693.52,75.51,Alta,En observación
USR0491,4687.04,1268.61,28.42,2760.31,658.12,85.96,Media,En observación
USR0492,4448.64,118.02,2.8,2260.31,2070.31,53.46,Alta,Saludable
USR0493,3482.72,896.25,26.07,1705.87,880.6,74.72,Alta,En observación
USR0494,5463.72,1004.2,19.94,2191.97,2267.55,58.5,Alta,Saludable
USR0495,4831.51,628.34,13.51,2981.96,1221.21,74.72,Alta,Saludable
USR0496,6279.18,1772.1,28.69,2530.09,1976.99,68.52,Alta,En observación
USR0497,2715.93,207.9,12.28,1550.02,958.01,64.73,Alta,Saludable
USR0498,3833.73,953.44,26.05,2052.62,827.67,78.41,Alta,En observación
USR0499,2641.41,1087.88,45.9,1338.03,215.5,91.84,Baja,En riesgo
USR0500,3635.61,639.99,18.25,1251.57,1744.05,52.03,Alta,Saludable
USR0501,7559.78,2783.42,40.06,2467.74,2308.62,69.46,Alta,En observación
USR0502,2145.02,56.33,2.88,1096.31,992.38,53.74,Alta,Saludable
USR0503,3191.45,1394.85,44.36,2340.76,-544.16,117.05,Nunca,En riesgo
USR0504,5382.38,1892.61,36.86,3152.99,336.78,93.74,Baja,En observación
USR0505,4421.78,1354.56,33.06,2146.91,920.31,79.19,Alta,En observación
USR0506,2188.52,279.2,14.57,1291.59,617.73,71.77,Alta,Saludable
USR0507,3876.05,375.64,10.71,1300.98,2199.43,43.26,Alta,Saludable
USR0508,7137.05,3402.63,53.83,2854.46,879.96,87.67,Media,En riesgo
USR0509,4261.36,780.84,18.52,2060.34,1420.18,66.67,Alta,Saludable
USR0510,5793.98,535.34,9.89,2234.85,3023.79,47.81,Alta,Saludable
USR0511,3623.42,529.81,16.72,1749.87,1343.74,62.92,Alta,Saludable
USR0512,3455.1,379.16,10.87,1073.53,2002.41,42.04,Alta,Saludable
USR0513,5552.7,1999.79,36.55,1890.86,1662.05,70.07,Alta,En observación
USR0514,5335.71,96.89,1.91,2367.01,2871.81,46.18,Alta,Saludable
USR0515,4832.55,1967.47,43.66,2524.37,340.71,92.95,Baja,En observación
USR0516,4263.43,1624.51,39.09,1327.49,1311.43,69.24,Alta,En observación
USR0517,5026.26,2473.63,51.08,2474.95,77.68,98.45,Baja,En riesgo
USR0518,3407.42,1361.86,48.58,1349.63,695.93,79.58,Alta,En riesgo
USR0519,6552.53,585.75,9.14,1941.71,4025.07,38.57,Alta,Saludable
USR0520,5397.57,1784.9,36.11,2068.93,1543.74,71.4,Alta,En observación
USR0521,2144.28,593.0,30.78,939.59,611.69,71.47,Alta,En observación
USR0522,5034.2,817.31,18.33,1629.34,2587.55,48.6,Alta,Saludable
USR0523,1562.78,433.9,27.92,1026.29,102.59,93.44,Baja,En observación
USR0524,6767.73,1349.08,20.41,3260.88,2157.77,68.12,Alta,Saludable
USR0525,4175.06,2139.2,51.24,2356.63,-320.77,107.68,Nunca,En riesgo
USR0526,6878.0,685.94,10.47,1682.63,4509.43,34.44,Alta,Saludable
USR0527,4790.68,2393.07,52.38,2560.18,-162.57,103.39,Nunca,En riesgo
USR0528,6747.94,190.38,2.99,1743.8,4813.76,28.66,Alta,Saludable
USR0529,6804.42,863.53,12.79,2758.33,3182.56,53.23,Alta,Saludable
USR0530,1702.26,493.49,28.9,1038.66,170.11,90.01,Baja,En observación
USR0531,6952.1,398.25,5.98,1941.6,4612.25,33.66,Alta,Saludable
USR0532,5728.05,1548.94,31.3,2428.01,1751.1,69.43,Alta,En observación
USR0533,4186.04,221.8,5.65,1824.44,2139.8,48.88,Alta,Saludable
USR0534,2547.02,550.96,25.09,1140.19,855.87,66.4,Alta,En observación
USR0535,6160.16,427.44,7.49,2230.61,3502.11,43.15,Alta,Saludable
USR0536,3947.66,1176.79,34.57,1763.06,1007.81,74.47,Alta,En observación
USR0537,6587.46,649.8,10.44,1050.9,4886.76,25.82,Alta,Saludable
USR0538,2114.25,734.05,37.75,1065.13,315.07,85.1,Media,En observación
USR0539,6659.12,2474.77,37.69,2902.77,1281.58,80.75,Media,En observación
USR0540,5866.03,790.99,14.02,2089.6,2985.44,49.11,Alta,Saludable
USR0541,5200.64,2662.71,52.32,1369.14,1168.79,77.53,Alta,En riesgo
USR0542,3180.9,1276.59,41.55,1714.87,189.44,94.04,Baja,En observación
USR0543,2383.59,717.5,38.14,1393.69,272.4,88.57,Media,En observación
USR0544,7736.74,689.98,9.86,2108.68,4938.08,36.17,Alta,Saludable
USR0545,6069.45,2451.49,42.91,2479.54,1138.42,81.24,Media,En observación
USR0546,4617.37,657.96,17.55,1962.64,1996.77,56.76,Alta,Saludable
USR0547,3185.81,49.31,1.68,1585.46,1551.04,51.31,Alta,Saludable
USR0548,7102.64,1205.96,17.74,2927.4,2969.28,58.19,Alta,Saludable
USR0549,6702.26,2278.59,35.01,2510.31,1913.36,71.45,Alta,En observación
USR0550,4846.11,234.59,5.14,2534.29,2077.23,57.14,Alta,Saludable
USR0551,4679.95,2023.1,43.05,2229.1,427.75,90.86,Baja,En observación
USR0552,4148.44,238.86,5.92,2068.62,1840.96,55.62,Alta,Saludable
USR0553,3395.01,1511.67,46.37,1698.54,184.8,94.56,Baja,En riesgo
USR0554,3289.88,81.04,3.35,700.38,2508.46,23.75,Alta,Saludable
USR0555,2422.37,669.75,29.55,720.84,1031.78,57.41,Alta,En observación
USR0556,5292.99,711.58,14.11,1654.54,2926.87,44.7,Alta,Saludable
USR0557,1490.51,114.99,7.71,1159.4,216.12,85.5,Media,En observación
USR0558,7272.15,3612.21,52.17,2387.9,1272.04,82.51,Media,En riesgo
USR0559,2716.07,597.84,35.13,1201.8,916.43,66.26,Alta,En observación
USR0560,3744.59,1091.41,31.42,1833.59,819.59,78.11,Alta,En observación
USR0561,6576.64,3103.74,49.03,1776.43,1696.47,74.2,Alta,En riesgo
USR0562,3082.37,1170.74,44.93,1003.74,907.89,70.55,Alta,En observación
USR0563,4859.64,554.29,11.44,2026.99,2278.36,53.12,Alta,Saludable
USR0564,4709.62,226.86,5.59,2238.55,2244.21,52.35,Alta,Saludable
USR0565,5480.24,1148.98,21.44,2652.9,1678.36,69.37,Alta,Saludable
USR0566,6387.07,268.28,4.24,2077.32,4041.47,36.72,Alta,Saludable
USR0567,3967.01,1415.0,43.57,1540.08,1011.93,74.49,Alta,En observación
USR0568,2611.47,959.25,43.7,1014.46,637.76,75.58,Alta,En observación
USR0569,7159.39,3277.68,47.5,2267.86,1613.85,77.46,Alta,En riesgo
USR0570,5763.42,164.55,2.93,2864.06,2734.81,52.55,Alta,Saludable
USR0571,2308.48,91.69,4.21,1326.65,890.14,61.44,Alta,Saludable
USR0572,2413.99,1231.39,50.91,1079.94,102.66,95.75,Baja,En riesgo
USR0573,7253.67,3558.57,52.94,2168.08,1527.02,78.95,Alta,En riesgo
USR0574,4306.36,2330.39,54.7,1963.26,12.71,99.7,Baja,En riesgo
USR0575,6711.72,2176.57,36.66,1817.03,2718.12,59.5,Alta,En observación
USR0576,1564.59,714.75,54.81,743.49,106.35,93.2,Baja,En riesgo
USR0577,4718.24,2386.86,50.69,2097.03,234.35,95.03,Baja,En riesgo
USR0578,6788.91,3077.85,45.37,2163.54,1547.52,77.21,Alta,En riesgo
USR0579,4593.58,2252.42,51.12,1809.48,531.68,88.43,Media,En riesgo
USR0580,2591.53,871.33,45.04,1373.65,346.55,86.63,Media,En riesgo
USR0581,5521.93,1958.5,35.53,2227.78,1335.65,75.81,Alta,En observación
USR0582,6346.94,11.99,0.21,2313.28,4021.67,36.64,Alta,Saludable
USR0583,2835.23,523.86,19.05,1030.89,1280.48,54.84,Alta,Saludable
USR0584,6145.56,1592.11,27.13,2679.6,1873.85,69.51,Alta,En observación
USR0585,6354.67,73.5,1.27,2025.01,4256.16,33.02,Alta,Saludable
USR0586,2775.52,589.82,21.78,1377.75,807.95,70.89,Alta,Saludable
USR0587,5435.0,798.24,14.87,2184.75,2452.01,54.88,Alta,Saludable
USR0588,3483.59,1664.51,52.99,1632.23,186.85,94.64,Baja,En riesgo
USR0589,2883.42,18.06,0.75,724.73,2140.63,25.76,Alta,Saludable
USR0590,6239.71,886.77,14.69,2150.93,3202.01,48.68,Alta,Saludable
USR0591,6681.04,287.8,4.56,2012.38,4380.86,34.43,Alta,Saludable
USR0592,1713.42,156.05,9.99,1319.57,237.8,86.12,Media,En observación
USR0593,3274.54,947.18,34.28,1041.52,1285.84,60.73,Alta,En observación
USR0594,7011.06,3730.67,53.44,2982.98,297.41,95.76,Baja,En riesgo
USR0595,6438.34,353.6,5.68,2405.4,3679.34,42.85,Alta,Saludable
USR0596,2792.79,454.87,18.94,735.92,1602.0,42.64,Alta,Saludable
USR0597,6195.14,1287.83,21.82,2438.33,2468.98,60.15,Alta,Saludable
USR0598,1581.67,675.91,51.54,984.19,-78.43,104.96,Nunca,En riesgo
USR0599,1808.64,480.57,30.14,1009.13,318.94,82.37,Media,En observación
USR0600,4799.35,854.73,19.56,1946.42,1998.2,58.37,Alta,Saludable
USR0601,2028.13,698.68,37.94,904.96,424.49,79.07,Alta,En observación
USR0602,6352.53,2786.23,44.94,2511.18,1055.12,83.39,Media,En observación
USR0603,6428.79,342.11,5.41,2360.12,3726.56,42.03,Alta,Saludable
USR0604,5502.84,666.34,12.77,2348.65,2487.85,54.79,Alta,Saludable
USR0605,6083.18,1868.03,34.98,1806.18,2408.97,60.4,Alta,En observación
USR0606,5977.64,404.64,7.04,1783.57,3789.43,36.61,Alta,Saludable
USR0607,1824.81,833.59,49.52,1465.98,-474.76,126.02,Nunca,En riesgo
USR0608,6756.78,3378.42,53.74,2820.22,558.14,91.74,Baja,En riesgo
USR0609,2997.0,803.65,33.23,1090.3,1103.05,63.19,Alta,En observación
USR0610,2220.53,1025.73,48.56,674.3,520.5,76.56,Alta,En riesgo
USR0611,5250.18,886.23,17.4,1619.11,2744.84,47.72,Alta,Saludable
USR0612,4178.59,39.9,1.14,2117.14,2021.55,51.62,Alta,Saludable
USR0613,3433.44,1240.38,36.56,1709.86,483.2,85.93,Media,En observación
USR0614,5277.43,242.84,4.65,1980.97,3053.62,42.14,Alta,Saludable
USR0615,3193.17,1143.84,38.25,1878.51,170.82,94.65,Baja,En observación
USR0616,5139.2,614.76,12.06,1997.79,2526.65,50.84,Alta,Saludable
USR0617,3285.39,331.32,10.3,1771.08,1182.99,63.99,Alta,Saludable
USR0618,3753.26,753.94,21.26,1562.07,1437.25,61.71,Alta,Saludable
USR0619,3922.34,1881.01,50.76,2061.92,-20.59,100.52,Nunca,En riesgo
USR0620,6514.84,288.5,5.06,3005.4,3220.94,50.56,Alta,Saludable
USR0621,5502.93,822.38,15.67,1905.09,2775.46,49.56,Alta,Saludable
USR0622,2092.31,240.21,13.77,950.08,902.02,56.89,Alta,Saludable
USR0623,2691.12,445.4,16.46,1324.97,920.75,65.79,Alta,Saludable
USR0624,2562.74,59.09,2.64,932.46,1571.19,38.69,Alta,Saludable
USR0625,4848.53,867.25,18.52,2060.11,1921.17,60.38,Alta,Saludable
USR0626,6720.1,3229.05,49.28,1964.16,1526.89,77.28,Alta,En riesgo
USR0627,3930.71,1503.76,40.88,1436.95,990.0,74.81,Alta,En observación
USR0628,2300.56,1125.8,54.33,914.51,260.25,88.69,Media,En riesgo
USR0629,2633.92,541.54,23.26,1097.87,994.51,62.24,Alta,Saludable
USR0630,5097.05,1688.9,33.77,2608.85,799.3,84.32,Media,En observación
USR0631,1662.62,133.42,8.08,1203.49,325.71,80.41,Media,En observación
USR0632,6932.2,218.82,3.33,2550.01,4163.37,39.94,Alta,Saludable
USR0633,6936.48,2269.23,34.2,2043.96,2623.29,62.18,Alta,En observación
USR0634,2384.61,576.55,31.91,918.44,889.62,62.69,Alta,En observación
USR0635,2415.15,259.46,15.46,1391.5,764.19,68.36,Alta,Saludable
USR0636,6556.96,1606.07,26.11,2078.19,2872.7,56.19,Alta,En observación
USR0637,6875.04,2845.69,42.27,3546.12,483.23,92.97,Baja,En observación
USR0638,4373.64,60.58,1.66,1644.16,2668.9,38.98,Alta,Saludable
USR0639,6681.55,3544.37,53.35,1840.2,1296.98,80.59,Media,En riesgo
USR0640,5871.33,1239.9,20.94,2605.74,2025.69,65.5,Alta,Saludable
USR0641,2427.03,199.93,9.54,954.69,1272.41,47.57,Alta,Saludable
USR0642,6735.83,321.41,5.19,2631.47,3782.95,43.84,Alta,Saludable
USR0643,3655.07,486.61,13.46,1869.13,1299.33,64.45,Alta,Saludable
USR0644,6289.48,1269.52,22.58,2384.26,2635.7,58.09,Alta,Saludable
USR0645,5809.58,1070.34,20.03,2585.77,2153.47,62.93,Alta,Saludable
USR0646,2909.82,498.41,22.01,1160.89,1250.52,57.02,Alta,Saludable
USR0647,6772.46,1743.09,25.86,2122.16,2907.21,57.07,Alta,En observación
USR0648,3896.94,1293.09,36.18,1251.41,1352.44,65.29,Alta,En observación
USR0649,5863.79,1702.2,31.14,2235.35,1926.24,67.15,Alta,En observación
USR0650,3155.7,1659.32,54.32,2021.21,-524.83,116.63,Nunca,En riesgo
USR0651,6161.38,2483.02,40.82,1434.75,2243.61,63.59,Alta,En observación
USR0652,4183.01,1434.6,37.16,2029.09,719.32,82.8,Media,En observación
USR0653,3131.83,1104.56,35.56,1334.42,692.85,77.88,Alta,En observación
USR0654,6892.05,3354.79,48.91,2305.74,1231.52,82.13,Media,En riesgo
USR0655,5692.78,2293.45,46.58,2561.35,837.98,85.28,Media,En riesgo
USR0656,3229.49,1330.19,43.6,982.95,916.35,71.63,Alta,En observación
USR0657,6881.22,2961.21,44.01,1820.77,2099.24,69.49,Alta,En observación
USR0658,5416.21,699.12,13.05,1853.25,2863.84,47.12,Alta,Saludable
USR0659,6304.86,1080.48,18.3,2111.68,3112.7,50.63,Alta,Saludable
USR0660,6095.42,918.55,15.19,1733.4,3443.47,43.51,Alta,Saludable
USR0661,6761.28,386.15,5.82,2177.02,4198.11,37.91,Alta,Saludable
USR0662,4271.08,1268.3,29.89,1760.36,1242.42,70.91,Alta,En observación
USR0663,3099.7,562.23,18.12,1316.28,1221.19,60.6,Alta,Saludable
USR0664,2855.72,1283.76,48.21,1435.64,136.32,95.23,Baja,En riesgo
USR0665,3357.17,1693.69,51.32,1152.9,510.58,84.79,Media,En riesgo
USR0666,4937.92,2128.76,50.15,2270.22,538.94,89.09,Media,En riesgo
USR0667,5957.0,1413.67,24.54,2497.36,2045.97,65.65,Alta,Saludable
USR0668,5507.08,1668.82,30.68,2356.73,1481.53,73.1,Alta,En observación
USR0669,3881.44,768.96,19.87,1336.63,1775.85,54.25,Alta,Saludable
USR0670,6445.35,1791.51,29.02,2220.88,2432.96,62.25,Alta,En observación
USR0671,2087.87,742.74,38.8,994.74,350.39,83.22,Media,En observación
USR0672,4421.71,1598.77,37.03,2458.68,364.26,91.76,Baja,En observación
USR0673,6424.39,804.59,12.43,2374.18,3245.62,49.48,Alta,Saludable
USR0674,2510.18,866.16,47.15,561.48,1082.54,56.87,Alta,En riesgo
USR0675,3235.09,1220.06,48.17,1195.85,819.18,74.68,Alta,En riesgo
USR0676,2705.93,114.62,4.75,1356.56,1234.75,54.37,Alta,Saludable
USR0677,3602.1,350.67,11.13,1355.27,1896.16,47.36,Alta,Saludable
USR0678,3181.08,915.3,29.06,1883.46,382.32,87.98,Media,En observación
USR0679,6408.71,888.72,14.2,1320.53,4199.46,34.47,Alta,Saludable
USR0680,1433.36,486.98,39.3,993.14,-46.76,103.26,Nunca,En riesgo
USR0681,6481.07,432.5,6.76,2155.14,3893.43,39.93,Alta,Saludable
USR0682,4717.99,1704.93,38.88,1890.41,1122.65,76.2,Alta,En observación
USR0683,6953.14,1589.71,24.44,2176.11,3187.32,54.16,Alta,Saludable
USR0684,3938.42,2020.26,53.45,1507.96,410.2,89.58,Media,En riesgo
USR0685,3827.59,589.8,16.19,1548.37,1689.42,55.86,Alta,Saludable
USR0686,6086.24,2697.86,46.27,1833.88,1554.5,74.46,Alta,En riesgo
USR0687,2572.27,714.3,27.88,1510.55,347.42,86.49,Media,En observación
USR0688,3648.41,958.26,31.13,1591.15,1099.0,69.88,Alta,En observación
USR0689,1833.55,530.82,38.7,826.12,476.61,74.01,Alta,En observación
USR0690,6290.06,1288.21,20.99,2456.44,2545.41,59.53,Alta,Saludable
USR0691,1992.88,235.26,16.18,1136.18,621.44,68.82,Alta,Saludable
USR0692,6509.73,254.99,3.98,2145.62,4109.12,36.88,Alta,Saludable
USR0693,5939.78,364.25,6.47,2434.75,3140.78,47.12,Alta,Saludable
USR0694,4924.54,219.62,4.48,2914.76,1790.16,63.65,Alta,Saludable
USR0695,2911.26,1476.44,52.51,1292.98,141.84,95.13,Baja,En riesgo
USR0696,2282.49,172.68,11.08,1469.43,640.38,71.94,Alta,Saludable
USR0697,2403.97,1048.36,45.35,1344.5,11.11,99.54,Baja,En riesgo
USR0698,4824.72,1073.76,27.17,1906.89,1844.07,61.78,Alta,En observación
USR0699,3387.82,1597.2,49.25,1712.83,77.79,97.7,Baja,En riesgo
USR0700,6152.53,2757.82,48.3,1825.18,1569.53,74.49,Alta,En riesgo
USR0701,6290.43,2590.36,44.4,2969.67,730.4,88.39,Media,En observación
USR0702,2347.98,528.12,24.6,1222.28,597.58,74.55,Alta,Saludable
USR0703,3465.27,1025.21,32.53,1491.0,949.06,72.61,Alta,En observación
USR0704,1910.31,729.41,48.19,1308.33,-127.43,106.67,Nunca,En riesgo
USR0705,7215.44,2144.33,33.4,2476.72,2594.39,64.04,Alta,En observación
USR0706,4883.89,1482.89,32.28,1968.1,1432.9,70.66,Alta,En observación
USR0707,1703.26,684.01,43.36,1148.56,-129.31,107.59,Nunca,En riesgo
USR0708,2290.03,770.08,54.61,1461.51,58.44,97.45,Baja,En riesgo
USR0709,2779.36,805.26,48.36,1178.44,795.66,71.37,Alta,En riesgo
USR0710,4240.42,153.78,3.89,2238.86,1847.78,56.42,Alta,Saludable
USR0711,2215.56,464.55,23.79,1690.32,60.69,97.26,Baja,En riesgo
USR0712,1828.41,226.78,13.36,1184.74,416.89,77.2,Alta,En observación
USR0713,3894.6,1975.36,52.04,2370.48,-451.24,111.59,Nunca,En riesgo
USR0714,2451.89,645.48,30.42,1012.52,793.89,67.62,Alta,En observación
USR0715,6128.65,608.63,10.68,1678.39,3841.63,37.32,Alta,Saludable
USR0716,5483.53,1093.32,21.86,2380.83,2009.38,63.36,Alta,Saludable
USR0717,5421.95,1329.84,24.61,1960.57,2131.54,60.69,Alta,Saludable
USR0718,6501.71,2148.93,34.64,1344.77,3008.01,53.74,Alta,En observación
USR0719,5295.74,1200.51,23.46,2699.48,1395.75,73.64,Alta,Saludable
USR0720,4757.09,518.44,11.46,2228.2,2010.45,57.74,Alta,Saludable
USR0721,4462.38,1879.74,46.22,2001.86,580.78,86.98,Media,En riesgo
USR0722,5337.93,260.18,4.99,2731.96,2345.79,56.05,Alta,Saludable
USR0723,5338.34,862.9,17.68,2391.11,2084.33,60.96,Alta,Saludable
USR0724,3653.29,1229.52,37.03,2004.37,419.4,88.52,Media,En observación
USR0725,5310.18,787.51,16.37,2158.22,2364.45,55.47,Alta,Saludable
USR0726,3939.89,137.55,3.59,1684.41,2117.93,46.24,Alta,Saludable
USR0727,3130.63,1107.9,41.05,1138.27,884.46,71.75,Alta,En observación
USR0728,6854.81,2396.8,35.31,1882.34,2575.67,62.43,Alta,En observación
USR0729,3979.28,1816.1,49.85,2138.5,24.68,99.38,Baja,En riesgo
USR0730,4979.12,418.98,8.44,2401.65,2158.49,56.65,Alta,Saludable
USR0731,1618.06,431.32,26.73,1341.21,-154.47,109.55,Nunca,En riesgo
USR0732,4117.39,311.36,8.99,1611.44,2194.59,46.7,Alta,Saludable
USR0733,5620.36,2384.43,46.13,2482.5,753.43,86.59,Media,En riesgo
USR0734,1508.75,329.64,22.35,1305.53,-126.42,108.38,Nunca,En riesgo
USR0735,5498.3,2738.72,54.36,1800.96,958.62,82.57,Media,En riesgo
USR0736,6149.19,1303.92,22.07,2042.55,2802.72,54.42,Alta,Saludable
USR0737,4733.33,317.72,7.74,2002.96,2412.65,49.03,Alta,Saludable
USR0738,5487.52,397.53,7.79,1800.8,3289.19,40.06,Alta,Saludable
USR0739,6004.42,676.18,12.16,2440.31,2887.93,51.9,Alta,Saludable
USR0740,6473.96,2067.34,36.94,3026.32,1380.3,78.68,Alta,En observación
USR0741,6524.2,111.8,1.72,2281.36,4131.04,36.68,Alta,Saludable
USR0742,4016.28,1093.83,28.46,1418.63,1503.82,62.56,Alta,En observación
USR0743,2880.27,1346.16,52.49,1206.53,327.58,88.63,Media,En riesgo
USR0744,5450.41,1967.32,36.38,2747.3,735.79,86.5,Media,En observación
USR0745,6664.34,60.4,0.98,2533.36,4070.58,38.92,Alta,Saludable
USR0746,5646.08,3015.41,53.26,2543.61,87.06,98.46,Baja,En riesgo
USR0747,6966.91,3740.29,54.22,2253.11,973.51,86.03,Media,En riesgo
USR0748,4867.39,284.02,5.89,2305.04,2278.33,53.19,Alta,Saludable
USR0749,3479.85,519.74,15.08,1427.72,1532.39,55.96,Alta,Saludable
USR0750,5830.6,622.43,11.74,2290.19,2917.98,49.95,Alta,Saludable
USR0751,2567.62,1221.23,50.61,1302.64,43.75,98.3,Baja,En riesgo
USR0752,4298.23,740.89,17.64,1856.35,1700.99,60.43,Alta,Saludable
USR0753,2934.26,40.17,1.52,1446.58,1447.51,50.67,Alta,Saludable
USR0754,6415.22,1877.77,29.37,1919.64,2617.81,59.19,Alta,En observación
USR0755,1594.11,336.51,25.32,1359.12,-101.52,106.37,Nunca,En riesgo
USR0756,4973.74,814.21,17.22,2148.26,2011.27,59.56,Alta,Saludable
USR0757,6575.5,62.82,0.96,1937.62,4575.06,30.42,Alta,Saludable
USR0758,6100.46,41.74,0.73,1648.57,4410.15,27.71,Alta,Saludable
USR0759,4948.2,284.42,5.82,1974.64,2689.14,45.65,Alta,Saludable
USR0760,3521.26,437.16,13.35,1832.46,1251.64,64.45,Alta,Saludable
USR0761,3473.83,1481.87,48.39,1449.52,542.44,84.38,Media,En riesgo
USR0762,6775.85,2846.04,45.08,2699.75,1230.06,81.85,Media,En riesgo
USR0763,6178.81,2994.55,48.82,1598.45,1585.81,74.33,Alta,En riesgo
USR0764,4838.85,1229.53,26.68,1515.2,2094.12,56.72,Alta,En observación
USR0765,4897.9,1336.81,31.78,2826.72,734.37,85.01,Media,En observación
USR0766,3290.08,111.72,3.88,1303.18,1875.18,43.01,Alta,Saludable
USR0767,6721.15,3295.63,49.55,1682.78,1742.74,74.07,Alta,En riesgo
USR0768,4990.54,1360.63,30.03,1419.35,2210.56,55.7,Alta,En observación
USR0769,2897.08,1325.2,50.99,1320.04,251.84,91.31,Baja,En riesgo
USR0770,4013.27,1194.9,30.94,1528.82,1289.55,67.87,Alta,En observación
USR0771,5389.74,471.06,8.86,2252.54,2666.14,50.53,Alta,Saludable
USR0772,4041.41,1460.45,39.32,2038.62,542.34,86.58,Media,En observación
USR0773,2914.63,249.56,11.51,924.0,1741.07,40.26,Alta,Saludable
USR0774,5509.8,2417.82,44.71,2484.41,607.57,88.97,Media,En observación
USR0775,3693.51,1352.33,49.49,1224.98,1116.2,69.78,Alta,En riesgo
USR0776,1789.37,525.54,31.49,1177.79,86.04,95.19,Baja,En riesgo
USR0777,1623.5,145.66,8.99,739.42,738.42,54.52,Alta,Saludable
USR0778,6800.9,2706.79,42.96,1961.65,2132.46,68.64,Alta,En observación
USR0779,1446.13,537.65,41.59,906.73,1.75,99.88,Baja,En riesgo
USR0780,3274.7,1032.35,37.45,1204.13,1038.22,68.3,Alta,En observación
USR0781,6857.66,688.4,10.37,2206.45,3962.81,42.21,Alta,Saludable
USR0782,5918.21,1817.84,32.7,2077.64,2022.73,65.82,Alta,En observación
USR0783,2436.59,1053.76,46.89,992.02,390.81,83.96,Media,En riesgo
USR0784,4105.37,850.58,20.82,2318.85,935.94,77.2,Alta,En observación
USR0785,6612.87,2097.06,34.5,2064.36,2451.45,62.93,Alta,En observación
USR0786,5247.78,260.63,5.0,3289.71,1697.44,67.65,Alta,Saludable
USR0787,3162.27,893.08,39.2,1095.89,1173.3,62.9,Alta,En observación
USR0788,2605.27,1190.88,46.4,1211.85,202.54,92.23,Baja,En riesgo
USR0789,4283.76,1882.4,48.83,1843.32,558.04,86.97,Media,En riesgo
USR0790,2855.15,903.65,32.82,1459.31,492.19,82.76,Media,En observación
USR0791,6371.38,428.63,6.99,2821.06,3121.69,51.0,Alta,Saludable
USR0792,3288.62,1106.63,43.27,1403.25,778.74,76.32,Alta,En observación
USR0793,1828.06,472.62,25.86,859.88,495.56,72.89,Alta,En observación
USR0794,4635.1,1429.58,30.95,2668.64,536.88,88.42,Media,En observación
USR0795,3068.45,1286.26,45.31,1410.1,372.09,87.87,Media,En riesgo
USR0796,7098.58,1190.21,17.31,2247.12,3661.25,48.42,Alta,Saludable
USR0797,6944.92,3558.96,52.69,2279.89,1106.07,84.07,Media,En riesgo
USR0798,1552.73,281.05,21.78,1116.4,155.28,90.0,Media,En observación
USR0799,3660.05,608.82,17.54,1872.92,1178.31,67.81,Alta,Saludable
USR0800,4609.83,254.29,6.86,1522.25,2833.29,38.54,Alta,Saludable
USR0801,6161.72,1761.76,30.22,2352.53,2047.43,66.77,Alta,En observación
USR0802,4558.24,441.59,10.89,1943.6,2173.05,52.33,Alta,Saludable
USR0803,2221.35,987.79,47.47,1073.12,160.44,92.78,Baja,En riesgo
USR0804,6578.5,1068.69,16.79,2305.72,3204.09,51.29,Alta,Saludable
USR0805,3573.85,1256.76,38.63,1498.89,818.2,77.11,Alta,En observación
USR0806,4035.42,2090.72,54.68,2294.5,-349.8,108.67,Nunca,En riesgo
USR0807,4506.35,116.92,2.81,2330.95,2058.48,54.32,Alta,Saludable
USR0808,4566.11,1244.67,29.59,1621.78,1699.66,62.78,Alta,En observación
USR0809,3996.14,172.24,4.77,1534.49,2289.41,42.71,Alta,Saludable
USR0810,3352.99,1123.02,33.99,1456.4,773.57,76.93,Alta,En observación
USR0811,6217.01,2739.6,52.28,2406.26,1071.15,82.77,Media,En riesgo
USR0812,2780.58,212.75,7.72,1479.12,1088.71,60.85,Alta,Saludable
USR0813,2214.97,562.32,30.06,1347.33,305.32,86.22,Media,En observación
USR0814,3519.76,717.23,21.8,1287.31,1515.22,56.95,Alta,Saludable
USR0815,2196.14,725.34,45.2,1159.03,311.77,85.8,Media,En riesgo
USR0816,3384.34,1444.97,42.51,1406.64,532.73,84.26,Media,En observación
USR0817,1839.6,599.72,39.98,1207.44,32.44,98.24,Baja,En riesgo
USR0818,5262.68,1932.18,38.37,1654.35,1676.15,68.15,Alta,En observación
USR0819,1950.26,686.85,38.86,953.17,310.24,84.09,Media,En observación
USR0820,2072.23,732.51,41.16,1545.75,-206.03,109.94,Nunca,En riesgo
USR0821,1652.72,196.49,13.89,1313.08,143.15,91.34,Baja,En observación
USR0822,3730.73,512.58,14.1,1945.72,1272.43,65.89,Alta,Saludable
USR0823,1720.42,32.31,2.19,1192.53,495.58,71.19,Alta,Saludable
USR0824,1724.24,235.88,16.91,727.11,761.25,55.85,Alta,Saludable
USR0825,6873.46,1513.31,24.95,2189.36,3170.79,53.87,Alta,Saludable
USR0826,2314.25,1015.18,46.27,1106.88,192.19,91.7,Baja,En riesgo
USR0827,5410.84,1768.15,33.18,1784.33,1858.36,65.65,Alta,En observación
USR0828,2216.55,641.79,36.49,1263.53,311.23,85.96,Media,En observación
USR0829,6604.04,2221.67,33.38,2683.7,1698.67,74.28,Alta,En observación
USR0830,3857.21,563.71,16.7,1860.51,1432.99,62.85,Alta,Saludable
USR0831,6899.85,183.59,2.86,2140.12,4576.14,33.68,Alta,Saludable
USR0832,5029.73,580.7,11.61,3086.47,1362.56,72.91,Alta,Saludable
USR0833,1952.11,368.58,22.28,1610.03,-26.5,101.36,Nunca,En riesgo
USR0834,3268.55,520.22,17.08,2457.38,290.95,91.1,Baja,En observación
USR0835,5559.99,312.34,5.99,2276.92,2970.73,46.57,Alta,Saludable
USR0836,5428.99,1661.62,35.88,1912.77,1854.6,65.84,Alta,En observación
USR0837,5505.49,1234.91,23.35,1652.3,2618.28,52.44,Alta,Saludable
USR0838,5782.44,2760.39,50.77,2112.31,909.74,84.27,Media,En riesgo
USR0839,6533.13,2151.72,33.38,1830.39,2551.02,60.95,Alta,En observación
USR0840,6429.6,99.75,1.57,2171.05,4158.8,35.32,Alta,Saludable
USR0841,5236.58,2031.8,41.22,1791.53,1413.25,73.01,Alta,En observación
USR0842,6816.2,3045.61,51.17,1800.06,1970.53,71.09,Alta,En riesgo
USR0843,6201.26,1198.43,19.28,1829.57,3173.26,48.83,Alta,Saludable
USR0844,5675.11,1984.86,36.74,2424.82,1265.43,77.7,Alta,En observación
USR0845,6908.06,3500.25,50.55,2723.4,684.41,90.09,Baja,En riesgo
USR0846,5062.06,250.93,5.05,2788.5,2022.63,60.04,Alta,Saludable
USR0847,1601.31,357.24,23.52,1210.92,33.15,97.93,Baja,En riesgo
USR0848,6764.35,518.98,7.83,1884.45,4360.92,35.53,Alta,Saludable
USR0849,3582.27,625.58,19.52,1262.5,1694.19,52.71,Alta,Saludable
USR0850,5089.5,2262.49,49.32,2486.52,340.49,93.31,Baja,En riesgo
USR0851,3957.6,1527.58,40.69,1896.74,533.28,86.53,Media,En observación
USR0852,6520.64,768.95,12.32,1681.26,4070.43,37.58,Alta,Saludable
USR0853,6428.21,2963.64,47.5,2780.05,684.52,89.35,Media,En riesgo
USR0854,6768.99,422.11,7.26,2796.8,3550.08,47.55,Alta,Saludable
USR0855,5784.39,1699.13,30.68,2645.13,1440.13,75.1,Alta,En observación
USR0856,3766.73,1530.96,43.66,1629.91,605.86,83.92,Media,En observación
USR0857,5900.89,670.69,12.04,2092.27,3137.93,46.82,Alta,Saludable
USR0858,1731.69,9.58,0.79,912.03,810.08,53.22,Alta,Saludable
USR0859,2198.35,1115.52,51.75,865.69,217.14,90.12,Baja,En riesgo
USR0860,6222.94,1840.48,32.43,2106.03,2276.43,63.42,Alta,En observación
USR0861,2242.01,548.12,26.93,1041.05,652.84,70.88,Alta,En observación
USR0862,1818.98,107.06,7.98,844.12,867.8,52.29,Alta,Saludable
USR0863,3167.96,1137.31,39.86,1270.92,759.73,76.02,Alta,En observación
USR0864,6513.3,153.36,2.57,2500.27,3859.67,40.74,Alta,Saludable
USR0865,4339.17,557.18,14.15,1406.79,2375.2,45.26,Alta,Saludable
USR0866,2741.31,847.51,42.6,1074.19,819.61,70.1,Alta,En observación
USR0867,6465.35,3199.21,50.65,1831.92,1434.22,77.82,Alta,En riesgo
USR0868,5784.18,793.72,15.59,2777.4,2213.06,61.74,Alta,Saludable
USR0869,5929.84,2525.0,47.01,1534.16,1870.68,68.45,Alta,En riesgo
USR0870,2138.43,214.91,11.88,822.29,1101.23,48.5,Alta,Saludable
USR0871,3083.89,1384.69,44.81,2337.54,-638.34,120.7,Nunca,En riesgo
USR0872,6682.26,1736.03,28.36,2305.6,2640.63,60.48,Alta,En observación
USR0873,5692.29,1828.66,33.39,2130.16,1733.47,69.55,Alta,En observación
USR0874,6992.47,2986.95,44.25,2051.08,1954.44,72.05,Alta,En observación
USR0875,3047.25,46.51,2.16,1008.49,1992.25,34.62,Alta,Saludable
USR0876,5802.41,916.09,16.59,2219.54,2666.78,54.04,Alta,Saludable
USR0877,4387.59,562.28,13.35,2626.14,1199.17,72.67,Alta,Saludable
USR0878,6721.53,3622.7,54.54,1932.79,1166.04,82.65,Media,En riesgo
USR0879,1580.56,468.0,30.42,1247.97,-135.41,108.57,Nunca,En riesgo
USR0880,2575.78,209.67,8.3,1477.01,889.1,65.48,Alta,Saludable
USR0881,5827.55,2877.08,53.31,2153.99,796.48,86.33,Media,En riesgo
USR0882,2391.46,697.07,29.54,1377.54,316.85,86.75,Media,En observación
USR0883,3207.33,381.94,12.25,1390.57,1434.82,55.26,Alta,Saludable
USR0884,3037.25,337.2,13.1,1213.8,1486.25,51.07,Alta,Saludable
USR0885,3531.28,324.39,9.98,1330.47,1876.42,46.86,Alta,Saludable
USR0886,5603.9,2719.28,50.57,2080.11,804.51,85.64,Media,En riesgo
USR0887,2270.14,674.91,31.64,1146.06,449.17,80.21,Media,En observación
USR0888,3101.89,300.71,10.53,1504.19,1296.99,58.19,Alta,Saludable
USR0889,4751.39,1352.8,30.79,1485.18,1913.41,59.73,Alta,En observación
USR0890,1799.68,646.05,36.39,1461.86,-308.23,117.13,Nunca,En riesgo
USR0891,2453.49,1071.04,45.48,1082.25,300.2,87.76,Media,En riesgo
USR0892,2552.7,768.86,33.46,1182.15,601.69,76.43,Alta,En observación
USR0893,5076.4,2300.43,45.54,1591.12,1184.85,76.66,Alta,En riesgo
USR0894,5037.49,1587.86,31.69,1929.97,1519.66,69.83,Alta,En observación
USR0895,2344.06,487.31,21.55,1090.78,765.97,67.32,Alta,Saludable
USR0896,6431.35,3110.79,48.61,2232.28,1088.28,83.08,Media,En riesgo
USR0897,6525.85,2489.88,40.11,2262.7,1773.27,72.83,Alta,En observación
USR0898,5849.56,1863.65,33.59,1536.7,2449.21,58.13,Alta,En observación
USR0899,3618.89,1021.48,28.33,2269.61,327.8,90.94,Baja,En observación
USR0900,1272.18,155.71,12.2,1105.51,10.96,99.14,Baja,En riesgo
USR0901,1884.7,868.55,46.2,1566.88,-550.73,129.22,Nunca,En riesgo
USR0902,4134.78,1986.1,49.46,2000.86,147.82,96.42,Baja,En riesgo
USR0903,7594.51,3219.22,46.58,1848.98,2526.31,66.74,Alta,En riesgo
USR0904,6900.55,1442.2,23.12,1605.71,3852.64,44.17,Alta,Saludable
USR0905,4228.72,1852.96,44.73,2718.29,-342.53,108.1,Nunca,En riesgo
USR0906,3015.08,667.7,22.08,1505.14,842.24,72.07,Alta,Saludable
USR0907,2859.84,1371.16,49.43,1611.99,-123.31,104.31,Nunca,En riesgo
USR0908,6745.66,474.85,7.6,2387.97,3882.84,42.44,Alta,Saludable
USR0909,2143.0,630.51,35.62,970.21,542.28,74.7,Alta,En observación
USR0910,4015.85,16.0,0.42,1831.81,2168.04,46.01,Alta,Saludable
USR0911,4942.05,167.62,3.42,1852.76,2921.67,40.88,Alta,Saludable
USR0912,1303.78,429.36,33.01,1031.7,-157.28,112.06,Nunca,En riesgo
USR0913,5709.14,2098.72,39.24,2146.63,1463.79,74.36,Alta,En observación
USR0914,3244.88,1523.42,46.87,1436.38,285.08,91.21,Baja,En riesgo
USR0915,5270.53,980.31,19.74,2029.33,2260.89,57.1,Alta,Saludable
USR0916,5145.11,2234.71,43.09,2298.86,611.54,88.11,Media,En observación
USR0917,4474.36,1294.38,34.99,1358.03,1821.95,59.28,Alta,En observación
USR0918,2953.63,285.9,9.78,1790.65,877.08,70.31,Alta,Saludable
USR0919,6383.18,1052.39,17.26,2306.63,3024.16,52.62,Alta,Saludable
USR0920,6271.8,3197.27,51.65,2354.54,719.99,88.52,Media,En riesgo
USR0921,7057.53,769.99,11.85,1998.52,4289.02,39.23,Alta,Saludable
USR0922,6824.41,2996.33,45.9,2420.6,1407.48,79.38,Alta,En riesgo
USR0923,4644.59,515.85,11.99,2551.28,1577.46,66.04,Alta,Saludable
USR0924,5421.88,876.41,16.72,1542.52,3002.95,44.61,Alta,Saludable
USR0925,3498.06,241.01,7.43,1774.52,1482.53,57.62,Alta,Saludable
USR0926,2182.45,513.89,24.42,1427.9,240.66,88.97,Media,En observación
USR0927,2498.72,1083.87,49.49,1100.77,314.08,87.43,Media,En riesgo
USR0928,6230.84,539.89,8.73,2089.38,3601.57,42.2,Alta,Saludable
USR0929,1358.63,362.23,27.14,1321.83,-325.43,123.95,Nunca,En riesgo
USR0930,5552.41,1994.69,36.37,2037.25,1520.47,72.62,Alta,En observación
USR0931,3497.41,1253.15,36.71,2073.54,170.72,95.12,Baja,En riesgo
USR0932,4394.45,151.99,3.66,2347.32,1895.14,56.87,Alta,Saludable
USR0933,6438.04,1355.59,22.29,2054.86,3027.59,52.97,Alta,Saludable
USR0934,6068.99,2010.69,34.44,2078.11,1980.19,67.37,Alta,En observación
USR0935,4117.05,1747.22,45.43,1819.77,550.06,86.64,Media,En riesgo
USR0936,6361.92,543.61,9.11,1822.44,3995.87,37.19,Alta,Saludable
USR0937,6714.4,846.81,12.73,2291.15,3576.44,46.73,Alta,Saludable
USR0938,1901.58,375.03,23.06,880.8,645.75,66.04,Alta,Saludable
USR0939,7138.4,2563.59,40.96,2353.84,2220.97,68.89,Alta,En observación
USR0940,5392.68,2099.54,40.52,2495.53,797.61,85.21,Media,En observación
USR0941,6251.04,3077.15,51.73,2468.61,705.28,88.72,Media,En riesgo
USR0942,4338.77,442.42,12.19,1931.11,1965.24,54.71,Alta,Saludable
USR0943,4654.71,1749.56,40.81,1543.16,1361.99,70.74,Alta,En observación
USR0944,1750.48,651.55,38.42,927.7,171.23,90.22,Baja,En observación
USR0945,4442.31,345.97,7.8,1176.53,2919.81,34.27,Alta,Saludable
USR0946,1796.57,1.16,0.08,1051.43,743.98,58.59,Alta,Saludable
USR0947,2263.8,500.24,22.36,1203.67,559.89,75.27,Alta,En observación
USR0948,5481.24,2696.76,50.87,2387.1,397.38,92.75,Baja,En riesgo
USR0949,5268.7,143.11,2.76,2622.16,2503.43,52.48,Alta,Saludable
USR0950,2946.68,1111.63,45.87,1618.68,216.37,92.66,Baja,En riesgo
USR0951,2602.67,803.19,32.43,873.06,926.42,64.41,Alta,En observación
USR0952,4589.84,879.09,22.78,1332.39,2378.36,48.18,Alta,Saludable
USR0953,3150.62,698.89,29.27,1409.17,1042.56,66.91,Alta,En observación
USR0954,5663.9,2521.48,46.81,2333.95,808.47,85.73,Media,En riesgo
USR0955,6549.85,245.88,3.88,1864.57,4439.4,32.22,Alta,Saludable
USR0956,3691.18,1084.09,31.61,1454.51,1152.58,68.77,Alta,En observación
USR0957,6095.71,1104.32,18.72,1796.24,3195.15,47.58,Alta,Saludable
USR0958,4057.86,1657.5,43.36,1433.43,966.93,76.17,Alta,En observación
USR0959,4252.7,799.54,22.22,1438.49,2014.67,52.63,Alta,Saludable
USR0960,3822.91,372.0,9.97,2026.47,1424.44,62.74,Alta,Saludable
USR0961,6294.21,957.09,15.75,1947.75,3389.37,46.15,Alta,Saludable
USR0962,4013.74,1254.27,36.07,915.75,1843.72,54.06,Alta,En observación
USR0963,5273.56,766.89,15.33,1977.94,2528.73,52.05,Alta,Saludable
USR0964,5613.98,516.09,9.11,1592.92,3504.97,37.57,Alta,Saludable
USR0965,4537.47,1797.75,44.63,2313.81,425.91,90.61,Baja,En observación
USR0966,5857.93,1236.98,22.03,1892.96,2727.99,53.43,Alta,Saludable
USR0967,2342.61,554.88,28.24,1224.98,562.75,75.98,Alta,En observación
USR0968,3129.53,445.79,15.61,2210.96,472.78,84.89,Media,En observación
USR0969,5326.29,468.98,9.84,1748.21,3109.1,41.63,Alta,Saludable
USR0970,5960.19,1833.36,33.56,2881.88,1244.95,79.11,Alta,En observación
USR0971,2327.67,107.83,4.76,835.41,1384.43,40.52,Alta,Saludable
USR0972,2778.38,845.35,34.91,1025.18,907.85,67.32,Alta,En observación
USR0973,3178.98,680.93,25.38,1085.3,1412.75,55.56,Alta,En observación
USR0974,6052.79,2069.53,35.02,1997.34,1985.92,67.19,Alta,En observación
USR0975,1580.03,18.97,1.23,1208.27,352.79,77.67,Alta,En observación
USR0976,2171.0,600.79,35.1,1281.09,289.12,86.68,Media,En observación
USR0977,2461.12,1041.48,47.23,873.27,546.37,77.8,Alta,En riesgo
USR0978,3934.0,1260.33,32.76,1222.4,1451.27,63.11,Alta,En observación
USR0979,3961.35,1729.32,43.39,2013.92,218.11,94.49,Baja,En observación
USR0980,5281.9,218.09,4.78,2674.53,2389.28,54.76,Alta,Saludable
USR0981,7189.94,2911.1,42.33,2170.83,2108.01,70.68,Alta,En observación
USR0982,4446.47,1593.3,39.82,1467.19,1385.98,68.83,Alta,En observación
USR0983,1544.46,126.95,9.83,964.43,453.08,70.66,Alta,Saludable
USR0984,4355.4,552.51,13.67,1649.61,2153.28,50.56,Alta,Saludable
USR0985,6430.56,940.86,14.8,2220.11,3269.59,49.16,Alta,Saludable
USR0986,3260.37,1634.52,50.56,1812.59,-186.74,105.73,Nunca,En riesgo
USR0987,1732.64,861.78,49.8,1038.44,-167.58,109.67,Nunca,En riesgo
USR0988,3433.71,1148.15,37.43,1266.88,1018.68,70.33,Alta,En observación
USR0989,5618.21,2501.7,46.63,1641.3,1475.21,73.74,Alta,En riesgo
USR0990,6840.28,3328.54,50.83,1549.36,1962.38,71.31,Alta,En riesgo
USR0991,7363.34,1363.78,19.58,2183.06,3816.5,48.17,Alta,Saludable
USR0992,3488.56,672.66,20.26,1890.81,925.09,73.48,Alta,Saludable
USR0993,4781.16,2336.79,49.6,2036.52,407.85,91.47,Baja,En riesgo
USR0994,5073.91,902.51,19.7,2029.03,2142.37,57.78,Alta,Saludable
USR0995,2489.74,512.54,21.01,1110.72,866.48,65.2,Alta,Saludable
USR0996,2937.21,1220.97,43.16,1530.77,185.47,93.69,Baja,En observación
USR0997,2389.2,833.42,41.86,975.36,580.42,75.71,Alta,En observación
USR0998,3177.35,979.87,31.48,1306.69,890.79,71.96,Alta,En observación
USR0999,5801.87,1156.94,22.75,1562.31,3082.62,46.87,Alta,Saludable
USR1000,3658.18,833.44,23.16,1694.49,1130.25,69.1,Alta,Saludable
