usuario_id,ingreso_mensual,gasto_mensual_promedio,deuda_mensual,ahorro_mensual_estimado,porcentaje_gastos_ingreso,nivel_endeudamiento,porcentaje_ahorro_ingreso,frecuencia_ahorro,perfil_financiero,estado
USR0001,3229.87,2790.94,548.36,438.93,86.41,16.98,13.59,Media,En riesgo,ACTIVO
USR0002,1612.95,1095.2,250.77,517.75,67.9,15.55,32.1,Alta,En observación,ACTIVO
USR0003,2075.64,1979.89,452.15,95.74,95.39,21.78,4.61,Baja,En riesgo,ACTIVO
USR0004,2773.62,1453.76,1368.23,1319.86,52.41,49.33,47.59,Alta,En riesgo,ACTIVO
USR0005,3372.71,2630.73,532.98,741.99,78.0,15.8,22.0,Alta,En observación,ACTIVO
USR0006,2768.13,1788.1,345.25,980.03,64.6,12.47,35.4,Alta,En observación,ACTIVO
USR0007,4042.8,3210.85,731.4,831.95,79.42,18.09,20.58,Alta,En observación,ACTIVO
USR0008,4249.71,3429.11,720.42,820.59,80.69,16.95,19.31,Media,En observación,ACTIVO
USR0009,2633.18,1020.45,153.97,1612.72,38.75,5.85,61.25,Alta,Saludable,ACTIVO
USR0010,4826.97,3356.33,758.01,1470.64,69.53,15.7,30.47,Alta,En observación,ACTIVO
USR0011,5962.05,4176.27,1011.48,1785.78,70.05,16.97,29.95,Alta,En observación,ACTIVO
USR0012,2395.29,1874.84,656.85,520.44,78.27,27.42,21.73,Alta,En observación,ACTIVO
USR0013,4876.05,3621.42,2569.28,1254.63,74.27,52.69,25.73,Alta,En riesgo,ACTIVO
USR0014,4733.35,4169.82,803.47,563.53,88.09,16.97,11.91,Media,En riesgo,ACTIVO
USR0015,1839.19,1219.52,120.53,619.67,66.31,6.55,33.69,Alta,En observación,ACTIVO
USR0016,2667.45,2046.72,394.39,620.73,76.73,14.79,23.27,Alta,En observación,ACTIVO
USR0017,2803.61,1645.24,1158.78,1158.38,58.68,41.33,41.32,Alta,En riesgo,ACTIVO
USR0018,2539.44,1928.35,521.56,611.09,75.94,20.54,24.06,Alta,En observación,ACTIVO
USR0019,1599.39,1427.76,249.75,171.62,89.27,15.62,10.73,Media,En riesgo,ACTIVO
USR0020,3677.25,3428.25,415.81,249.01,93.23,11.31,6.77,Baja,En riesgo,ACTIVO
USR0021,4028.63,1526.29,241.45,2502.33,37.89,5.99,62.11,Alta,Saludable,ACTIVO
USR0022,1325.91,927.88,174.68,398.03,69.98,13.17,30.02,Alta,En observación,ACTIVO
USR0023,2800.4,1890.87,381.94,909.53,67.52,13.64,32.48,Alta,En observación,ACTIVO
USR0024,1764.64,1342.24,402.22,422.4,76.06,22.79,23.94,Alta,En observación,ACTIVO
USR0025,4423.67,3502.45,1352.13,921.22,79.18,30.57,20.82,Alta,En observación,ACTIVO
USR0026,4818.71,3819.75,1213.93,998.96,79.27,25.19,20.73,Alta,En observación,ACTIVO
USR0027,2213.7,1599.9,1100.3,613.79,72.27,49.7,27.73,Alta,En riesgo,ACTIVO
USR0028,2933.56,2624.61,117.51,308.95,89.47,4.01,10.53,Media,En riesgo,ACTIVO
USR0029,5563.87,3285.45,864.93,2278.43,59.05,15.55,40.95,Alta,Saludable,ACTIVO
USR0030,3209.06,1897.48,504.51,1311.58,59.13,15.72,40.87,Alta,Saludable,ACTIVO
USR0031,4113.5,1788.66,35.79,2324.84,43.48,0.87,56.52,Alta,Saludable,ACTIVO
USR0032,2189.64,1582.8,459.81,606.83,72.29,21.0,27.71,Alta,En observación,ACTIVO
USR0033,5716.84,5138.44,1479.6,578.39,89.88,25.88,10.12,Media,En riesgo,ACTIVO
USR0034,2056.28,1850.87,292.57,205.41,90.01,14.23,9.99,Baja,En riesgo,ACTIVO
USR0035,4883.85,3388.12,297.31,1495.73,69.37,6.09,30.63,Alta,En observación,INACTIVO
USR0036,2521.26,1436.75,1299.03,1084.52,56.99,51.52,43.01,Alta,En riesgo,INACTIVO
USR0037,2688.9,1754.12,521.12,934.78,65.24,19.38,34.76,Alta,En observación,ACTIVO
USR0038,3354.42,2316.74,258.24,1037.68,69.07,7.7,30.93,Alta,En observación,ACTIVO
USR0039,3113.53,2492.04,1333.52,621.49,80.04,42.83,19.96,Media,En riesgo,ACTIVO
USR0040,2147.98,1685.77,576.62,462.21,78.48,26.84,21.52,Alta,En observación,ACTIVO
USR0041,4896.63,2761.21,829.82,2135.42,56.39,16.95,43.61,Alta,Saludable,ACTIVO
USR0042,4921.67,3187.69,708.76,1733.98,64.77,14.4,35.23,Alta,En observación,ACTIVO
USR0043,3993.01,2916.17,834.78,1076.84,73.03,20.91,26.97,Alta,En observación,INACTIVO
USR0044,2274.7,1590.24,990.92,684.46,69.91,43.56,30.09,Alta,En riesgo,ACTIVO
USR0045,3823.89,2036.7,503.86,1787.18,53.26,13.18,46.74,Alta,Saludable,ACTIVO
USR0046,2312.42,1354.33,109.93,958.09,58.57,4.75,41.43,Alta,Saludable,ACTIVO
USR0047,3672.76,2290.63,397.1,1382.13,62.37,10.81,37.63,Alta,En observación,ACTIVO
USR0048,2536.88,1566.06,409.87,970.82,61.73,16.16,38.27,Alta,En observación,ACTIVO
USR0049,6822.08,2984.91,16.89,3837.16,43.75,0.25,56.25,Alta,Saludable,ACTIVO
USR0050,2546.32,1979.23,590.63,567.09,77.73,23.2,22.27,Alta,En observación,ACTIVO
USR0051,3350.02,2713.11,860.62,636.91,80.99,25.69,19.01,Media,En observación,INACTIVO
USR0052,4967.92,4858.24,317.11,109.68,97.79,6.38,2.21,Baja,En riesgo,ACTIVO
USR0053,2007.97,1638.81,199.75,369.16,81.62,9.95,18.38,Media,En observación,ACTIVO
USR0054,2660.56,2066.17,1299.14,594.39,77.66,48.83,22.34,Alta,En riesgo,ACTIVO
USR0055,5891.6,2891.1,158.18,3000.51,49.07,2.68,50.93,Alta,Saludable,ACTIVO
USR0056,3923.72,3531.08,1348.4,392.64,89.99,34.37,10.01,Media,En riesgo,ACTIVO
USR0057,3447.87,2911.73,703.53,536.14,84.45,20.4,15.55,Media,En observación,ACTIVO
USR0058,3237.79,2135.02,761.71,1102.77,65.94,23.53,34.06,Alta,En observación,ACTIVO
USR0059,6393.63,3999.04,964.7,2394.59,62.55,15.09,37.45,Alta,En observación,ACTIVO
USR0060,6026.68,4577.5,1277.72,1449.18,75.95,21.2,24.05,Alta,En observación,ACTIVO
USR0061,2586.28,1435.51,989.23,1150.77,55.5,38.25,44.5,Alta,En riesgo,ACTIVO
USR0062,2272.22,1325.96,304.0,946.26,58.36,13.38,41.64,Alta,Saludable,ACTIVO
USR0063,3452.4,2082.03,590.52,1370.37,60.31,17.1,39.69,Alta,En observación,INACTIVO
USR0064,3383.09,3315.33,287.26,67.76,98.0,8.49,2.0,Baja,En riesgo,ACTIVO
USR0065,3837.11,3625.12,297.53,211.99,94.48,7.75,5.52,Baja,En riesgo,ACTIVO
USR0066,3340.37,1463.73,1783.65,1876.63,43.82,53.4,56.18,Alta,En riesgo,ACTIVO
USR0067,2639.8,1648.76,986.18,991.03,62.46,37.36,37.54,Alta,En riesgo,ACTIVO
USR0068,1327.25,1058.04,681.4,269.21,79.72,51.34,20.28,Alta,En riesgo,ACTIVO
USR0069,3330.74,2492.55,588.96,838.19,74.83,17.68,25.17,Alta,En observación,ACTIVO
USR0070,6490.54,3919.28,678.0,2571.25,60.38,10.45,39.62,Alta,En observación,ACTIVO
USR0071,4961.68,3032.63,488.23,1929.05,61.12,9.84,38.88,Alta,En observación,ACTIVO
USR0072,4922.26,3461.42,1890.08,1460.84,70.32,38.4,29.68,Alta,En riesgo,ACTIVO
USR0073,5030.07,4334.23,234.91,695.83,86.17,4.67,13.83,Media,En riesgo,ACTIVO
USR0074,2397.44,1818.05,566.31,579.38,75.83,23.62,24.17,Alta,En observación,INACTIVO
USR0075,5732.18,3487.68,372.95,2244.5,60.84,6.51,39.16,Alta,En observación,INACTIVO
USR0076,1319.22,714.62,533.55,604.6,54.17,40.44,45.83,Alta,En riesgo,ACTIVO
USR0077,1872.45,1436.52,962.28,435.93,76.72,51.39,23.28,Alta,En riesgo,ACTIVO
USR0078,4905.3,3227.51,1356.8,1677.79,65.8,27.66,34.2,Alta,En observación,ACTIVO
USR0079,3683.19,1544.0,503.84,2139.19,41.92,13.68,58.08,Alta,Saludable,ACTIVO
USR0080,3623.73,3024.08,396.03,599.65,83.45,10.93,16.55,Media,En observación,ACTIVO
USR0081,4375.11,2095.39,210.54,2279.73,47.89,4.81,52.11,Alta,Saludable,ACTIVO
USR0082,2293.76,2026.44,371.76,267.33,88.35,16.21,11.65,Media,En riesgo,ACTIVO
USR0083,3050.86,2668.28,1184.11,382.58,87.46,38.81,12.54,Media,En riesgo,ACTIVO
USR0084,3823.51,2033.5,96.06,1790.0,53.18,2.51,46.82,Alta,Saludable,ACTIVO
USR0085,6226.36,5660.35,412.86,566.01,90.91,6.63,9.09,Baja,En riesgo,ACTIVO
USR0086,3460.72,2963.47,385.97,497.24,85.63,11.15,14.37,Media,En riesgo,ACTIVO
USR0087,4563.05,1772.06,360.19,2790.99,38.83,7.89,61.17,Alta,Saludable,ACTIVO
USR0088,1794.97,1266.44,251.65,528.54,70.55,14.02,29.45,Alta,En observación,ACTIVO
USR0089,4043.21,2550.24,685.23,1492.97,63.07,16.95,36.93,Alta,En observación,ACTIVO
USR0090,2342.79,818.1,111.97,1524.69,34.92,4.78,65.08,Alta,Saludable,ACTIVO
USR0091,1647.46,1100.77,190.2,546.69,66.82,11.55,33.18,Alta,En observación,ACTIVO
USR0092,4836.51,3003.29,413.1,1833.23,62.1,8.54,37.9,Alta,En observación,ACTIVO
USR0093,5505.79,4876.14,686.07,629.65,88.56,12.46,11.44,Media,En riesgo,ACTIVO
USR0094,4312.0,2255.57,728.69,2056.43,52.31,16.9,47.69,Alta,Saludable,ACTIVO
USR0095,3173.39,1843.72,356.72,1329.67,58.1,11.24,41.9,Alta,Saludable,INACTIVO
USR0096,6714.63,3809.34,768.2,2905.28,56.73,11.44,43.27,Alta,Saludable,ACTIVO
USR0097,2762.49,1052.5,175.74,1709.99,38.1,6.36,61.9,Alta,Saludable,ACTIVO
USR0098,3095.79,1711.09,384.07,1384.7,55.27,12.41,44.73,Alta,Saludable,ACTIVO
USR0099,4953.61,3756.67,809.45,1196.94,75.84,16.34,24.16,Alta,En observación,INACTIVO
USR0100,6277.34,3912.21,1369.58,2365.13,62.32,21.82,37.68,Alta,En observación,ACTIVO
USR0101,2243.38,1286.4,206.35,956.98,57.34,9.2,42.66,Alta,Saludable,ACTIVO
USR0102,3960.58,2675.2,247.7,1285.37,67.55,6.25,32.45,Alta,En observación,ACTIVO
USR0103,4486.85,3218.0,2187.21,1268.85,71.72,48.75,28.28,Alta,En riesgo,ACTIVO
USR0104,1377.79,603.39,711.92,774.4,43.79,51.67,56.21,Alta,En riesgo,ACTIVO
USR0105,1591.33,841.08,683.93,750.25,52.85,42.98,47.15,Alta,En riesgo,ACTIVO
USR0106,1423.22,982.25,239.96,440.98,69.02,16.86,30.98,Alta,En observación,ACTIVO
USR0107,2659.75,2083.18,631.04,576.57,78.32,23.73,21.68,Alta,En observación,ACTIVO
USR0108,2752.75,1655.92,412.72,1096.83,60.16,14.99,39.84,Alta,En observación,ACTIVO
USR0109,2743.66,1724.71,1023.52,1018.95,62.86,37.3,37.14,Alta,En riesgo,ACTIVO
USR0110,3233.56,1959.36,359.76,1274.2,60.59,11.13,39.41,Alta,En observación,ACTIVO
USR0111,2659.82,2015.64,362.33,644.18,75.78,13.62,24.22,Alta,En observación,ACTIVO
USR0112,2560.2,1324.05,166.34,1236.14,51.72,6.5,48.28,Alta,Saludable,ACTIVO
USR0113,6279.19,2667.94,905.78,3611.26,42.49,14.43,57.51,Alta,Saludable,ACTIVO
USR0114,2409.18,1801.33,116.18,607.85,74.77,4.82,25.23,Alta,En observación,ACTIVO
USR0115,3457.85,1986.58,292.82,1471.27,57.45,8.47,42.55,Alta,Saludable,ACTIVO
USR0116,5324.65,3304.97,540.5,2019.68,62.07,10.15,37.93,Alta,En observación,ACTIVO
USR0117,3170.7,1810.4,616.97,1360.3,57.1,19.46,42.9,Alta,Saludable,ACTIVO
USR0118,1359.29,1134.66,238.04,224.63,83.47,17.51,16.53,Media,En observación,ACTIVO
USR0119,3411.64,3166.41,687.43,245.23,92.81,20.15,7.19,Baja,En riesgo,ACTIVO
USR0120,6027.96,3628.0,827.69,2399.95,60.19,13.73,39.81,Alta,En observación,ACTIVO
USR0121,3692.98,2338.14,175.62,1354.84,63.31,4.76,36.69,Alta,En observación,ACTIVO
USR0122,2743.89,1431.64,1458.53,1312.26,52.18,53.16,47.82,Alta,En riesgo,ACTIVO
USR0123,4653.89,3668.46,1311.93,985.42,78.83,28.19,21.17,Alta,En observación,ACTIVO
USR0124,2269.62,1661.23,563.78,608.39,73.19,24.84,26.81,Alta,En observación,ACTIVO
USR0125,1515.44,1035.25,281.38,480.19,68.31,18.57,31.69,Alta,En observación,ACTIVO
USR0126,4777.49,3154.69,2001.09,1622.81,66.03,41.89,33.97,Alta,En riesgo,ACTIVO
USR0127,5089.07,1968.0,4.59,3121.06,38.67,0.09,61.33,Alta,Saludable,ACTIVO
USR0128,1804.43,1534.18,841.36,270.25,85.02,46.63,14.98,Media,En riesgo,ACTIVO
USR0129,5117.6,3096.7,269.1,2020.9,60.51,5.26,39.49,Alta,En observación,ACTIVO
USR0130,2024.48,1248.83,895.09,775.65,61.69,44.21,38.31,Alta,En riesgo,ACTIVO
USR0131,2642.11,1843.79,1077.88,798.32,69.78,40.8,30.22,Alta,En riesgo,ACTIVO
USR0132,3075.61,2283.28,803.75,792.33,74.24,26.13,25.76,Alta,En observación,ACTIVO
USR0133,4299.92,2712.32,430.55,1587.6,63.08,10.01,36.92,Alta,En observación,ACTIVO
USR0134,3668.44,3166.73,740.32,501.71,86.32,20.18,13.68,Media,En riesgo,ACTIVO
USR0135,2425.41,1078.96,360.74,1346.45,44.49,14.87,55.51,Alta,Saludable,ACTIVO
USR0136,5071.35,3901.72,2432.68,1169.63,76.94,47.97,23.06,Alta,En riesgo,ACTIVO
USR0137,2160.51,1385.86,113.91,774.65,64.15,5.27,35.85,Alta,En observación,ACTIVO
USR0138,4490.04,3739.51,1661.22,750.52,83.28,37.0,16.72,Media,En riesgo,ACTIVO
USR0139,2461.08,1980.75,748.42,480.33,80.48,30.41,19.52,Media,En observación,ACTIVO
USR0140,6198.98,5757.75,873.69,441.23,92.88,14.09,7.12,Baja,En riesgo,ACTIVO
USR0141,6858.75,3279.51,993.9,3579.23,47.82,14.49,52.18,Alta,Saludable,ACTIVO
USR0142,6881.0,5830.47,2829.37,1050.53,84.73,41.12,15.27,Media,En riesgo,ACTIVO
USR0143,2553.05,1674.51,454.03,878.55,65.59,17.78,34.41,Alta,En observación,ACTIVO
USR0144,4429.73,2244.29,87.17,2185.44,50.66,1.97,49.34,Alta,Saludable,ACTIVO
USR0145,4454.2,3457.14,832.78,997.05,77.62,18.7,22.38,Alta,En observación,ACTIVO
USR0146,2189.73,1173.94,860.52,1015.79,53.61,39.3,46.39,Alta,En riesgo,ACTIVO
USR0147,6236.76,4355.09,1043.91,1881.67,69.83,16.74,30.17,Alta,En observación,ACTIVO
USR0148,3551.77,2506.56,826.87,1045.21,70.57,23.28,29.43,Alta,En observación,ACTIVO
USR0149,6525.38,4198.44,867.25,2326.94,64.34,13.29,35.66,Alta,En observación,ACTIVO
USR0150,4825.34,4749.34,567.16,75.99,98.43,11.75,1.57,Baja,En riesgo,ACTIVO
USR0151,5970.33,3789.46,461.38,2180.87,63.47,7.73,36.53,Alta,En observación,ACTIVO
USR0152,2159.64,1435.82,178.5,723.83,66.48,8.27,33.52,Alta,En observación,INACTIVO
USR0153,2996.02,1577.74,304.87,1418.28,52.66,10.18,47.34,Alta,Saludable,ACTIVO
USR0154,3127.15,2185.19,647.72,941.95,69.88,20.71,30.12,Alta,En observación,ACTIVO
USR0155,4409.98,3982.81,469.24,427.17,90.31,10.64,9.69,Baja,En riesgo,ACTIVO
USR0156,5368.61,3025.11,1154.97,2343.51,56.35,21.51,43.65,Alta,En observación,ACTIVO
USR0157,4740.04,2682.61,633.56,2057.43,56.59,13.37,43.41,Alta,Saludable,ACTIVO
USR0158,5818.76,3815.41,1162.01,2003.35,65.57,19.97,34.43,Alta,En observación,ACTIVO
USR0159,2794.81,2457.38,343.25,337.43,87.93,12.28,12.07,Media,En riesgo,ACTIVO
USR0160,5166.0,3002.79,580.89,2163.21,58.13,11.24,41.87,Alta,Saludable,ACTIVO
USR0161,4268.55,2941.49,349.03,1327.07,68.91,8.18,31.09,Alta,En observación,ACTIVO
USR0162,4848.09,2942.14,331.96,1905.94,60.69,6.85,39.31,Alta,En observación,ELIMINADO
USR0163,4184.77,3038.65,812.96,1146.12,72.61,19.43,27.39,Alta,En observación,ACTIVO
USR0164,3413.31,2725.35,582.82,687.96,79.84,17.07,20.16,Alta,En observación,ACTIVO
USR0165,2840.74,1688.04,405.46,1152.7,59.42,14.27,40.58,Alta,Saludable,ACTIVO
USR0166,5371.89,3698.94,515.61,1672.95,68.86,9.6,31.14,Alta,En observación,ACTIVO
USR0167,2676.85,2186.6,1233.86,490.25,81.69,46.09,18.31,Media,En riesgo,ACTIVO
USR0168,4090.66,2427.45,829.95,1663.21,59.34,20.29,40.66,Alta,En observación,ACTIVO
USR0169,2179.58,1396.54,1222.35,783.03,64.07,56.08,35.93,Alta,En riesgo,ACTIVO
USR0170,3564.89,1399.88,245.23,2165.01,39.27,6.88,60.73,Alta,Saludable,ACTIVO
USR0171,3196.76,2428.75,660.47,768.01,75.98,20.66,24.02,Alta,En observación,ACTIVO
USR0172,4465.89,3319.5,725.89,1146.39,74.33,16.25,25.67,Alta,En observación,ACTIVO
USR0173,2170.71,1351.5,282.83,819.21,62.26,13.03,37.74,Alta,En observación,ACTIVO
USR0174,4235.56,3519.12,760.67,716.43,83.09,17.96,16.91,Media,En observación,ACTIVO
USR0175,6100.99,3647.07,645.6,2453.92,59.78,10.58,40.22,Alta,Saludable,ACTIVO
USR0176,2224.84,1940.95,530.65,283.89,87.24,23.85,12.76,Media,En riesgo,ACTIVO
USR0177,6312.33,4266.21,337.68,2046.11,67.59,5.35,32.41,Alta,En observación,ACTIVO
USR0178,4580.61,3257.37,551.94,1323.24,71.11,12.05,28.89,Alta,En observación,ACTIVO
USR0179,6856.9,6103.54,2078.3,753.36,89.01,30.31,10.99,Media,En riesgo,ACTIVO
USR0180,4657.34,3192.88,888.8,1464.47,68.56,19.08,31.44,Alta,En observación,ACTIVO
USR0181,5850.37,3303.9,2811.62,2546.47,56.47,48.06,43.53,Alta,En riesgo,ACTIVO
USR0182,2278.64,1010.89,9.27,1267.75,44.36,0.41,55.64,Alta,Saludable,ACTIVO
USR0183,4467.16,3464.65,1258.56,1002.51,77.56,28.17,22.44,Alta,En observación,ACTIVO
USR0184,1667.74,1030.46,281.1,637.29,61.79,16.86,38.21,Alta,En observación,ACTIVO
USR0185,2171.9,1410.53,325.56,761.37,64.94,14.99,35.06,Alta,En observación,ACTIVO
USR0186,4564.94,2465.79,1927.31,2099.15,54.02,42.22,45.98,Alta,En riesgo,ACTIVO
USR0187,6845.61,3833.9,2744.72,3011.71,56.01,40.09,43.99,Alta,En riesgo,ACTIVO
USR0188,3160.98,1857.3,1565.53,1303.68,58.76,49.53,41.24,Alta,En riesgo,ACTIVO
USR0189,4950.67,2666.22,1940.56,2284.46,53.86,39.2,46.14,Alta,En riesgo,ACTIVO
USR0190,3853.39,3521.44,975.28,331.95,91.39,25.31,8.61,Baja,En riesgo,ACTIVO
USR0191,2249.55,1122.86,210.91,1126.69,49.91,9.38,50.09,Alta,Saludable,ACTIVO
USR0192,3138.93,2175.29,474.0,963.64,69.3,15.1,30.7,Alta,En observación,ACTIVO
USR0193,2559.65,1585.62,957.03,974.03,61.95,37.39,38.05,Alta,En riesgo,ACTIVO
USR0194,3581.28,1653.27,105.73,1928.01,46.16,2.95,53.84,Alta,Saludable,ACTIVO
USR0195,3823.53,2535.93,797.23,1287.6,66.32,20.85,33.68,Alta,En observación,INACTIVO
USR0196,3196.29,2489.07,896.26,707.22,77.87,28.04,22.13,Alta,En observación,ACTIVO
USR0197,6035.93,4361.86,1475.03,1674.07,72.26,24.44,27.74,Alta,En observación,ACTIVO
USR0198,3006.42,2076.03,523.52,930.4,69.05,17.41,30.95,Alta,En observación,ACTIVO
USR0199,6775.07,5555.9,1298.7,1219.17,82.01,19.17,17.99,Media,En observación,ACTIVO
USR0200,4060.86,3296.59,1020.83,764.27,81.18,25.14,18.82,Media,En observación,ACTIVO
USR0201,2921.66,1762.25,439.61,1159.41,60.32,15.05,39.68,Alta,En observación,ACTIVO
USR0202,4790.09,2791.31,2495.84,1998.77,58.27,52.1,41.73,Alta,En riesgo,ACTIVO
USR0203,2721.65,1433.24,54.99,1288.4,52.66,2.02,47.34,Alta,Saludable,ACTIVO
USR0204,4612.44,3428.19,874.99,1184.25,74.32,18.97,25.68,Alta,En observación,ACTIVO
USR0205,3491.7,2340.77,296.29,1150.93,67.04,8.49,32.96,Alta,En observación,ACTIVO
USR0206,2245.79,1535.42,298.74,710.37,68.37,13.3,31.63,Alta,En observación,ACTIVO
USR0207,6169.99,5429.66,705.0,740.33,88.0,11.43,12.0,Media,En riesgo,ACTIVO
USR0208,5351.24,2696.44,3059.13,2654.8,50.39,57.17,49.61,Alta,En riesgo,ACTIVO
USR0209,3530.34,2676.19,873.26,854.15,75.81,24.74,24.19,Alta,En observación,ACTIVO
USR0210,2054.75,1399.0,158.65,655.75,68.09,7.72,31.91,Alta,En observación,ACTIVO
USR0211,2801.86,1404.98,106.07,1396.88,50.14,3.79,49.86,Alta,Saludable,ACTIVO
USR0212,2633.39,1178.39,1380.18,1455.01,44.75,52.41,55.25,Alta,En riesgo,ACTIVO
USR0213,4483.97,3436.5,965.85,1047.47,76.64,21.54,23.36,Alta,En observación,ACTIVO
USR0214,6980.25,3294.35,424.74,3685.9,47.2,6.08,52.8,Alta,Saludable,ACTIVO
USR0215,3620.28,2922.29,1079.53,697.99,80.72,29.82,19.28,Media,En observación,ACTIVO
USR0216,1851.07,1501.41,262.53,349.66,81.11,14.18,18.89,Media,En observación,ACTIVO
USR0217,5079.8,3722.3,802.79,1357.5,73.28,15.8,26.72,Alta,En observación,ACTIVO
USR0218,4023.32,2391.36,218.44,1631.96,59.44,5.43,40.56,Alta,Saludable,ACTIVO
USR0219,1879.63,1742.64,322.92,136.99,92.71,17.18,7.29,Baja,En riesgo,ACTIVO
USR0220,4721.26,2577.64,2719.37,2143.63,54.6,57.6,45.4,Alta,En riesgo,ACTIVO
USR0221,6503.2,6106.03,1374.38,397.16,93.89,21.13,6.11,Baja,En riesgo,ACTIVO
USR0222,4300.22,2668.21,1831.67,1632.0,62.05,42.59,37.95,Alta,En riesgo,ACTIVO
USR0223,2259.19,2153.38,339.51,105.81,95.32,15.03,4.68,Baja,En riesgo,ACTIVO
USR0224,4820.55,3944.4,514.62,876.15,81.82,10.68,18.18,Media,En observación,ACTIVO
USR0225,2625.72,2140.36,439.96,485.36,81.52,16.76,18.48,Media,En observación,ACTIVO
USR0226,5529.97,2841.54,2822.62,2688.43,51.38,51.04,48.62,Alta,En riesgo,ACTIVO
USR0227,2631.03,1744.95,115.27,886.08,66.32,4.38,33.68,Alta,En observación,ACTIVO
USR0228,4579.21,3224.38,576.07,1354.83,70.41,12.58,29.59,Alta,En observación,ACTIVO
USR0229,4437.81,2994.11,1277.93,1443.7,67.47,28.8,32.53,Alta,En observación,ACTIVO
USR0230,4640.13,2588.73,441.69,2051.41,55.79,9.52,44.21,Alta,Saludable,ACTIVO
USR0231,5598.01,2238.8,626.8,3359.21,39.99,11.2,60.01,Alta,Saludable,ACTIVO
USR0232,4639.39,2885.83,184.69,1753.56,62.2,3.98,37.8,Alta,En observación,ACTIVO
USR0233,2398.32,1402.55,421.99,995.78,58.48,17.6,41.52,Alta,Saludable,ACTIVO
USR0234,2055.0,1276.78,323.51,778.22,62.13,15.74,37.87,Alta,En observación,ACTIVO
USR0235,1261.89,994.98,261.81,266.91,78.85,20.75,21.15,Alta,En observación,ACTIVO
USR0236,4538.1,2814.72,292.5,1723.38,62.02,6.45,37.98,Alta,En observación,ACTIVO
USR0237,3676.69,2469.65,333.53,1207.04,67.17,9.07,32.83,Alta,En observación,ACTIVO
USR0238,4612.48,4331.39,1399.19,281.09,93.91,30.33,6.09,Baja,En riesgo,ACTIVO
USR0239,5913.96,2946.32,476.96,2967.65,49.82,8.06,50.18,Alta,Saludable,ACTIVO
USR0240,2256.78,1245.08,398.52,1011.7,55.17,17.66,44.83,Alta,Saludable,ACTIVO
USR0241,4332.92,2650.7,456.63,1682.23,61.18,10.54,38.82,Alta,En observación,ACTIVO
USR0242,2657.01,1856.91,463.1,800.1,69.89,17.43,30.11,Alta,En observación,ACTIVO
USR0243,5106.19,4359.69,2237.05,746.5,85.38,43.81,14.62,Media,En riesgo,ACTIVO
USR0244,4058.01,2788.33,489.69,1269.67,68.71,12.07,31.29,Alta,En observación,ACTIVO
USR0245,2205.35,1512.54,260.12,692.81,68.59,11.79,31.41,Alta,En observación,ACTIVO
USR0246,2662.52,2297.1,1294.34,365.41,86.28,48.61,13.72,Media,En riesgo,ACTIVO
USR0247,1522.6,1169.18,166.48,353.42,76.79,10.93,23.21,Alta,En observación,ACTIVO
USR0248,5095.95,1927.93,399.07,3168.02,37.83,7.83,62.17,Alta,Saludable,ACTIVO
USR0249,3620.41,3008.76,1317.36,611.65,83.11,36.39,16.89,Media,En riesgo,ACTIVO
USR0250,3343.56,2485.19,848.69,858.37,74.33,25.38,25.67,Alta,En observación,ACTIVO
USR0251,5101.82,3538.65,995.62,1563.18,69.36,19.51,30.64,Alta,En observación,ACTIVO
USR0252,1807.12,1368.74,285.37,438.37,75.74,15.79,24.26,Alta,En observación,ACTIVO
USR0253,6099.77,3432.9,412.14,2666.87,56.28,6.76,43.72,Alta,Saludable,ACTIVO
USR0254,4414.68,3185.93,938.17,1228.76,72.17,21.25,27.83,Alta,En observación,ACTIVO
USR0255,4464.82,3962.96,971.0,501.86,88.76,21.75,11.24,Media,En riesgo,ACTIVO
USR0256,4631.36,3290.57,1263.57,1340.79,71.05,27.28,28.95,Alta,En observación,ACTIVO
USR0257,5872.28,3316.25,591.07,2556.04,56.47,10.07,43.53,Alta,Saludable,ACTIVO
USR0258,3200.76,2227.56,275.04,973.2,69.59,8.59,30.41,Alta,En observación,ACTIVO
USR0259,5607.23,3739.0,2030.83,1868.23,66.68,36.22,33.32,Alta,En riesgo,ACTIVO
USR0260,5730.7,3768.71,2883.66,1961.99,65.76,50.32,34.24,Alta,En riesgo,ACTIVO
USR0261,5551.68,4234.14,1486.14,1317.54,76.27,26.77,23.73,Alta,En observación,ACTIVO
USR0262,6283.75,5238.57,1298.43,1045.18,83.37,20.66,16.63,Media,En observación,ACTIVO
USR0263,4843.98,2616.64,1807.55,2227.34,54.02,37.32,45.98,Alta,En riesgo,ACTIVO
USR0264,3935.75,1993.48,483.12,1942.27,50.65,12.28,49.35,Alta,Saludable,ACTIVO
USR0265,3518.79,2912.72,1574.26,606.07,82.78,44.74,17.22,Media,En riesgo,ACTIVO
USR0266,2197.65,1261.75,238.47,935.89,57.41,10.85,42.59,Alta,Saludable,ACTIVO
USR0267,3245.51,2401.07,702.04,844.45,73.98,21.63,26.02,Alta,En observación,ACTIVO
USR0268,4228.42,3852.46,579.65,375.96,91.11,13.71,8.89,Baja,En riesgo,ACTIVO
USR0269,2199.8,1186.12,398.57,1013.68,53.92,18.12,46.08,Alta,Saludable,ACTIVO
USR0270,6419.33,2462.95,124.04,3956.38,38.37,1.93,61.63,Alta,Saludable,ACTIVO
USR0271,2229.54,1225.56,405.64,1003.97,54.97,18.19,45.03,Alta,Saludable,ACTIVO
USR0272,4727.37,3331.45,1245.38,1395.92,70.47,26.34,29.53,Alta,En observación,ACTIVO
USR0273,4029.49,3966.65,527.28,62.84,98.44,13.09,1.56,Baja,En riesgo,ACTIVO
USR0274,4525.38,2763.6,834.95,1761.78,61.07,18.45,38.93,Alta,En observación,INACTIVO
USR0275,1577.9,1134.89,267.39,443.01,71.92,16.95,28.08,Alta,En observación,ACTIVO
USR0276,3613.32,2676.08,403.07,937.24,74.06,11.16,25.94,Alta,En observación,ACTIVO
USR0277,5223.25,4273.93,1601.49,949.32,81.83,30.66,18.17,Media,En observación,ACTIVO
USR0278,3137.88,1654.68,1207.66,1483.2,52.73,38.49,47.27,Alta,En riesgo,ACTIVO
USR0279,4523.16,3252.39,1019.29,1270.77,71.91,22.53,28.09,Alta,En observación,INACTIVO
USR0280,4463.13,3684.06,1566.94,779.07,82.54,35.11,17.46,Media,En riesgo,ACTIVO
USR0281,1749.22,1249.74,503.72,499.47,71.45,28.8,28.55,Alta,En observación,ACTIVO
USR0282,5451.29,3767.36,740.86,1683.93,69.11,13.59,30.89,Alta,En observación,ACTIVO
USR0283,3263.54,2526.91,711.11,736.63,77.43,21.79,22.57,Alta,En observación,ACTIVO
USR0284,3079.03,1788.9,328.63,1290.13,58.1,10.67,41.9,Alta,Saludable,ACTIVO
USR0285,2991.04,1693.14,222.9,1297.9,56.61,7.45,43.39,Alta,Saludable,ACTIVO
USR0286,3441.05,2466.97,1066.93,974.08,71.69,31.01,28.31,Alta,En observación,ACTIVO
USR0287,4463.7,3931.73,1048.35,531.97,88.08,23.49,11.92,Media,En riesgo,ELIMINADO
USR0288,6097.01,4244.06,258.77,1852.96,69.61,4.24,30.39,Alta,En observación,ACTIVO
USR0289,1657.1,1150.22,263.06,506.88,69.41,15.87,30.59,Alta,En observación,ACTIVO
USR0290,6397.25,3887.03,2741.54,2510.22,60.76,42.85,39.24,Alta,En riesgo,ACTIVO
USR0291,4252.01,2456.68,215.66,1795.33,57.78,5.07,42.22,Alta,Saludable,ACTIVO
USR0292,4957.26,4050.66,1803.68,906.6,81.71,36.38,18.29,Media,En riesgo,ACTIVO
USR0293,3173.76,2578.45,1083.98,595.31,81.24,34.15,18.76,Media,En observación,ACTIVO
USR0294,5065.34,2931.13,865.66,2134.21,57.87,17.09,42.13,Alta,Saludable,ACTIVO
USR0295,3029.31,1921.04,1118.88,1108.27,63.42,36.94,36.58,Alta,En riesgo,ACTIVO
USR0296,4154.61,2999.15,1109.79,1155.46,72.19,26.71,27.81,Alta,En observación,ACTIVO
USR0297,4999.5,2282.02,2806.17,2717.48,45.64,56.13,54.36,Alta,En riesgo,ACTIVO
USR0298,4042.33,3050.93,913.93,991.41,75.47,22.61,24.53,Alta,En observación,ACTIVO
USR0299,3787.61,2954.02,806.95,833.6,77.99,21.3,22.01,Alta,En observación,ACTIVO
USR0300,4485.02,3814.45,531.77,670.58,85.05,11.86,14.95,Media,En riesgo,ACTIVO
USR0301,3084.92,2428.02,1237.48,656.9,78.71,40.11,21.29,Alta,En riesgo,ACTIVO
USR0302,4732.14,3926.03,1045.38,806.11,82.97,22.09,17.03,Media,En observación,ACTIVO
USR0303,2771.62,1048.99,236.24,1722.63,37.85,8.52,62.15,Alta,Saludable,ACTIVO
USR0304,4171.02,2420.71,484.78,1750.31,58.04,11.62,41.96,Alta,Saludable,ACTIVO
USR0305,6291.34,5736.76,647.16,554.58,91.19,10.29,8.81,Baja,En riesgo,ACTIVO
USR0306,5241.76,4848.22,555.67,393.53,92.49,10.6,7.51,Baja,En riesgo,ACTIVO
USR0307,3655.57,2187.05,541.23,1468.53,59.83,14.81,40.17,Alta,Saludable,ACTIVO
USR0308,4869.12,3426.51,592.51,1442.6,70.37,12.17,29.63,Alta,En observación,ACTIVO
USR0309,3403.49,1844.24,620.51,1559.25,54.19,18.23,45.81,Alta,Saludable,ACTIVO
USR0310,5417.99,3651.27,853.17,1766.72,67.39,15.75,32.61,Alta,En observación,ACTIVO
USR0311,1631.0,1109.14,392.45,521.86,68.0,24.06,32.0,Alta,En observación,ACTIVO
USR0312,3212.13,1322.02,22.16,1890.11,41.16,0.69,58.84,Alta,Saludable,ACTIVO
USR0313,1979.75,1081.72,134.38,898.03,54.64,6.79,45.36,Alta,Saludable,ACTIVO
USR0314,6177.96,3035.09,89.23,3142.87,49.13,1.44,50.87,Alta,Saludable,ACTIVO
USR0315,4773.29,3537.25,767.32,1236.04,74.11,16.08,25.89,Alta,En observación,ACTIVO
USR0316,1996.49,1543.79,220.49,452.71,77.32,11.04,22.68,Alta,En observación,ACTIVO
USR0317,3100.51,2038.2,184.27,1062.3,65.74,5.94,34.26,Alta,En observación,ACTIVO
USR0318,4144.09,2738.31,905.37,1405.78,66.08,21.85,33.92,Alta,En observación,ACTIVO
USR0319,4839.5,4262.77,1573.49,576.73,88.08,32.51,11.92,Media,En riesgo,ACTIVO
USR0320,4193.72,3681.21,725.34,512.51,87.78,17.3,12.22,Media,En riesgo,ACTIVO
USR0321,2721.71,1540.56,1090.68,1181.15,56.6,40.07,43.4,Alta,En riesgo,ACTIVO
USR0322,6255.32,3187.67,770.67,3067.65,50.96,12.32,49.04,Alta,Saludable,ACTIVO
USR0323,4886.3,3654.91,992.94,1231.38,74.8,20.32,25.2,Alta,En observación,ACTIVO
USR0324,6321.17,4531.03,1877.55,1790.14,71.68,29.7,28.32,Alta,En observación,INACTIVO
USR0325,2582.35,1752.52,644.02,829.83,67.87,24.94,32.13,Alta,En observación,ACTIVO
USR0326,5104.49,2794.71,704.56,2309.78,54.75,13.8,45.25,Alta,Saludable,ACTIVO
USR0327,2556.82,1358.44,314.97,1198.39,53.13,12.32,46.87,Alta,Saludable,ACTIVO
USR0328,4368.34,1715.69,494.25,2652.65,39.28,11.31,60.72,Alta,Saludable,ACTIVO
USR0329,6603.13,5396.65,1697.18,1206.48,81.73,25.7,18.27,Media,En observación,ACTIVO
USR0330,2147.58,1816.45,605.12,331.13,84.58,28.18,15.42,Media,En observación,ACTIVO
USR0331,4369.6,2304.43,1860.7,2065.16,52.74,42.58,47.26,Alta,En riesgo,ACTIVO
USR0332,5739.64,2714.11,206.56,3025.53,47.29,3.6,52.71,Alta,Saludable,ACTIVO
USR0333,5339.02,4371.29,1925.14,967.73,81.87,36.06,18.13,Media,En riesgo,ACTIVO
USR0334,5664.18,2973.15,2670.8,2691.03,52.49,47.15,47.51,Alta,En riesgo,ACTIVO
USR0335,3760.34,2882.05,837.57,878.3,76.64,22.27,23.36,Alta,En observación,ACTIVO
USR0336,3896.3,2917.29,1078.78,979.01,74.87,27.69,25.13,Alta,En observación,ACTIVO
USR0337,2823.06,2271.46,710.53,551.6,80.46,25.17,19.54,Media,En observación,ACTIVO
USR0338,4431.66,3488.76,814.43,942.9,78.72,18.38,21.28,Alta,En observación,ACTIVO
USR0339,4444.77,3833.97,1942.2,610.8,86.26,43.7,13.74,Media,En riesgo,ACTIVO
USR0340,4408.32,3010.22,1220.22,1398.1,68.28,27.68,31.72,Alta,En observación,ACTIVO
USR0341,4407.85,2365.79,588.73,2042.06,53.67,13.36,46.33,Alta,Saludable,ACTIVO
USR0342,3775.51,3038.0,1119.89,737.51,80.47,29.66,19.53,Media,En observación,ACTIVO
USR0343,3852.17,2068.56,403.4,1783.61,53.7,10.47,46.3,Alta,Saludable,ACTIVO
USR0344,4384.94,3094.71,903.51,1290.22,70.58,20.6,29.42,Alta,En observación,ACTIVO
USR0345,4605.49,3462.06,824.29,1143.43,75.17,17.9,24.83,Alta,En observación,ACTIVO
USR0346,1456.55,1101.99,349.02,354.56,75.66,23.96,24.34,Alta,En observación,ACTIVO
USR0347,2609.03,2335.74,295.0,273.3,89.52,11.31,10.48,Media,En riesgo,ACTIVO
USR0348,3470.97,2466.11,715.79,1004.86,71.05,20.62,28.95,Alta,En observación,ACTIVO
USR0349,2588.44,2345.25,431.16,243.19,90.6,16.66,9.4,Baja,En riesgo,ACTIVO
USR0350,1635.7,970.27,160.5,665.43,59.32,9.81,40.68,Alta,Saludable,ACTIVO
USR0351,1715.47,1476.17,703.24,239.3,86.05,40.99,13.95,Media,En riesgo,ACTIVO
USR0352,4941.17,2201.6,285.9,2739.57,44.56,5.79,55.44,Alta,Saludable,ACTIVO
USR0353,2938.82,1491.86,1516.82,1446.97,50.76,51.61,49.24,Alta,En riesgo,ACTIVO
USR0354,1890.08,1105.75,311.55,784.34,58.5,16.48,41.5,Alta,Saludable,ACTIVO
USR0355,4266.22,2977.74,1194.22,1288.49,69.8,27.99,30.2,Alta,En observación,ACTIVO
USR0356,6749.44,3812.45,325.22,2936.99,56.49,4.82,43.51,Alta,Saludable,ACTIVO
USR0357,4977.59,3371.41,537.89,1606.18,67.73,10.81,32.27,Alta,En observación,ACTIVO
USR0358,6317.46,3951.43,2284.53,2366.03,62.55,36.16,37.45,Alta,En riesgo,ACTIVO
USR0359,1729.66,1194.55,236.08,535.11,69.06,13.65,30.94,Alta,En observación,ACTIVO
USR0360,5041.29,1576.21,443.75,3465.08,31.27,8.8,68.73,Alta,Saludable,ACTIVO
USR0361,2750.38,1939.02,752.17,811.35,70.5,27.35,29.5,Alta,En observación,INACTIVO
USR0362,6144.42,2541.07,516.11,3603.35,41.36,8.4,58.64,Alta,Saludable,ACTIVO
USR0363,2154.76,1514.58,625.56,640.18,70.29,29.03,29.71,Alta,En observación,ACTIVO
USR0364,4715.93,3512.15,900.88,1203.78,74.47,19.1,25.53,Alta,En observación,ACTIVO
USR0365,4229.1,3664.83,478.48,564.27,86.66,11.31,13.34,Media,En riesgo,ACTIVO
USR0366,3924.24,2807.83,1075.95,1116.42,71.55,27.42,28.45,Alta,En observación,ACTIVO
USR0367,1870.91,1333.83,426.56,537.09,71.29,22.8,28.71,Alta,En observación,ACTIVO
USR0368,1793.94,1371.57,389.08,422.38,76.46,21.69,23.54,Alta,En observación,ACTIVO
USR0369,4122.06,1720.12,453.18,2401.94,41.73,10.99,58.27,Alta,Saludable,ACTIVO
USR0370,2418.79,2115.81,289.25,302.98,87.47,11.96,12.53,Media,En riesgo,ACTIVO
USR0371,5494.11,3105.08,1177.05,2389.03,56.52,21.42,43.48,Alta,En observación,ACTIVO
USR0372,3033.69,1649.14,1173.52,1384.56,54.36,38.68,45.64,Alta,En riesgo,ACTIVO
USR0373,5077.51,2087.05,128.69,2990.46,41.1,2.53,58.9,Alta,Saludable,ACTIVO
USR0374,5082.95,3460.92,458.9,1622.03,68.09,9.03,31.91,Alta,En observación,ACTIVO
USR0375,5663.54,4793.34,1746.38,870.2,84.64,30.84,15.36,Media,En observación,ACTIVO
USR0376,3466.9,2369.34,484.31,1097.56,68.34,13.97,31.66,Alta,En observación,ACTIVO
USR0377,2671.06,1551.53,465.57,1119.52,58.09,17.43,41.91,Alta,Saludable,ACTIVO
USR0378,5800.13,2810.63,578.59,2989.5,48.46,9.98,51.54,Alta,Saludable,ACTIVO
USR0379,3632.07,2469.22,412.6,1162.85,67.98,11.36,32.02,Alta,En observación,ACTIVO
USR0380,5296.11,2941.67,733.99,2354.44,55.54,13.86,44.46,Alta,Saludable,ACTIVO
USR0381,7006.05,3148.21,373.56,3857.84,44.94,5.33,55.06,Alta,Saludable,ACTIVO
USR0382,1965.23,1477.55,797.74,487.68,75.18,40.59,24.82,Alta,En riesgo,ACTIVO
USR0383,6691.65,2600.24,969.28,4091.4,38.86,14.48,61.14,Alta,Saludable,ACTIVO
USR0384,2405.62,1387.5,315.16,1018.12,57.68,13.1,42.32,Alta,Saludable,ACTIVO
USR0385,2265.28,1024.48,139.63,1240.8,45.23,6.16,54.77,Alta,Saludable,ACTIVO
USR0386,4889.71,2798.03,1910.98,2091.68,57.22,39.08,42.78,Alta,En riesgo,ACTIVO
USR0387,3013.73,2226.84,797.02,786.89,73.89,26.45,26.11,Alta,En observación,ACTIVO
USR0388,3245.48,2164.16,593.47,1081.32,66.68,18.29,33.32,Alta,En observación,INACTIVO
USR0389,3211.62,2057.36,609.53,1154.25,64.06,18.98,35.94,Alta,En observación,ACTIVO
USR0390,6525.5,4564.25,960.31,1961.25,69.94,14.72,30.06,Alta,En observación,ACTIVO
USR0391,1440.32,649.08,506.58,791.25,45.06,35.17,54.94,Alta,En riesgo,ACTIVO
USR0392,4268.73,2813.93,770.38,1454.8,65.92,18.05,34.08,Alta,En observación,ACTIVO
USR0393,3643.66,2688.72,612.02,954.94,73.79,16.8,26.21,Alta,En observación,ACTIVO
USR0394,2091.8,1382.57,205.37,709.23,66.09,9.82,33.91,Alta,En observación,ACTIVO
USR0395,6304.38,3267.17,187.22,3037.22,51.82,2.97,48.18,Alta,Saludable,ACTIVO
USR0396,3639.03,2764.09,1804.05,874.93,75.96,49.58,24.04,Alta,En riesgo,ACTIVO
USR0397,3035.08,1126.78,212.06,1908.3,37.13,6.99,62.87,Alta,Saludable,ACTIVO
USR0398,4447.21,2501.87,423.54,1945.34,56.26,9.52,43.74,Alta,Saludable,ACTIVO
USR0399,3863.81,2046.43,575.64,1817.37,52.96,14.9,47.04,Alta,Saludable,ACTIVO
USR0400,1246.5,983.78,546.47,262.72,78.92,43.84,21.08,Alta,En riesgo,ACTIVO
USR0401,4658.05,4287.88,1858.17,370.17,92.05,39.89,7.95,Baja,En riesgo,ACTIVO
USR0402,5834.49,3805.88,461.39,2028.61,65.23,7.91,34.77,Alta,En observación,ACTIVO
USR0403,3051.65,2187.18,300.24,864.47,71.67,9.84,28.33,Alta,En observación,ACTIVO
USR0404,3085.97,1609.27,391.42,1476.7,52.15,12.68,47.85,Alta,Saludable,ACTIVO
USR0405,2363.74,2086.16,383.49,277.57,88.26,16.22,11.74,Media,En riesgo,ACTIVO
USR0406,3287.42,2126.41,452.42,1161.01,64.68,13.76,35.32,Alta,En observación,ACTIVO
USR0407,3505.44,2023.83,608.83,1481.61,57.73,17.37,42.27,Alta,Saludable,ACTIVO
USR0408,4757.42,3375.4,1126.3,1382.01,70.95,23.67,29.05,Alta,En observación,ACTIVO
USR0409,5314.94,3527.34,694.15,1787.6,66.37,13.06,33.63,Alta,En observación,ACTIVO
USR0410,1759.0,1329.06,481.23,429.94,75.56,27.36,24.44,Alta,En observación,ACTIVO
USR0411,3370.34,2532.18,875.14,838.16,75.13,25.97,24.87,Alta,En observación,ACTIVO
USR0412,5463.05,3933.14,1701.24,1529.91,72.0,31.14,28.0,Alta,En observación,ACTIVO
USR0413,6130.65,3163.91,2257.52,2966.74,51.61,36.82,48.39,Alta,En riesgo,ACTIVO
USR0414,6068.65,4388.39,1201.15,1680.26,72.31,19.79,27.69,Alta,En observación,ACTIVO
USR0415,2661.15,2285.75,379.88,375.4,85.89,14.28,14.11,Media,En riesgo,ACTIVO
USR0416,2004.49,1543.66,859.31,460.83,77.01,42.87,22.99,Alta,En riesgo,ACTIVO
USR0417,4587.14,4214.98,664.58,372.16,91.89,14.49,8.11,Baja,En riesgo,ACTIVO
USR0418,4408.26,3702.03,391.74,706.23,83.98,8.89,16.02,Media,En observación,ACTIVO
USR0419,3623.22,3134.01,526.95,489.21,86.5,14.54,13.5,Media,En riesgo,ACTIVO
USR0420,3308.26,2495.02,883.33,813.24,75.42,26.7,24.58,Alta,En observación,ACTIVO
USR0421,3280.94,2229.04,685.15,1051.9,67.94,20.88,32.06,Alta,En observación,ACTIVO
USR0422,2194.46,1894.07,535.6,300.39,86.31,24.41,13.69,Media,En riesgo,ACTIVO
USR0423,1981.83,1459.48,677.35,522.35,73.64,34.18,26.36,Alta,En observación,ACTIVO
USR0424,2786.19,1799.21,493.89,986.98,64.58,17.73,35.42,Alta,En observación,ACTIVO
USR0425,2877.24,1727.52,429.1,1149.72,60.04,14.91,39.96,Alta,En observación,ACTIVO
USR0426,4685.35,3487.53,1264.54,1197.82,74.43,26.99,25.57,Alta,En observación,ACTIVO
USR0427,1703.85,1536.1,227.52,167.75,90.15,13.35,9.85,Baja,En riesgo,ACTIVO
USR0428,2558.24,1770.8,552.4,787.44,69.22,21.59,30.78,Alta,En observación,ACTIVO
USR0429,3586.65,2628.69,859.57,957.96,73.29,23.97,26.71,Alta,En observación,ACTIVO
USR0430,5836.97,4689.54,844.0,1147.43,80.34,14.46,19.66,Media,En observación,INACTIVO
USR0431,3156.12,2332.02,366.57,824.11,73.89,11.61,26.11,Alta,En observación,INACTIVO
USR0432,3143.66,1449.8,201.46,1693.86,46.12,6.41,53.88,Alta,Saludable,ACTIVO
USR0433,4759.8,2052.76,205.65,2707.04,43.13,4.32,56.87,Alta,Saludable,ACTIVO
USR0434,1523.74,1025.73,88.43,498.01,67.32,5.8,32.68,Alta,En observación,ACTIVO
USR0435,2748.64,1090.38,302.94,1658.25,39.67,11.02,60.33,Alta,Saludable,ACTIVO
USR0436,2526.21,1376.42,399.27,1149.79,54.49,15.81,45.51,Alta,Saludable,ACTIVO
USR0437,4174.02,3649.33,990.44,524.69,87.43,23.73,12.57,Media,En riesgo,ACTIVO
USR0438,6438.76,3181.66,54.73,3257.1,49.41,0.85,50.59,Alta,Saludable,ACTIVO
USR0439,4184.09,3451.36,1705.06,732.73,82.49,40.75,17.51,Media,En riesgo,ACTIVO
USR0440,2297.13,1850.16,440.74,446.96,80.54,19.19,19.46,Media,En observación,ACTIVO
USR0441,3838.14,2949.3,709.39,888.84,76.84,18.48,23.16,Alta,En observación,ACTIVO
USR0442,1735.74,1072.3,273.58,663.45,61.78,15.76,38.22,Alta,En observación,ACTIVO
USR0443,6619.9,5989.87,536.14,630.03,90.48,8.1,9.52,Baja,En riesgo,ACTIVO
USR0444,3161.42,2816.91,567.89,344.51,89.1,17.96,10.9,Media,En riesgo,ACTIVO
USR0445,4788.9,4050.41,1239.76,738.49,84.58,25.89,15.42,Media,En observación,ACTIVO
USR0446,1882.04,1338.89,286.23,543.15,71.14,15.21,28.86,Alta,En observación,ACTIVO
USR0447,4526.04,2614.15,512.58,1911.89,57.76,11.33,42.24,Alta,Saludable,ACTIVO
USR0448,4350.89,2295.29,2163.16,2055.6,52.75,49.72,47.25,Alta,En riesgo,ACTIVO
USR0449,2000.37,1066.58,219.6,933.79,53.32,10.98,46.68,Alta,Saludable,ACTIVO
USR0450,2821.67,2230.03,460.05,591.64,79.03,16.3,20.97,Alta,En observación,ACTIVO
USR0451,4988.05,4274.08,2366.43,713.97,85.69,47.44,14.31,Media,En riesgo,ACTIVO
USR0452,6779.07,6279.65,1170.81,499.42,92.63,17.27,7.37,Baja,En riesgo,ACTIVO
USR0453,3084.7,2010.43,634.6,1074.27,65.17,20.57,34.83,Alta,En observación,ACTIVO
USR0454,4235.4,3577.43,1451.7,657.97,84.46,34.28,15.54,Media,En observación,ACTIVO
USR0455,3667.9,2523.46,671.45,1144.43,68.8,18.31,31.2,Alta,En observación,ACTIVO
USR0456,2847.52,1917.17,1159.1,930.35,67.33,40.71,32.67,Alta,En riesgo,ACTIVO
USR0457,2090.19,1649.39,984.54,440.8,78.91,47.1,21.09,Alta,En riesgo,ACTIVO
USR0458,5864.94,5012.83,2598.16,852.1,85.47,44.3,14.53,Media,En riesgo,ACTIVO
USR0459,4172.87,2358.88,1552.9,1813.99,56.53,37.21,43.47,Alta,En riesgo,ACTIVO
USR0460,5005.57,2825.71,1005.41,2179.87,56.45,20.09,43.55,Alta,En observación,INACTIVO
USR0461,4281.12,3219.19,1936.19,1061.93,75.2,45.23,24.8,Alta,En riesgo,ACTIVO
USR0462,1815.42,972.82,204.88,842.6,53.59,11.29,46.41,Alta,Saludable,ACTIVO
USR0463,1645.88,1221.51,359.32,424.37,74.22,21.83,25.78,Alta,En observación,ACTIVO
USR0464,5743.55,3682.3,706.82,2061.25,64.11,12.31,35.89,Alta,En observación,ACTIVO
USR0465,1938.58,801.72,86.5,1136.86,41.36,4.46,58.64,Alta,Saludable,ACTIVO
USR0466,3816.87,2508.66,466.55,1308.21,65.73,12.22,34.27,Alta,En observación,ACTIVO
USR0467,3890.28,2912.62,1761.14,977.66,74.87,45.27,25.13,Alta,En riesgo,ACTIVO
USR0468,3694.91,1605.9,265.04,2089.0,43.46,7.17,56.54,Alta,Saludable,ACTIVO
USR0469,5951.05,2696.41,694.05,3254.64,45.31,11.66,54.69,Alta,Saludable,INACTIVO
USR0470,4609.8,4330.05,523.44,279.75,93.93,11.35,6.07,Baja,En riesgo,ACTIVO
USR0471,5410.78,3473.19,381.93,1937.58,64.19,7.06,35.81,Alta,En observación,ACTIVO
USR0472,4187.7,3128.52,882.68,1059.18,74.71,21.08,25.29,Alta,En observación,ACTIVO
USR0473,2159.73,1304.06,178.5,855.68,60.38,8.26,39.62,Alta,En observación,ACTIVO
USR0474,6990.05,3538.49,347.12,3451.57,50.62,4.97,49.38,Alta,Saludable,ACTIVO
USR0475,5250.18,2147.26,684.42,3102.91,40.9,13.04,59.1,Alta,Saludable,ACTIVO
USR0476,6072.95,5674.86,720.22,398.09,93.44,11.86,6.56,Baja,En riesgo,ACTIVO
USR0477,3145.23,2349.18,899.42,796.05,74.69,28.6,25.31,Alta,En observación,ACTIVO
USR0478,4466.01,2944.95,939.28,1521.06,65.94,21.03,34.06,Alta,En observación,ACTIVO
USR0479,3525.47,2935.92,1290.88,589.55,83.28,36.62,16.72,Media,En riesgo,ACTIVO
USR0480,3134.21,2108.36,674.29,1025.85,67.27,21.51,32.73,Alta,En observación,ACTIVO
USR0481,4327.27,3948.62,465.6,378.66,91.25,10.76,8.75,Baja,En riesgo,ACTIVO
USR0482,3571.8,2551.22,244.11,1020.58,71.43,6.83,28.57,Alta,En observación,ACTIVO
USR0483,2707.58,1107.55,377.82,1600.03,40.91,13.95,59.09,Alta,Saludable,ACTIVO
USR0484,2924.11,2124.61,1151.69,799.5,72.66,39.39,27.34,Alta,En riesgo,ACTIVO
USR0485,5917.85,3986.45,431.33,1931.4,67.36,7.29,32.64,Alta,En observación,ACTIVO
USR0486,2031.94,1146.61,85.43,885.33,56.43,4.2,43.57,Alta,Saludable,ACTIVO
USR0487,2721.78,1000.85,289.83,1720.93,36.77,10.65,63.23,Alta,Saludable,ACTIVO
USR0488,4977.23,3794.3,865.56,1182.93,76.23,17.39,23.77,Alta,En observación,ACTIVO
USR0489,3492.18,2956.1,557.64,536.08,84.65,15.97,15.35,Media,En observación,ACTIVO
USR0490,6521.44,2464.88,729.42,4056.56,37.8,11.18,62.2,Alta,Saludable,ACTIVO
USR0491,2971.98,1962.88,155.7,1009.1,66.05,5.24,33.95,Alta,En observación,ACTIVO
USR0492,2085.11,1805.97,136.36,279.13,86.61,6.54,13.39,Media,En riesgo,ACTIVO
USR0493,2136.99,1453.0,417.92,683.99,67.99,19.56,32.01,Alta,En observación,ACTIVO
USR0494,1828.68,1304.93,477.14,523.75,71.36,26.09,28.64,Alta,En observación,INACTIVO
USR0495,1802.69,1463.99,560.22,338.7,81.21,31.08,18.79,Media,En observación,ACTIVO
USR0496,5123.6,4919.32,539.47,204.29,96.01,10.53,3.99,Baja,En riesgo,ELIMINADO
USR0497,4265.29,1810.84,556.7,2454.44,42.46,13.05,57.54,Alta,Saludable,ACTIVO
USR0498,5496.86,3071.12,1015.52,2425.74,55.87,18.47,44.13,Alta,Saludable,ACTIVO
USR0499,3883.67,3092.75,977.63,790.92,79.63,25.17,20.37,Alta,En observación,ACTIVO
USR0500,4635.59,2841.06,829.91,1794.53,61.29,17.9,38.71,Alta,En observación,ACTIVO
USR0501,1540.29,862.8,262.36,677.49,56.02,17.03,43.98,Alta,Saludable,ACTIVO
USR0502,4928.25,3181.62,1037.91,1746.64,64.56,21.06,35.44,Alta,En observación,ACTIVO
USR0503,4372.87,3628.62,2082.1,744.25,82.98,47.61,17.02,Media,En riesgo,ACTIVO
USR0504,4816.92,3595.72,1016.24,1221.19,74.65,21.1,25.35,Alta,En observación,INACTIVO
USR0505,4195.37,2720.59,700.39,1474.79,64.85,16.69,35.15,Alta,En observación,ACTIVO
USR0506,2738.03,1573.14,391.11,1164.89,57.46,14.28,42.54,Alta,Saludable,ACTIVO
USR0507,4188.53,3104.58,1560.27,1083.95,74.12,37.25,25.88,Alta,En riesgo,ACTIVO
USR0508,2699.26,760.6,275.2,1938.65,28.18,10.2,71.82,Alta,Saludable,ACTIVO
USR0509,3410.77,1737.06,1237.04,1673.72,50.93,36.27,49.07,Alta,En riesgo,ACTIVO
USR0510,5856.59,3748.94,512.94,2107.65,64.01,8.76,35.99,Alta,En observación,ACTIVO
USR0511,4134.8,4003.67,144.71,131.13,96.83,3.5,3.17,Baja,En riesgo,ACTIVO
USR0512,6198.92,3433.42,538.66,2765.5,55.39,8.69,44.61,Alta,Saludable,ACTIVO
USR0513,2850.73,1342.41,1196.12,1508.32,47.09,41.96,52.91,Alta,En riesgo,ACTIVO
USR0514,4996.75,4104.95,1256.69,891.8,82.15,25.15,17.85,Media,En observación,ACTIVO
USR0515,6176.28,5652.86,1068.43,523.41,91.53,17.3,8.47,Baja,En riesgo,ACTIVO
USR0516,3568.01,2084.58,439.0,1483.43,58.42,12.3,41.58,Alta,Saludable,ACTIVO
USR0517,2585.06,1440.2,1326.35,1144.86,55.71,51.31,44.29,Alta,En riesgo,ACTIVO
USR0518,5026.37,2848.42,681.95,2177.95,56.67,13.57,43.33,Alta,Saludable,ACTIVO
USR0519,5157.41,3265.33,217.4,1892.08,63.31,4.22,36.69,Alta,En observación,ACTIVO
USR0520,5088.22,4092.17,1206.66,996.05,80.42,23.71,19.58,Media,En observación,ACTIVO
USR0521,2394.86,1820.24,424.87,574.62,76.01,17.74,23.99,Alta,En observación,ACTIVO
USR0522,2064.51,1142.09,356.09,922.42,55.32,17.25,44.68,Alta,Saludable,INACTIVO
USR0523,4442.19,3994.51,1839.2,447.68,89.92,41.4,10.08,Media,En riesgo,ACTIVO
USR0524,6182.07,4534.15,1654.86,1647.92,73.34,26.77,26.66,Alta,En observación,ACTIVO
USR0525,3748.17,3066.09,617.86,682.08,81.8,16.48,18.2,Media,En observación,ACTIVO
USR0526,3554.71,2442.16,602.31,1112.55,68.7,16.94,31.3,Alta,En observación,ACTIVO
USR0527,2788.1,2541.45,495.29,246.65,91.15,17.76,8.85,Baja,En riesgo,INACTIVO
USR0528,4127.32,2914.36,844.73,1212.96,70.61,20.47,29.39,Alta,En observación,ACTIVO
USR0529,2710.2,1422.44,322.12,1287.76,52.48,11.89,47.52,Alta,Saludable,ACTIVO
USR0530,4344.32,2884.48,203.2,1459.84,66.4,4.68,33.6,Alta,En observación,ACTIVO
USR0531,4088.39,3495.06,1171.85,593.33,85.49,28.66,14.51,Media,En riesgo,ACTIVO
USR0532,2919.01,1570.24,1078.58,1348.77,53.79,36.95,46.21,Alta,En riesgo,ACTIVO
USR0533,4511.57,3429.87,559.69,1081.7,76.02,12.41,23.98,Alta,En observación,ACTIVO
USR0534,3061.21,1796.46,327.83,1264.75,58.68,10.71,41.32,Alta,Saludable,ACTIVO
USR0535,1855.76,1244.07,341.04,611.69,67.04,18.38,32.96,Alta,En observación,ACTIVO
USR0536,2483.96,1394.75,263.08,1089.21,56.15,10.59,43.85,Alta,Saludable,ACTIVO
USR0537,4442.66,3280.57,1160.49,1162.1,73.84,26.12,26.16,Alta,En observación,ACTIVO
USR0538,2359.84,1527.29,986.0,832.55,64.72,41.78,35.28,Alta,En riesgo,ACTIVO
USR0539,1674.38,1651.35,174.05,23.03,98.62,10.39,1.38,Baja,En riesgo,ACTIVO
USR0540,5335.97,3536.73,427.76,1799.24,66.28,8.02,33.72,Alta,En observación,ACTIVO
USR0541,6669.93,4645.01,1116.92,2024.92,69.64,16.75,30.36,Alta,En observación,ACTIVO
USR0542,2759.55,1769.58,126.54,989.98,64.13,4.59,35.87,Alta,En observación,ACTIVO
USR0543,2236.73,1217.97,291.41,1018.77,54.45,13.03,45.55,Alta,Saludable,ACTIVO
USR0544,2099.06,1030.19,890.43,1068.87,49.08,42.42,50.92,Alta,En riesgo,ACTIVO
USR0545,6013.05,3933.8,2345.97,2079.25,65.42,39.01,34.58,Alta,En riesgo,ACTIVO
USR0546,4297.6,2552.45,182.69,1745.15,59.39,4.25,40.61,Alta,Saludable,ACTIVO
USR0547,2807.54,1620.99,147.46,1186.54,57.74,5.25,42.26,Alta,Saludable,ACTIVO
USR0548,4333.21,2809.46,183.74,1523.75,64.84,4.24,35.16,Alta,En observación,ACTIVO
USR0549,3856.16,2801.33,719.29,1054.83,72.65,18.65,27.35,Alta,En observación,ACTIVO
USR0550,3844.54,1751.62,449.16,2092.92,45.56,11.68,54.44,Alta,Saludable,ACTIVO
USR0551,1686.27,585.79,200.07,1100.48,34.74,11.86,65.26,Alta,Saludable,ACTIVO
USR0552,2984.89,2519.17,1131.13,465.72,84.4,37.9,15.6,Media,En riesgo,ACTIVO
USR0553,3635.92,2104.18,171.27,1531.74,57.87,4.71,42.13,Alta,Saludable,ACTIVO
USR0554,6766.68,3320.98,388.95,3445.7,49.08,5.75,50.92,Alta,Saludable,ACTIVO
USR0555,4430.65,1633.74,203.39,2796.91,36.87,4.59,63.13,Alta,Saludable,ACTIVO
USR0556,5203.48,3411.79,585.86,1791.69,65.57,11.26,34.43,Alta,En observación,ACTIVO
USR0557,1977.35,1167.71,112.01,809.63,59.05,5.66,40.95,Alta,Saludable,ACTIVO
USR0558,2777.24,2374.18,177.89,403.06,85.49,6.41,14.51,Media,En riesgo,ACTIVO
USR0559,3139.94,1968.7,460.6,1171.24,62.7,14.67,37.3,Alta,En observación,ACTIVO
USR0560,1971.86,1509.45,278.15,462.41,76.55,14.11,23.45,Alta,En observación,ACTIVO
USR0561,1981.72,1010.27,171.5,971.45,50.98,8.65,49.02,Alta,Saludable,INACTIVO
USR0562,3442.76,1914.66,162.78,1528.1,55.61,4.73,44.39,Alta,Saludable,ACTIVO
USR0563,3489.18,2534.15,541.16,955.02,72.63,15.51,27.37,Alta,En observación,ACTIVO
USR0564,3365.78,2447.79,905.57,918.0,72.73,26.91,27.27,Alta,En observación,ACTIVO
USR0565,4815.2,2414.45,110.41,2400.75,50.14,2.29,49.86,Alta,Saludable,ACTIVO
USR0566,5164.66,4729.96,635.47,434.7,91.58,12.3,8.42,Baja,En riesgo,ACTIVO
USR0567,4807.29,2247.2,297.72,2560.09,46.75,6.19,53.25,Alta,Saludable,ACTIVO
USR0568,4420.49,2920.8,1742.11,1499.68,66.07,39.41,33.93,Alta,En riesgo,ACTIVO
USR0569,4486.95,2787.34,655.42,1699.61,62.12,14.61,37.88,Alta,En observación,ACTIVO
USR0570,2340.98,1278.34,350.58,1062.64,54.61,14.98,45.39,Alta,Saludable,ACTIVO
USR0571,2159.17,1899.69,853.05,259.48,87.98,39.51,12.02,Media,En riesgo,ACTIVO
USR0572,1939.52,1181.06,309.88,758.46,60.89,15.98,39.11,Alta,En observación,ACTIVO
USR0573,4958.4,2887.45,763.26,2070.95,58.23,15.39,41.77,Alta,Saludable,ACTIVO
USR0574,3984.64,2337.34,379.36,1647.3,58.66,9.52,41.34,Alta,Saludable,ACTIVO
USR0575,4248.96,2544.06,649.43,1704.9,59.87,15.28,40.13,Alta,Saludable,ACTIVO
USR0576,3091.12,2591.55,1522.52,499.57,83.84,49.25,16.16,Media,En riesgo,ACTIVO
USR0577,5580.01,2165.64,627.15,3414.37,38.81,11.24,61.19,Alta,Saludable,ACTIVO
USR0578,6442.76,5029.28,1392.77,1413.48,78.06,21.62,21.94,Alta,En observación,ACTIVO
USR0579,5795.81,3569.62,557.6,2226.19,61.59,9.62,38.41,Alta,En observación,ACTIVO
USR0580,3610.14,1466.79,84.49,2143.35,40.63,2.34,59.37,Alta,Saludable,ACTIVO
USR0581,3227.09,3230.53,470.04,-3.44,100.11,14.57,-0.11,Nunca,En riesgo,ACTIVO
USR0582,4035.56,2571.15,198.68,1464.41,63.71,4.92,36.29,Alta,En observación,ACTIVO
USR0583,3577.05,2505.0,678.07,1072.05,70.03,18.96,29.97,Alta,En observación,ACTIVO
USR0584,4322.78,1665.13,477.36,2657.64,38.52,11.04,61.48,Alta,Saludable,ACTIVO
USR0585,5933.44,3127.12,520.29,2806.32,52.7,8.77,47.3,Alta,Saludable,ACTIVO
USR0586,2016.83,951.87,282.68,1064.96,47.2,14.02,52.8,Alta,Saludable,ACTIVO
USR0587,3397.73,3194.27,338.27,203.45,94.01,9.96,5.99,Baja,En riesgo,ACTIVO
USR0588,4936.09,3393.69,1032.39,1542.4,68.75,20.92,31.25,Alta,En observación,ACTIVO
USR0589,1930.43,1055.5,116.59,874.93,54.68,6.04,45.32,Alta,Saludable,ACTIVO
USR0590,2077.9,1449.82,477.74,628.09,69.77,22.99,30.23,Alta,En observación,ACTIVO
USR0591,3022.83,2029.47,439.92,993.36,67.14,14.55,32.86,Alta,En observación,ACTIVO
USR0592,4246.99,3260.19,1524.87,986.8,76.76,35.9,23.24,Alta,En riesgo,ACTIVO
USR0593,2424.08,2211.63,330.16,212.46,91.24,13.62,8.76,Baja,En riesgo,ACTIVO
USR0594,6624.69,3157.68,651.05,3467.01,47.67,9.83,52.33,Alta,Saludable,ACTIVO
USR0595,2094.25,1426.05,138.56,668.2,68.09,6.62,31.91,Alta,En observación,ACTIVO
USR0596,3411.66,1971.75,248.21,1439.91,57.79,7.28,42.21,Alta,Saludable,ACTIVO
USR0597,4802.93,2828.87,2732.49,1974.06,58.9,56.89,41.1,Alta,En riesgo,ACTIVO
USR0598,6143.97,3354.04,1096.53,2789.93,54.59,17.85,45.41,Alta,Saludable,ACTIVO
USR0599,2690.32,1891.82,577.81,798.5,70.32,21.48,29.68,Alta,En observación,ACTIVO
USR0600,6534.4,3606.94,573.46,2927.46,55.2,8.78,44.8,Alta,Saludable,ACTIVO
USR0601,4135.78,3372.5,795.62,763.28,81.54,19.24,18.46,Media,En observación,ACTIVO
USR0602,3411.64,1430.67,286.53,1980.97,41.93,8.4,58.07,Alta,Saludable,ACTIVO
USR0603,4384.11,3103.39,1018.96,1280.71,70.79,23.24,29.21,Alta,En observación,ACTIVO
USR0604,3336.12,1905.42,425.01,1430.7,57.11,12.74,42.89,Alta,Saludable,ACTIVO
USR0605,1272.55,917.3,351.39,355.25,72.08,27.61,27.92,Alta,En observación,ACTIVO
USR0606,4398.49,2037.78,469.55,2360.71,46.33,10.68,53.67,Alta,Saludable,ACTIVO
USR0607,2141.07,1423.79,293.33,717.28,66.5,13.7,33.5,Alta,En observación,ACTIVO
USR0608,1740.28,1337.84,327.28,402.44,76.88,18.81,23.12,Alta,En observación,ACTIVO
USR0609,5388.95,3749.79,295.58,1639.16,69.58,5.48,30.42,Alta,En observación,ACTIVO
USR0610,2962.39,1764.89,500.92,1197.5,59.58,16.91,40.42,Alta,Saludable,ACTIVO
USR0611,6086.03,5637.46,1156.61,448.57,92.63,19.0,7.37,Baja,En riesgo,ACTIVO
USR0612,3167.89,3146.2,97.75,21.7,99.32,3.09,0.68,Baja,En riesgo,ACTIVO
USR0613,4902.5,4355.83,566.43,546.67,88.85,11.55,11.15,Media,En riesgo,ACTIVO
USR0614,4851.18,2878.95,422.62,1972.23,59.35,8.71,40.65,Alta,Saludable,ACTIVO
USR0615,3390.19,975.43,165.18,2414.75,28.77,4.87,71.23,Alta,Saludable,ACTIVO
USR0616,1514.21,1098.78,176.21,415.43,72.56,11.64,27.44,Alta,En observación,ACTIVO
USR0617,4157.11,2711.13,574.74,1445.98,65.22,13.83,34.78,Alta,En observación,ACTIVO
USR0618,4270.05,3750.94,1946.55,519.1,87.84,45.59,12.16,Media,En riesgo,ACTIVO
USR0619,3369.69,2324.26,696.41,1045.43,68.98,20.67,31.02,Alta,En observación,ACTIVO
USR0620,3515.09,3289.56,442.58,225.53,93.58,12.59,6.42,Baja,En riesgo,ACTIVO
USR0621,2448.11,1343.27,338.62,1104.84,54.87,13.83,45.13,Alta,Saludable,ACTIVO
USR0622,2459.67,815.39,68.04,1644.28,33.15,2.77,66.85,Alta,Saludable,ACTIVO
USR0623,3122.56,2499.53,858.14,623.03,80.05,27.48,19.95,Media,En observación,ACTIVO
USR0624,4131.77,1667.91,512.19,2463.86,40.37,12.4,59.63,Alta,Saludable,ACTIVO
USR0625,1669.92,670.43,179.04,999.49,40.15,10.72,59.85,Alta,Saludable,ACTIVO
USR0626,4561.83,3046.15,515.76,1515.68,66.77,11.31,33.23,Alta,En observación,ACTIVO
USR0627,4424.79,2563.22,568.28,1861.57,57.93,12.84,42.07,Alta,Saludable,ACTIVO
USR0628,3759.3,2599.98,800.14,1159.32,69.16,21.28,30.84,Alta,En observación,ACTIVO
USR0629,4211.38,2821.16,626.3,1390.22,66.99,14.87,33.01,Alta,En observación,ACTIVO
USR0630,1681.08,1470.34,763.99,210.74,87.46,45.45,12.54,Media,En riesgo,ACTIVO
USR0631,2611.24,1556.97,1137.18,1054.27,59.63,43.55,40.37,Alta,En riesgo,ACTIVO
USR0632,4718.83,2461.49,469.66,2257.34,52.16,9.95,47.84,Alta,Saludable,ACTIVO
USR0633,3765.33,1965.94,230.74,1799.39,52.21,6.13,47.79,Alta,Saludable,ACTIVO
USR0634,5072.96,4016.39,1332.38,1056.57,79.17,26.26,20.83,Alta,En observación,ACTIVO
USR0635,5329.18,4004.63,1011.87,1324.55,75.15,18.99,24.85,Alta,En observación,ACTIVO
USR0636,2504.43,1356.15,368.22,1148.28,54.15,14.7,45.85,Alta,Saludable,ACTIVO
USR0637,2747.65,1733.87,157.44,1013.78,63.1,5.73,36.9,Alta,En observación,ACTIVO
USR0638,4886.68,2863.42,574.47,2023.26,58.6,11.76,41.4,Alta,Saludable,ACTIVO
USR0639,2499.63,2133.38,649.9,366.26,85.35,26.0,14.65,Media,En riesgo,ACTIVO
USR0640,1891.96,875.48,905.29,1016.48,46.27,47.85,53.73,Alta,En riesgo,ACTIVO
USR0641,6476.46,5636.58,1072.56,839.88,87.03,16.56,12.97,Media,En riesgo,ACTIVO
USR0642,5099.7,4599.58,604.06,500.12,90.19,11.85,9.81,Baja,En riesgo,ACTIVO
USR0643,5532.71,3163.88,255.27,2368.83,57.18,4.61,42.82,Alta,Saludable,ACTIVO
USR0644,3610.52,2537.74,146.52,1072.78,70.29,4.06,29.71,Alta,En observación,ACTIVO
USR0645,2066.77,929.92,156.45,1136.86,44.99,7.57,55.01,Alta,Saludable,ACTIVO
USR0646,3143.74,1817.94,124.3,1325.8,57.83,3.95,42.17,Alta,Saludable,ACTIVO
USR0647,5355.18,3556.37,696.13,1798.81,66.41,13.0,33.59,Alta,En observación,ACTIVO
USR0648,4564.53,3890.89,1618.92,673.64,85.24,35.47,14.76,Media,En riesgo,ACTIVO
USR0649,3255.88,1736.36,508.95,1519.52,53.33,15.63,46.67,Alta,Saludable,ACTIVO
USR0650,2294.52,1370.58,417.76,923.94,59.73,18.21,40.27,Alta,Saludable,INACTIVO
USR0651,6106.37,4040.04,692.9,2066.33,66.16,11.35,33.84,Alta,En observación,ACTIVO
USR0652,6146.15,3097.9,715.36,3048.25,50.4,11.64,49.6,Alta,Saludable,ELIMINADO
USR0653,5661.32,3430.03,1124.42,2231.29,60.59,19.86,39.41,Alta,En observación,ACTIVO
USR0654,2329.47,1783.96,298.08,545.5,76.58,12.8,23.42,Alta,En observación,ACTIVO
USR0655,2245.63,1537.58,270.71,708.05,68.47,12.05,31.53,Alta,En observación,ACTIVO
USR0656,2304.68,1695.03,847.16,609.65,73.55,36.76,26.45,Alta,En riesgo,ACTIVO
USR0657,2726.53,1915.18,718.02,811.35,70.24,26.33,29.76,Alta,En observación,ACTIVO
USR0658,5430.67,2558.6,523.69,2872.08,47.11,9.64,52.89,Alta,Saludable,ACTIVO
USR0659,1754.66,1212.07,497.57,542.59,69.08,28.36,30.92,Alta,En observación,ACTIVO
USR0660,3167.89,2500.31,512.27,667.58,78.93,16.17,21.07,Alta,En observación,ACTIVO
USR0661,2548.96,1789.34,461.63,759.62,70.2,18.11,29.8,Alta,En observación,ACTIVO
USR0662,2792.67,1978.49,782.64,814.18,70.85,28.02,29.15,Alta,En observación,ACTIVO
USR0663,6519.93,3617.01,799.41,2902.92,55.48,12.26,44.52,Alta,Saludable,INACTIVO
USR0664,5154.28,3702.1,347.52,1452.19,71.83,6.74,28.17,Alta,En observación,ACTIVO
USR0665,3745.52,1689.58,232.34,2055.94,45.11,6.2,54.89,Alta,Saludable,ACTIVO
USR0666,4432.89,2444.16,1845.29,1988.73,55.14,41.63,44.86,Alta,En riesgo,ACTIVO
USR0667,3665.85,2359.84,1974.13,1306.01,64.37,53.85,35.63,Alta,En riesgo,ACTIVO
USR0668,4006.54,3374.13,1219.07,632.41,84.22,30.43,15.78,Media,En observación,ACTIVO
USR0669,4879.49,3212.67,488.68,1666.82,65.84,10.01,34.16,Alta,En observación,ACTIVO
USR0670,6095.89,2373.23,328.0,3722.66,38.93,5.38,61.07,Alta,Saludable,ACTIVO
USR0671,4548.99,3226.9,398.03,1322.09,70.94,8.75,29.06,Alta,En observación,ACTIVO
USR0672,1401.12,1017.43,364.12,383.69,72.62,25.99,27.38,Alta,En observación,ACTIVO
USR0673,2404.3,2209.17,727.3,195.13,91.88,30.25,8.12,Baja,En riesgo,ACTIVO
USR0674,2818.05,2311.51,1182.22,506.54,82.03,41.95,17.97,Media,En riesgo,INACTIVO
USR0675,2868.92,2655.07,91.36,213.85,92.55,3.18,7.45,Baja,En riesgo,ACTIVO
USR0676,2318.22,1843.8,639.93,474.42,79.54,27.6,20.46,Alta,En observación,ACTIVO
USR0677,5013.57,3931.56,2049.1,1082.01,78.42,40.87,21.58,Alta,En riesgo,ACTIVO
USR0678,5273.48,2080.61,684.43,3192.87,39.45,12.98,60.55,Alta,Saludable,ACTIVO
USR0679,4615.79,3162.84,802.48,1452.95,68.52,17.39,31.48,Alta,En observación,ACTIVO
USR0680,5374.14,2862.03,142.51,2512.11,53.26,2.65,46.74,Alta,Saludable,ACTIVO
USR0681,5529.27,4035.53,2263.32,1493.74,72.98,40.93,27.02,Alta,En riesgo,ACTIVO
USR0682,2729.98,2151.01,538.39,578.97,78.79,19.72,21.21,Alta,En observación,ACTIVO
USR0683,1630.7,1380.58,144.93,250.12,84.66,8.89,15.34,Media,En observación,ACTIVO
USR0684,5236.17,3712.72,1131.72,1523.45,70.91,21.61,29.09,Alta,En observación,ACTIVO
USR0685,3181.21,1781.5,193.94,1399.71,56.0,6.1,44.0,Alta,Saludable,ACTIVO
USR0686,4345.04,3042.85,305.77,1302.19,70.03,7.04,29.97,Alta,En observación,ACTIVO
USR0687,3313.53,2766.05,549.01,547.48,83.48,16.57,16.52,Media,En observación,ACTIVO
USR0688,4560.11,3159.23,564.33,1400.88,69.28,12.38,30.72,Alta,En observación,ACTIVO
USR0689,2859.89,1637.98,336.87,1221.91,57.27,11.78,42.73,Alta,Saludable,ACTIVO
USR0690,4985.76,3460.01,750.77,1525.75,69.4,15.06,30.6,Alta,En observación,ACTIVO
USR0691,3703.76,1099.01,276.13,2604.76,29.67,7.46,70.33,Alta,Saludable,ACTIVO
USR0692,6368.28,4596.48,1491.17,1771.8,72.18,23.42,27.82,Alta,En observación,INACTIVO
USR0693,3448.69,1349.28,279.21,2099.41,39.12,8.1,60.88,Alta,Saludable,ACTIVO
USR0694,4271.41,2771.12,565.84,1500.28,64.88,13.25,35.12,Alta,En observación,ACTIVO
USR0695,6520.98,3827.06,969.1,2693.92,58.69,14.86,41.31,Alta,Saludable,ACTIVO
USR0696,1352.83,1120.61,620.66,232.22,82.83,45.88,17.17,Media,En riesgo,ACTIVO
USR0697,2997.52,1551.29,256.49,1446.23,51.75,8.56,48.25,Alta,Saludable,ACTIVO
USR0698,3682.92,3291.92,420.43,391.0,89.38,11.42,10.62,Media,En riesgo,ACTIVO
USR0699,2785.78,2066.05,341.69,719.73,74.16,12.27,25.84,Alta,En observación,ACTIVO
USR0700,4197.69,2382.6,585.94,1815.09,56.76,13.96,43.24,Alta,Saludable,ACTIVO
USR0701,2388.61,1817.24,434.26,571.37,76.08,18.18,23.92,Alta,En observación,ACTIVO
USR0702,1365.8,869.09,297.59,496.71,63.63,21.79,36.37,Alta,En observación,ACTIVO
USR0703,4112.85,3413.19,1538.63,699.66,82.99,37.41,17.01,Media,En riesgo,ACTIVO
USR0704,3740.09,1488.39,366.21,2251.7,39.8,9.79,60.2,Alta,Saludable,ACTIVO
USR0705,4483.08,3293.11,670.48,1189.98,73.46,14.96,26.54,Alta,En observación,ACTIVO
USR0706,5002.23,3345.34,950.46,1656.89,66.88,19.0,33.12,Alta,En observación,ACTIVO
USR0707,4450.75,2515.42,1747.32,1935.33,56.52,39.26,43.48,Alta,En riesgo,ACTIVO
USR0708,3590.21,2892.2,301.67,698.01,80.56,8.4,19.44,Media,En observación,INACTIVO
USR0709,1815.93,1508.03,899.16,307.9,83.04,49.52,16.96,Media,En riesgo,ACTIVO
USR0710,1308.21,1140.18,568.49,168.03,87.16,43.46,12.84,Media,En riesgo,ACTIVO
USR0711,6468.36,2658.23,454.05,3810.13,41.1,7.02,58.9,Alta,Saludable,ACTIVO
USR0712,5101.29,2891.61,585.14,2209.68,56.68,11.47,43.32,Alta,Saludable,ACTIVO
USR0713,2169.5,1612.05,212.42,557.45,74.31,9.79,25.69,Alta,En observación,ACTIVO
USR0714,5137.81,3596.46,205.94,1541.34,70.0,4.01,30.0,Alta,En observación,ACTIVO
USR0715,6705.22,5297.26,1663.72,1407.96,79.0,24.81,21.0,Alta,En observación,ACTIVO
USR0716,5115.44,3036.06,858.48,2079.38,59.35,16.78,40.65,Alta,Saludable,ACTIVO
USR0717,5859.29,3725.79,1145.18,2133.5,63.59,19.54,36.41,Alta,En observación,ACTIVO
USR0718,3321.75,1879.1,1226.75,1442.65,56.57,36.93,43.43,Alta,En riesgo,ACTIVO
USR0719,4925.55,2858.17,440.72,2067.38,58.03,8.95,41.97,Alta,Saludable,ACTIVO
USR0720,1970.79,1428.87,427.17,541.92,72.5,21.68,27.5,Alta,En observación,ACTIVO
USR0721,4492.55,2383.01,626.01,2109.54,53.04,13.93,46.96,Alta,Saludable,ACTIVO
USR0722,6027.72,3710.34,290.92,2317.39,61.55,4.83,38.45,Alta,En observación,ACTIVO
USR0723,4420.95,4419.64,305.11,1.31,99.97,6.9,0.03,Baja,En riesgo,ACTIVO
USR0724,3207.46,2151.61,430.79,1055.84,67.08,13.43,32.92,Alta,En observación,ACTIVO
USR0725,3092.66,1249.94,41.87,1842.71,40.42,1.35,59.58,Alta,Saludable,ACTIVO
USR0726,1900.84,1454.3,371.57,446.54,76.51,19.55,23.49,Alta,En observación,ACTIVO
USR0727,1324.36,765.11,177.66,559.24,57.77,13.41,42.23,Alta,Saludable,ACTIVO
USR0728,4943.88,2645.3,834.34,2298.58,53.51,16.88,46.49,Alta,Saludable,ACTIVO
USR0729,4554.12,3164.32,958.58,1389.8,69.48,21.05,30.52,Alta,En observación,ACTIVO
USR0730,5181.88,3001.03,536.13,2180.86,57.91,10.35,42.09,Alta,Saludable,ACTIVO
USR0731,1582.24,1219.56,632.68,362.67,77.08,39.99,22.92,Alta,En riesgo,ACTIVO
USR0732,5469.63,2350.45,271.26,3119.18,42.97,4.96,57.03,Alta,Saludable,ACTIVO
USR0733,1808.09,1295.81,517.2,512.28,71.67,28.6,28.33,Alta,En observación,ACTIVO
USR0734,6871.15,6995.34,687.04,-124.19,101.81,10.0,-1.81,Nunca,En riesgo,ACTIVO
USR0735,3679.66,2924.6,1456.79,755.05,79.48,39.59,20.52,Alta,En riesgo,ACTIVO
USR0736,6536.59,5006.35,1221.58,1530.24,76.59,18.69,23.41,Alta,En observación,ACTIVO
USR0737,4130.2,3326.42,2088.34,803.78,80.54,50.56,19.46,Media,En riesgo,ACTIVO
USR0738,3577.14,2370.9,1277.21,1206.23,66.28,35.7,33.72,Alta,En riesgo,ACTIVO
USR0739,3687.02,2373.45,2122.16,1313.56,64.37,57.56,35.63,Alta,En riesgo,ACTIVO
USR0740,3995.22,2220.94,516.56,1774.29,55.59,12.93,44.41,Alta,Saludable,ACTIVO
USR0741,3624.77,2317.29,1730.73,1307.48,63.93,47.75,36.07,Alta,En riesgo,ACTIVO
USR0742,5746.42,5182.38,650.26,564.04,90.18,11.32,9.82,Baja,En riesgo,ACTIVO
USR0743,3884.45,3147.5,543.07,736.95,81.03,13.98,18.97,Media,En observación,ACTIVO
USR0744,3162.55,2860.8,220.93,301.75,90.46,6.99,9.54,Baja,En riesgo,ACTIVO
USR0745,5998.79,4919.81,1083.85,1078.98,82.01,18.07,17.99,Media,En observación,ACTIVO
USR0746,1940.3,1428.71,620.23,511.58,73.63,31.97,26.37,Alta,En observación,ACTIVO
USR0747,4777.09,1912.03,577.1,2865.05,40.03,12.08,59.97,Alta,Saludable,ACTIVO
USR0748,1619.15,1231.51,237.99,387.64,76.06,14.7,23.94,Alta,En observación,ACTIVO
USR0749,5720.13,2683.95,659.1,3036.18,46.92,11.52,53.08,Alta,Saludable,ACTIVO
USR0750,4522.96,4023.96,331.1,499.0,88.97,7.32,11.03,Media,En riesgo,ACTIVO
USR0751,2191.1,1363.62,233.23,827.48,62.23,10.64,37.77,Alta,En observación,ACTIVO
USR0752,4415.76,1679.86,200.23,2735.89,38.04,4.53,61.96,Alta,Saludable,ACTIVO
USR0753,2319.83,1581.57,332.49,738.26,68.18,14.33,31.82,Alta,En observación,ACTIVO
USR0754,5484.85,5040.27,550.3,444.57,91.89,10.03,8.11,Baja,En riesgo,INACTIVO
USR0755,4361.43,2873.87,275.94,1487.56,65.89,6.33,34.11,Alta,En observación,ACTIVO
USR0756,6691.22,2384.51,370.13,4306.72,35.64,5.53,64.36,Alta,Saludable,ACTIVO
USR0757,5061.08,2453.02,403.47,2608.06,48.47,7.97,51.53,Alta,Saludable,ACTIVO
USR0758,5076.08,3641.4,580.72,1434.68,71.74,11.44,28.26,Alta,En observación,ACTIVO
USR0759,3451.7,2369.95,608.51,1081.75,68.66,17.63,31.34,Alta,En observación,ACTIVO
USR0760,3458.06,2816.5,999.01,641.56,81.45,28.89,18.55,Media,En observación,ACTIVO
USR0761,5783.64,4974.63,543.39,809.01,86.01,9.4,13.99,Media,En riesgo,ACTIVO
USR0762,5757.58,3042.51,107.57,2715.07,52.84,1.87,47.16,Alta,Saludable,ACTIVO
USR0763,3529.84,2118.91,446.52,1410.93,60.03,12.65,39.97,Alta,En observación,ACTIVO
USR0764,4369.33,3669.17,468.21,700.17,83.98,10.72,16.02,Media,En observación,ACTIVO
USR0765,2010.63,1514.31,432.62,496.32,75.32,21.52,24.68,Alta,En observación,ACTIVO
USR0766,1984.63,1479.48,390.19,505.15,74.55,19.66,25.45,Alta,En observación,ACTIVO
USR0767,3635.69,2458.23,702.64,1177.46,67.61,19.33,32.39,Alta,En observación,ACTIVO
USR0768,4219.19,2260.73,118.95,1958.46,53.58,2.82,46.42,Alta,Saludable,ACTIVO
USR0769,3396.82,2711.99,911.07,684.83,79.84,26.82,20.16,Alta,En observación,ACTIVO
USR0770,3151.01,1349.48,233.61,1801.53,42.83,7.41,57.17,Alta,Saludable,ACTIVO
USR0771,6997.73,5570.31,1471.36,1427.43,79.6,21.03,20.4,Alta,En observación,ACTIVO
USR0772,3784.5,2851.7,776.0,932.8,75.35,20.5,24.65,Alta,En observación,ACTIVO
USR0773,4421.96,2468.51,347.62,1953.44,55.82,7.86,44.18,Alta,Saludable,ACTIVO
USR0774,5599.82,3204.36,726.27,2395.45,57.22,12.97,42.78,Alta,Saludable,ACTIVO
USR0775,5380.17,3672.76,587.36,1707.42,68.26,10.92,31.74,Alta,En observación,ACTIVO
USR0776,6012.65,5491.56,1529.46,521.1,91.33,25.44,8.67,Baja,En riesgo,ACTIVO
USR0777,4338.82,2953.07,625.21,1385.75,68.06,14.41,31.94,Alta,En observación,ACTIVO
USR0778,2134.02,1649.77,204.77,484.24,77.31,9.6,22.69,Alta,En observación,INACTIVO
USR0779,2992.98,2091.04,354.21,901.94,69.86,11.83,30.14,Alta,En observación,ACTIVO
USR0780,3212.41,2455.03,947.42,757.38,76.42,29.49,23.58,Alta,En observación,ACTIVO
USR0781,2737.78,1013.44,376.79,1724.35,37.02,13.76,62.98,Alta,Saludable,ACTIVO
USR0782,3590.54,2350.58,364.11,1239.96,65.47,10.14,34.53,Alta,En observación,ACTIVO
USR0783,4416.24,3500.78,1585.49,915.46,79.27,35.9,20.73,Alta,En riesgo,ACTIVO
USR0784,3867.32,2603.82,752.43,1263.5,67.33,19.46,32.67,Alta,En observación,ACTIVO
USR0785,4375.54,2541.44,2179.86,1834.1,58.08,49.82,41.92,Alta,En riesgo,ACTIVO
USR0786,6997.49,6373.06,1659.4,624.43,91.08,23.71,8.92,Baja,En riesgo,ACTIVO
USR0787,4729.97,3548.66,1117.98,1181.32,75.02,23.64,24.98,Alta,En observación,ACTIVO
USR0788,4765.01,3182.75,836.44,1582.26,66.79,17.55,33.21,Alta,En observación,ACTIVO
USR0789,5512.21,3821.63,957.18,1690.58,69.33,17.36,30.67,Alta,En observación,ACTIVO
USR0790,5144.25,4108.6,651.66,1035.65,79.87,12.67,20.13,Alta,En observación,ACTIVO
USR0791,3942.01,2982.85,510.52,959.16,75.67,12.95,24.33,Alta,En observación,ACTIVO
USR0792,1871.25,1355.48,234.49,515.77,72.44,12.53,27.56,Alta,En observación,ACTIVO
USR0793,3129.04,2300.29,637.63,828.75,73.51,20.38,26.49,Alta,En observación,ACTIVO
USR0794,4667.16,3653.28,1796.5,1013.88,78.28,38.49,21.72,Alta,En riesgo,ACTIVO
USR0795,3718.08,2752.42,1237.41,965.66,74.03,33.28,25.97,Alta,En observación,ACTIVO
USR0796,4328.28,3322.87,756.24,1005.4,76.77,17.47,23.23,Alta,En observación,ACTIVO
USR0797,2824.81,2234.13,547.97,590.69,79.09,19.4,20.91,Alta,En observación,ACTIVO
USR0798,3347.14,2426.84,485.03,920.31,72.5,14.49,27.5,Alta,En observación,ACTIVO
USR0799,4779.32,3487.0,1674.47,1292.32,72.96,35.04,27.04,Alta,En riesgo,ACTIVO
USR0800,6757.29,2664.4,681.7,4092.89,39.43,10.09,60.57,Alta,Saludable,ACTIVO
USR0801,3900.66,3212.42,1084.04,688.23,82.36,27.79,17.64,Media,En observación,ACTIVO
USR0802,5356.94,2793.39,872.41,2563.55,52.15,16.29,47.85,Alta,Saludable,ACTIVO
USR0803,5171.73,4640.63,1554.73,531.1,89.73,30.06,10.27,Media,En riesgo,ACTIVO
USR0804,3434.32,1638.9,336.93,1795.42,47.72,9.81,52.28,Alta,Saludable,ACTIVO
USR0805,6337.93,4334.5,1053.23,2003.43,68.39,16.62,31.61,Alta,En observación,ACTIVO
USR0806,4370.82,2908.44,337.98,1462.38,66.54,7.73,33.46,Alta,En observación,ACTIVO
USR0807,2045.79,1233.98,143.66,811.81,60.32,7.02,39.68,Alta,En observación,ACTIVO
USR0808,2694.74,1943.97,1002.67,750.77,72.14,37.21,27.86,Alta,En riesgo,ACTIVO
USR0809,3644.23,1919.21,460.52,1725.02,52.66,12.64,47.34,Alta,Saludable,ACTIVO
USR0810,2539.91,1461.1,959.57,1078.81,57.53,37.78,42.47,Alta,En riesgo,ACTIVO
USR0811,5002.05,4702.84,735.51,299.21,94.02,14.7,5.98,Baja,En riesgo,ACTIVO
USR0812,3995.3,2294.11,1599.66,1701.19,57.42,40.04,42.58,Alta,En riesgo,ACTIVO
USR0813,3149.53,1831.22,481.35,1318.31,58.14,15.28,41.86,Alta,Saludable,INACTIVO
USR0814,6475.99,3857.57,659.01,2618.42,59.57,10.18,40.43,Alta,Saludable,ACTIVO
USR0815,6656.88,4184.88,433.08,2472.0,62.87,6.51,37.13,Alta,En observación,ACTIVO
USR0816,4446.73,2783.0,265.85,1663.73,62.59,5.98,37.41,Alta,En observación,ACTIVO
USR0817,6105.45,3727.62,753.58,2377.83,61.05,12.34,38.95,Alta,En observación,ACTIVO
USR0818,6426.35,6051.31,656.62,375.04,94.16,10.22,5.84,Baja,En riesgo,ACTIVO
USR0819,1621.97,1192.5,370.61,429.47,73.52,22.85,26.48,Alta,En observación,ACTIVO
USR0820,2186.92,1844.17,651.88,342.75,84.33,29.81,15.67,Media,En observación,ACTIVO
USR0821,2459.99,1254.64,935.13,1205.35,51.0,38.01,49.0,Alta,En riesgo,ACTIVO
USR0822,4089.8,3128.21,2201.08,961.59,76.49,53.82,23.51,Alta,En riesgo,ACTIVO
USR0823,3130.18,1987.65,1586.82,1142.53,63.5,50.69,36.5,Alta,En riesgo,ACTIVO
USR0824,3126.06,1786.99,1510.58,1339.07,57.16,48.32,42.84,Alta,En riesgo,ACTIVO
USR0825,1680.16,1432.78,497.97,247.38,85.28,29.64,14.72,Media,En riesgo,ACTIVO
USR0826,3782.84,2185.29,351.0,1597.55,57.77,9.28,42.23,Alta,Saludable,ACTIVO
USR0827,4489.58,3919.93,2058.74,569.65,87.31,45.86,12.69,Media,En riesgo,ACTIVO
USR0828,4219.9,3643.59,187.23,576.3,86.34,4.44,13.66,Media,En riesgo,ACTIVO
USR0829,6197.37,2749.25,462.79,3448.12,44.36,7.47,55.64,Alta,Saludable,ACTIVO
USR0830,2796.55,2210.83,737.2,585.73,79.06,26.36,20.94,Alta,En observación,ACTIVO
USR0831,4603.62,3232.26,1929.7,1371.36,70.21,41.92,29.79,Alta,En riesgo,ACTIVO
USR0832,4259.65,2763.66,2416.94,1495.99,64.88,56.74,35.12,Alta,En riesgo,ACTIVO
USR0833,2299.51,1465.43,964.14,834.08,63.73,41.93,36.27,Alta,En riesgo,ACTIVO
USR0834,4358.9,2237.64,462.1,2121.26,51.33,10.6,48.67,Alta,Saludable,ACTIVO
USR0835,3145.29,2255.63,719.25,889.66,71.71,22.87,28.29,Alta,En observación,ACTIVO
USR0836,6771.23,2179.24,122.69,4591.99,32.18,1.81,67.82,Alta,Saludable,ACTIVO
USR0837,4769.1,2893.58,922.97,1875.52,60.67,19.35,39.33,Alta,En observación,ACTIVO
USR0838,2067.04,891.55,131.24,1175.5,43.13,6.35,56.87,Alta,Saludable,ACTIVO
USR0839,4345.78,3249.07,1061.49,1096.71,74.76,24.43,25.24,Alta,En observación,ACTIVO
USR0840,4858.77,3307.74,352.84,1551.03,68.08,7.26,31.92,Alta,En observación,ACTIVO
USR0841,3201.26,2216.3,291.42,984.96,69.23,9.1,30.77,Alta,En observación,ACTIVO
USR0842,2964.5,2373.65,1208.32,590.86,80.07,40.76,19.93,Media,En riesgo,ACTIVO
USR0843,4644.38,4136.66,315.19,507.73,89.07,6.79,10.93,Media,En riesgo,INACTIVO
USR0844,4658.51,2669.67,267.18,1988.84,57.31,5.74,42.69,Alta,Saludable,ACTIVO
USR0845,3363.85,2923.52,603.66,440.33,86.91,17.95,13.09,Media,En riesgo,ACTIVO
USR0846,3666.68,3018.72,1390.44,647.96,82.33,37.92,17.67,Media,En riesgo,ACTIVO
USR0847,2791.79,2104.75,726.6,687.04,75.39,26.03,24.61,Alta,En observación,ACTIVO
USR0848,3821.99,2467.44,1675.4,1354.55,64.56,43.84,35.44,Alta,En riesgo,ACTIVO
USR0849,3820.39,2904.61,554.61,915.78,76.03,14.52,23.97,Alta,En observación,ACTIVO
USR0850,1553.45,1196.48,205.57,356.97,77.02,13.23,22.98,Alta,En observación,ACTIVO
USR0851,3166.72,1740.58,160.59,1426.14,54.96,5.07,45.04,Alta,Saludable,ACTIVO
USR0852,4882.62,2584.26,1974.69,2298.36,52.93,40.44,47.07,Alta,En riesgo,ACTIVO
USR0853,1876.51,1367.73,474.47,508.78,72.89,25.28,27.11,Alta,En observación,ACTIVO
USR0854,5467.99,3690.89,2182.18,1777.1,67.5,39.91,32.5,Alta,En riesgo,ACTIVO
USR0855,4122.98,3009.5,1028.38,1113.47,72.99,24.94,27.01,Alta,En observación,ACTIVO
USR0856,1909.27,1520.71,288.85,388.56,79.65,15.13,20.35,Alta,En observación,ACTIVO
USR0857,4627.24,2747.92,404.52,1879.33,59.39,8.74,40.61,Alta,Saludable,ACTIVO
USR0858,2525.42,1199.48,70.16,1325.94,47.5,2.78,52.5,Alta,Saludable,ACTIVO
USR0859,1652.06,1329.77,257.52,322.29,80.49,15.59,19.51,Media,En observación,ACTIVO
USR0860,3659.68,2619.09,325.58,1040.59,71.57,8.9,28.43,Alta,En observación,ACTIVO
USR0861,1848.0,1479.94,317.02,368.05,80.08,17.15,19.92,Media,En observación,ACTIVO
USR0862,3457.06,1122.25,360.77,2334.81,32.46,10.44,67.54,Alta,Saludable,ACTIVO
USR0863,4578.02,2721.43,228.23,1856.59,59.45,4.99,40.55,Alta,Saludable,INACTIVO
USR0864,5409.66,3443.57,2335.61,1966.09,63.66,43.17,36.34,Alta,En riesgo,ACTIVO
USR0865,3471.54,1720.55,1562.2,1750.99,49.56,45.0,50.44,Alta,En riesgo,ACTIVO
USR0866,5994.4,2579.14,446.81,3415.26,43.03,7.45,56.97,Alta,Saludable,ACTIVO
USR0867,4788.46,3895.33,2381.66,893.13,81.35,49.74,18.65,Media,En riesgo,ACTIVO
USR0868,2848.88,1805.13,171.91,1043.74,63.36,6.03,36.64,Alta,En observación,ACTIVO
USR0869,3776.38,2493.55,1612.61,1282.83,66.03,42.7,33.97,Alta,En riesgo,ACTIVO
USR0870,4998.01,4353.54,879.27,644.48,87.11,17.59,12.89,Media,En riesgo,ACTIVO
USR0871,5010.98,2838.3,1752.14,2172.68,56.64,34.97,43.36,Alta,En observación,ACTIVO
USR0872,3155.96,2256.82,1086.32,899.14,71.51,34.42,28.49,Alta,En observación,ACTIVO
USR0873,5225.69,3041.04,388.92,2184.65,58.19,7.44,41.81,Alta,Saludable,ACTIVO
USR0874,2452.33,1819.46,447.15,632.86,74.19,18.23,25.81,Alta,En observación,ACTIVO
USR0875,4987.62,3818.84,2128.61,1168.78,76.57,42.68,23.43,Alta,En riesgo,ACTIVO
USR0876,1397.39,1018.76,254.0,378.62,72.9,18.18,27.1,Alta,En observación,ACTIVO
USR0877,1922.33,1761.19,210.03,161.14,91.62,10.93,8.38,Baja,En riesgo,ACTIVO
USR0878,3372.24,1752.15,135.15,1620.09,51.96,4.01,48.04,Alta,Saludable,ACTIVO
USR0879,1702.73,576.34,2.39,1126.39,33.85,0.14,66.15,Alta,Saludable,ACTIVO
USR0880,4832.5,2666.47,326.21,2166.02,55.18,6.75,44.82,Alta,Saludable,ACTIVO
USR0881,2227.99,1744.79,1138.17,483.19,78.31,51.09,21.69,Alta,En riesgo,ACTIVO
USR0882,5983.39,3258.51,67.37,2724.87,54.46,1.13,45.54,Alta,Saludable,ACTIVO
USR0883,4696.69,2722.76,514.2,1973.93,57.97,10.95,42.03,Alta,Saludable,ACTIVO
USR0884,6782.34,2800.92,126.94,3981.43,41.3,1.87,58.7,Alta,Saludable,ACTIVO
USR0885,4863.97,2267.21,397.96,2596.75,46.61,8.18,53.39,Alta,Saludable,ACTIVO
USR0886,3642.29,2372.56,1365.62,1269.73,65.14,37.49,34.86,Alta,En riesgo,ACTIVO
USR0887,3283.54,2751.28,1385.49,532.26,83.79,42.2,16.21,Media,En riesgo,ACTIVO
USR0888,4657.91,3207.3,824.68,1450.61,68.86,17.7,31.14,Alta,En observación,ACTIVO
USR0889,3463.51,1623.35,1621.55,1840.16,46.87,46.82,53.13,Alta,En riesgo,ACTIVO
USR0890,2462.77,1992.76,788.43,470.01,80.92,32.01,19.08,Media,En observación,ACTIVO
USR0891,4625.9,3948.14,977.26,677.76,85.35,21.13,14.65,Media,En riesgo,ACTIVO
USR0892,6907.63,3164.41,334.71,3743.22,45.81,4.85,54.19,Alta,Saludable,ACTIVO
USR0893,3468.29,1962.22,202.33,1506.07,56.58,5.83,43.42,Alta,Saludable,ACTIVO
USR0894,5724.48,5069.68,263.24,654.8,88.56,4.6,11.44,Media,En riesgo,ACTIVO
USR0895,2317.57,1406.68,420.69,910.89,60.7,18.15,39.3,Alta,En observación,ACTIVO
USR0896,2874.63,1584.33,295.52,1290.3,55.11,10.28,44.89,Alta,Saludable,ACTIVO
USR0897,2616.7,1340.12,323.66,1276.58,51.21,12.37,48.79,Alta,Saludable,ACTIVO
USR0898,6538.67,4211.01,906.34,2327.66,64.4,13.86,35.6,Alta,En observación,ACTIVO
USR0899,3186.18,2769.4,535.69,416.78,86.92,16.81,13.08,Media,En riesgo,ACTIVO
USR0900,3595.81,2812.56,1014.01,783.25,78.22,28.2,21.78,Alta,En observación,ACTIVO
USR0901,4014.93,2112.5,434.72,1902.43,52.62,10.83,47.38,Alta,Saludable,ACTIVO
USR0902,5501.98,3004.36,633.64,2497.62,54.61,11.52,45.39,Alta,Saludable,ACTIVO
USR0903,2523.53,1648.8,126.71,874.73,65.34,5.02,34.66,Alta,En observación,ACTIVO
USR0904,5466.24,4262.67,1107.92,1203.57,77.98,20.27,22.02,Alta,En observación,ACTIVO
USR0905,3716.98,2995.45,1961.15,721.53,80.59,52.76,19.41,Media,En riesgo,ACTIVO
USR0906,3505.67,2732.42,543.52,773.25,77.94,15.5,22.06,Alta,En observación,ACTIVO
USR0907,2591.68,1920.96,698.42,670.72,74.12,26.95,25.88,Alta,En observación,ACTIVO
USR0908,6509.2,3818.3,430.55,2690.89,58.66,6.61,41.34,Alta,Saludable,ACTIVO
USR0909,3951.37,3435.48,1851.21,515.89,86.94,46.85,13.06,Media,En riesgo,ACTIVO
USR0910,6223.67,3542.19,429.85,2681.48,56.91,6.91,43.09,Alta,Saludable,ACTIVO
USR0911,5271.38,4528.72,460.13,742.65,85.91,8.73,14.09,Media,En riesgo,ACTIVO
USR0912,4428.74,3630.33,560.65,798.41,81.97,12.66,18.03,Media,En observación,ACTIVO
USR0913,1929.17,1724.65,92.28,204.52,89.4,4.78,10.6,Media,En riesgo,INACTIVO
USR0914,1748.86,889.4,369.45,859.46,50.86,21.13,49.14,Alta,En observación,ACTIVO
USR0915,4141.4,3776.65,247.11,364.75,91.19,5.97,8.81,Baja,En riesgo,ACTIVO
USR0916,6295.26,5256.13,2021.0,1039.13,83.49,32.1,16.51,Media,En observación,ACTIVO
USR0917,2827.43,2589.67,320.98,237.75,91.59,11.35,8.41,Baja,En riesgo,ACTIVO
USR0918,3443.19,2855.38,351.45,587.81,82.93,10.21,17.07,Media,En observación,ACTIVO
USR0919,1781.37,1192.85,310.43,588.52,66.96,17.43,33.04,Alta,En observación,ACTIVO
USR0920,1972.38,1541.89,656.65,430.49,78.17,33.29,21.83,Alta,En observación,ACTIVO
USR0921,1725.2,1087.95,245.87,637.24,63.06,14.25,36.94,Alta,En observación,ACTIVO
USR0922,2991.07,1336.8,382.05,1654.27,44.69,12.77,55.31,Alta,Saludable,ACTIVO
USR0923,1989.36,1309.0,259.04,680.35,65.8,13.02,34.2,Alta,En observación,ACTIVO
USR0924,3114.62,2217.92,501.4,896.71,71.21,16.1,28.79,Alta,En observación,ACTIVO
USR0925,1817.31,1280.06,410.46,537.26,70.44,22.59,29.56,Alta,En observación,ACTIVO
USR0926,4398.6,2908.3,1839.91,1490.3,66.12,41.83,33.88,Alta,En riesgo,ACTIVO
USR0927,4729.73,3958.56,853.64,771.17,83.7,18.05,16.3,Media,En observación,ACTIVO
USR0928,1350.8,962.97,526.81,387.83,71.29,39.0,28.71,Alta,En riesgo,ACTIVO
USR0929,4767.29,3882.64,1243.68,884.65,81.44,26.09,18.56,Media,En observación,ACTIVO
USR0930,2047.65,763.51,157.14,1284.14,37.29,7.67,62.71,Alta,Saludable,ACTIVO
USR0931,1642.69,1127.4,348.32,515.29,68.63,21.2,31.37,Alta,En observación,ACTIVO
USR0932,4321.21,3571.17,569.0,750.04,82.64,13.17,17.36,Media,En observación,ACTIVO
USR0933,4930.54,3682.86,1137.17,1247.68,74.69,23.06,25.31,Alta,En observación,ELIMINADO
USR0934,3004.23,2254.57,825.08,749.66,75.05,27.46,24.95,Alta,En observación,ACTIVO
USR0935,2989.91,1978.71,1241.27,1011.2,66.18,41.52,33.82,Alta,En riesgo,ACTIVO
USR0936,2062.16,1167.66,118.94,894.5,56.62,5.77,43.38,Alta,Saludable,ACTIVO
USR0937,2656.62,2128.58,1037.39,528.04,80.12,39.05,19.88,Media,En riesgo,ACTIVO
USR0938,6702.2,2926.28,681.79,3775.93,43.66,10.17,56.34,Alta,Saludable,ACTIVO
USR0939,3965.89,3259.15,682.39,706.73,82.18,17.21,17.82,Media,En observación,INACTIVO
USR0940,2944.08,2335.22,562.06,608.86,79.32,19.09,20.68,Alta,En observación,ACTIVO
USR0941,4161.07,1904.07,532.66,2257.0,45.76,12.8,54.24,Alta,Saludable,ACTIVO
USR0942,2815.17,1773.87,408.31,1041.3,63.01,14.5,36.99,Alta,En observación,ACTIVO
USR0943,5056.26,4459.55,1808.22,596.71,88.2,35.76,11.8,Media,En riesgo,ACTIVO
USR0944,4803.59,3613.67,1273.66,1189.91,75.23,26.51,24.77,Alta,En observación,ACTIVO
USR0945,1880.56,1064.97,339.77,815.59,56.63,18.07,43.37,Alta,Saludable,ACTIVO
USR0946,4565.24,3427.13,575.19,1138.11,75.07,12.6,24.93,Alta,En observación,ACTIVO
USR0947,4079.96,3653.41,1840.06,426.54,89.55,45.1,10.45,Media,En riesgo,ACTIVO
USR0948,2517.52,1930.71,499.74,586.81,76.69,19.85,23.31,Alta,En observación,ACTIVO
USR0949,4102.59,2394.03,446.58,1708.57,58.35,10.89,41.65,Alta,Saludable,ACTIVO
USR0950,3503.93,2624.27,435.35,879.65,74.9,12.42,25.1,Alta,En observación,ACTIVO
USR0951,6238.27,3563.04,652.18,2675.23,57.12,10.45,42.88,Alta,Saludable,ACTIVO
USR0952,4487.28,3221.88,812.64,1265.4,71.8,18.11,28.2,Alta,En observación,ACTIVO
USR0953,2507.38,2065.44,98.99,441.94,82.37,3.95,17.63,Media,En observación,ACTIVO
USR0954,2952.14,1292.08,301.32,1660.06,43.77,10.21,56.23,Alta,Saludable,ACTIVO
USR0955,6003.0,4034.7,1219.16,1968.3,67.21,20.31,32.79,Alta,En observación,ACTIVO
USR0956,5697.7,3869.45,1075.17,1828.25,67.91,18.87,32.09,Alta,En observación,INACTIVO
USR0957,4706.63,2200.09,390.84,2506.54,46.74,8.3,53.26,Alta,Saludable,ACTIVO
USR0958,5421.99,3431.8,418.51,1990.19,63.29,7.72,36.71,Alta,En observación,ACTIVO
USR0959,3433.29,2474.0,762.29,959.29,72.06,22.2,27.94,Alta,En observación,ACTIVO
USR0960,2633.42,1455.86,520.59,1177.56,55.28,19.77,44.72,Alta,Saludable,ACTIVO
USR0961,1878.3,1215.85,343.15,662.45,64.73,18.27,35.27,Alta,En observación,ACTIVO
USR0962,3614.56,2284.32,600.01,1330.24,63.2,16.6,36.8,Alta,En observación,ACTIVO
USR0963,3307.3,2452.49,747.4,854.81,74.15,22.6,25.85,Alta,En observación,ACTIVO
USR0964,4784.86,4185.52,689.79,599.34,87.47,14.42,12.53,Media,En riesgo,ACTIVO
USR0965,3598.32,1462.36,206.59,2135.96,40.64,5.74,59.36,Alta,Saludable,ACTIVO
USR0966,5206.96,3047.03,1854.1,2159.94,58.52,35.61,41.48,Alta,En riesgo,ACTIVO
USR0967,3456.45,2445.42,888.13,1011.03,70.75,25.69,29.25,Alta,En observación,ACTIVO
USR0968,2961.85,1664.55,320.52,1297.31,56.2,10.82,43.8,Alta,Saludable,ACTIVO
USR0969,5186.9,2931.4,578.69,2255.49,56.52,11.16,43.48,Alta,Saludable,ACTIVO
USR0970,4938.28,5032.37,292.15,-94.1,101.91,5.92,-1.91,Nunca,En riesgo,ACTIVO
USR0971,2455.93,1754.32,692.85,701.61,71.43,28.21,28.57,Alta,En observación,INACTIVO
USR0972,6955.13,6181.43,1388.65,773.7,88.88,19.97,11.12,Media,En riesgo,INACTIVO
USR0973,3819.2,2397.71,494.58,1421.48,62.78,12.95,37.22,Alta,En observación,ACTIVO
USR0974,6094.47,2938.25,618.77,3156.22,48.21,10.15,51.79,Alta,Saludable,ACTIVO
USR0975,5025.99,3466.77,508.62,1559.22,68.98,10.12,31.02,Alta,En observación,ACTIVO
USR0976,3292.02,2183.45,623.03,1108.57,66.33,18.93,33.67,Alta,En observación,ACTIVO
USR0977,3710.35,3163.15,213.13,547.2,85.25,5.74,14.75,Media,En riesgo,ACTIVO
USR0978,2557.6,1733.05,183.57,824.55,67.76,7.18,32.24,Alta,En observación,ACTIVO
USR0979,4965.46,3420.56,770.33,1544.89,68.89,15.51,31.11,Alta,En observación,ACTIVO
USR0980,5165.07,2942.35,302.77,2222.72,56.97,5.86,43.03,Alta,Saludable,ACTIVO
USR0981,4228.77,3796.31,168.05,432.46,89.77,3.97,10.23,Media,En riesgo,ACTIVO
USR0982,3869.58,2289.14,495.73,1580.44,59.16,12.81,40.84,Alta,Saludable,ACTIVO
USR0983,3108.97,1713.85,1522.7,1395.13,55.13,48.98,44.87,Alta,En riesgo,ACTIVO
USR0984,4310.16,2475.02,602.81,1835.15,57.42,13.99,42.58,Alta,Saludable,ACTIVO
USR0985,2241.77,1015.89,2.35,1225.88,45.32,0.1,54.68,Alta,Saludable,ACTIVO
USR0986,1590.72,1385.64,170.6,205.08,87.11,10.72,12.89,Media,En riesgo,ACTIVO
USR0987,3182.94,2465.31,316.9,717.63,77.45,9.96,22.55,Alta,En observación,ACTIVO
USR0988,1768.84,720.38,145.23,1048.47,40.73,8.21,59.27,Alta,Saludable,ACTIVO
USR0989,2934.84,1798.22,479.07,1136.62,61.27,16.32,38.73,Alta,En observación,ACTIVO
USR0990,6227.28,5647.21,1966.95,580.07,90.69,31.59,9.31,Baja,En riesgo,ACTIVO
USR0991,3120.82,2012.07,1004.48,1108.75,64.47,32.19,35.53,Alta,En observación,ACTIVO
USR0992,3161.15,2200.94,530.63,960.22,69.62,16.79,30.38,Alta,En observación,ACTIVO
USR0993,5870.85,3290.72,978.46,2580.13,56.05,16.67,43.95,Alta,Saludable,ACTIVO
USR0994,1874.03,740.35,76.29,1133.68,39.51,4.07,60.49,Alta,Saludable,ACTIVO
USR0995,2375.7,1384.36,318.04,991.34,58.27,13.39,41.73,Alta,Saludable,ACTIVO
USR0996,6350.22,3125.07,293.3,3225.15,49.21,4.62,50.79,Alta,Saludable,ACTIVO
USR0997,4324.69,3277.2,1251.92,1047.49,75.78,28.95,24.22,Alta,En observación,ACTIVO
USR0998,4513.88,2027.5,166.19,2486.38,44.92,3.68,55.08,Alta,Saludable,ACTIVO
USR0999,4984.75,4390.62,206.43,594.14,88.08,4.14,11.92,Media,En riesgo,ACTIVO
USR1000,3820.18,3269.99,1271.32,550.19,85.6,33.28,14.4,Media,En riesgo,ACTIVO
