usuario_id,ingreso_mensual,deuda_mensual,nivel_endeudamiento,gasto_mensual_promedio,ahorro_mensual_estimado,porcentaje_gastos_ingreso,frecuencia_ahorro,perfil_financiero
USR0001,3352.84,548.36,16.36,2874.48,-70.01,85.73,Nunca,En riesgo
USR0002,1836.28,256.31,13.96,1051.04,528.93,57.24,Alta,Saludable
USR0003,2230.96,452.15,20.27,1883.82,-105.01,84.44,Nunca,En riesgo
USR0004,2740.1,1368.23,49.93,1450.06,-78.19,52.92,Nunca,En riesgo
USR0005,3341.83,579.82,17.35,2588.31,173.69,77.45,Baja,En observación
USR0006,2594.84,357.84,13.79,1697.41,539.58,65.42,Alta,En observación
USR0007,4093.0,780.53,19.07,3149.88,162.58,76.96,Baja,En riesgo
USR0008,4454.15,772.98,17.35,3252.42,428.74,73.02,Baja,En observación
USR0009,3101.29,153.97,4.96,1070.25,1877.07,34.51,Alta,Saludable
USR0010,4815.18,774.28,16.08,3245.08,795.82,67.39,Media,En observación
USR0011,5862.46,1027.08,17.52,4095.27,740.12,69.86,Media,En observación
USR0012,2264.26,656.85,29.01,1836.43,-229.01,81.1,Nunca,En riesgo
USR0013,4893.93,2569.28,52.5,3728.76,-1404.11,76.19,Nunca,En riesgo
USR0014,4725.69,803.47,17.0,4168.27,-246.05,88.2,Nunca,En riesgo
USR0015,1808.09,135.75,7.51,1195.7,476.64,66.13,Alta,En observación
USR0016,2851.74,433.08,15.19,2102.86,315.8,73.74,Media,En observación
USR0017,2835.45,1158.78,40.87,1579.34,97.33,55.7,Baja,En riesgo
USR0018,2615.24,477.64,18.26,1884.14,253.46,72.04,Baja,En observación
USR0019,1611.82,249.75,15.49,1465.7,-103.64,90.93,Nunca,En riesgo
USR0020,3829.44,415.81,10.86,3401.73,11.9,88.83,Baja,En riesgo
USR0021,3921.54,241.45,6.16,1655.01,2025.09,42.2,Alta,Saludable
USR0022,1360.58,196.3,14.43,911.26,253.02,66.98,Media,En observación
USR0023,2788.28,425.78,15.27,1823.84,538.66,65.41,Media,En observación
USR0024,1754.05,317.46,18.1,1373.06,63.52,78.28,Baja,En riesgo
USR0025,4694.45,1352.13,28.8,3420.98,-78.66,72.87,Nunca,En observación
USR0026,4720.01,1213.93,25.72,3797.08,-291.0,80.45,Nunca,En riesgo
USR0027,2231.96,1100.3,49.3,1613.24,-481.58,72.28,Nunca,En riesgo
USR0028,2922.51,117.51,4.02,2637.44,167.56,90.25,Baja,En riesgo
USR0029,5674.09,885.2,15.6,3251.79,1537.1,57.31,Alta,Saludable
USR0030,3505.57,515.35,14.7,1958.62,1031.6,55.87,Alta,Saludable
USR0031,4281.99,35.79,0.84,1764.55,2481.64,41.21,Alta,Saludable
USR0032,2458.2,508.89,20.7,1541.36,407.96,62.7,Media,En observación
USR0033,5803.72,1479.6,25.49,4921.46,-597.34,84.8,Nunca,En riesgo
USR0034,2138.43,292.57,13.68,1827.23,18.63,85.45,Baja,En riesgo
USR0035,5052.36,339.12,6.71,3178.95,1534.29,62.92,Alta,En observación
USR0036,2551.78,1299.03,50.91,1382.52,-129.77,54.18,Nunca,En riesgo
USR0037,2592.66,523.47,20.19,1635.63,433.56,63.09,Media,En observación
USR0038,3534.72,285.28,8.07,2259.41,990.03,63.92,Alta,En observación
USR0039,3121.1,1333.52,42.73,2529.21,-741.63,81.04,Nunca,En riesgo
USR0040,2402.94,362.18,15.07,1608.72,432.04,66.95,Media,En observación
USR0041,4623.3,840.39,18.18,2742.26,1040.64,59.31,Alta,Saludable
USR0042,4745.05,775.77,16.35,3124.35,844.92,65.84,Media,En observación
USR0043,3918.04,867.4,22.14,2770.72,279.92,70.72,Baja,En observación
USR0044,2392.02,990.92,41.43,1552.01,-150.91,64.88,Nunca,En riesgo
USR0045,3983.71,503.86,12.65,2011.36,1468.49,50.49,Alta,Saludable
USR0046,2544.99,132.03,5.19,1353.4,1059.55,53.18,Alta,Saludable
USR0047,3618.12,418.56,11.57,2144.13,1055.43,59.26,Alta,Saludable
USR0048,2488.05,416.92,16.76,1539.97,531.16,61.89,Alta,En observación
USR0049,7073.66,16.89,0.24,3127.25,3929.52,44.21,Alta,Saludable
USR0050,2480.75,606.08,24.43,1980.35,-105.68,79.83,Nunca,En riesgo
USR0051,3310.66,874.54,26.42,2614.11,-177.98,78.96,Nunca,En riesgo
USR0052,5034.95,317.11,6.3,5076.05,-358.21,100.82,Nunca,En riesgo
USR0053,2003.6,239.33,11.95,1566.9,197.37,78.2,Baja,En observación
USR0054,2898.79,1299.14,44.82,2075.11,-475.46,71.59,Nunca,En riesgo
USR0055,5832.82,158.18,2.71,2978.18,2696.47,51.06,Alta,Saludable
USR0056,3883.02,1348.4,34.73,3608.08,-1073.47,92.92,Nunca,En riesgo
USR0057,3599.82,737.05,20.47,2780.34,82.42,77.24,Baja,En riesgo
USR0058,3107.22,1172.24,37.73,2129.92,-194.94,68.55,Nunca,En observación
USR0059,2625.95,307.02,11.69,1157.99,1160.94,44.1,Alta,Saludable
USR0060,6637.88,256.84,3.87,3451.52,2929.52,52.0,Alta,Saludable
USR0061,2638.84,989.23,37.49,1505.16,144.44,57.04,Baja,En observación
USR0062,2362.05,304.0,12.87,1256.78,801.27,53.21,Alta,Saludable
USR0063,3448.0,597.26,17.32,1964.49,886.25,56.97,Alta,Saludable
USR0064,3462.57,287.26,8.3,3384.7,-209.39,97.75,Nunca,En riesgo
USR0065,3966.64,297.53,7.5,3719.97,-50.86,93.78,Nunca,En riesgo
USR0066,3276.65,1783.65,54.44,1506.73,-13.72,45.98,Nunca,En riesgo
USR0067,2703.26,986.18,36.48,1609.59,107.49,59.54,Baja,En observación
USR0068,1399.76,681.4,48.68,1066.53,-348.18,76.19,Nunca,En riesgo
USR0069,3230.1,627.36,19.42,2381.25,221.48,73.72,Baja,En observación
USR0070,6670.28,719.72,10.79,3909.97,2040.6,58.62,Alta,Saludable
USR0071,4962.88,520.8,10.49,3040.53,1401.55,61.27,Alta,En observación
USR0072,5087.37,1890.08,37.15,3540.72,-343.43,69.6,Nunca,En observación
USR0073,5125.34,234.91,4.58,4516.67,373.76,88.12,Baja,En observación
USR0074,2614.67,466.43,17.84,1891.74,256.5,72.35,Baja,En observación
USR0075,5782.34,421.99,7.3,3468.98,1891.37,59.99,Alta,Saludable
USR0076,1365.01,533.55,39.09,726.36,105.1,53.21,Baja,En observación
USR0077,1917.2,962.28,50.19,1425.06,-470.13,74.33,Nunca,En riesgo
USR0078,4776.28,1363.02,28.54,3248.08,165.18,68.0,Baja,En observación
USR0079,3781.78,503.84,13.32,1688.44,1589.5,44.65,Alta,Saludable
USR0080,3840.44,465.42,12.12,2946.52,428.51,76.72,Media,En observación
USR0081,4492.73,210.54,4.69,2134.7,2147.49,47.51,Alta,Saludable
USR0082,2341.19,371.76,15.88,1960.26,9.18,83.73,Baja,En riesgo
USR0083,3158.22,1184.11,37.49,2633.11,-659.0,83.37,Nunca,En riesgo
USR0084,4009.44,96.06,2.4,2139.3,1774.08,53.36,Alta,Saludable
USR0085,6354.06,412.86,6.5,5499.3,441.9,86.55,Baja,En observación
USR0086,3481.37,385.97,11.09,2859.67,235.73,82.14,Baja,En observación
USR0087,4430.37,360.19,8.13,1959.03,2111.15,44.22,Alta,Saludable
USR0088,2058.02,259.4,12.6,1202.95,595.68,58.45,Alta,Saludable
USR0089,3950.26,695.31,17.6,2414.72,840.22,61.13,Alta,En observación
USR0090,2204.28,111.97,5.08,837.53,1254.78,38.0,Alta,Saludable
USR0091,1762.15,199.93,11.35,1058.98,503.23,60.1,Alta,En observación
USR0092,4711.18,447.2,9.49,2821.16,1442.82,59.88,Alta,Saludable
USR0093,5643.55,686.07,12.16,4758.63,198.84,84.32,Baja,En riesgo
USR0094,4105.63,737.59,17.97,2231.81,1136.24,54.36,Alta,Saludable
USR0095,3207.34,356.72,11.12,1890.16,960.46,58.93,Alta,Saludable
USR0096,6908.8,768.2,11.12,3704.2,2436.4,53.62,Alta,Saludable
USR0097,2651.48,175.74,6.63,1138.24,1337.5,42.93,Alta,Saludable
USR0098,3231.45,399.27,12.36,1716.66,1115.52,53.12,Alta,Saludable
USR0099,4973.79,875.7,17.61,3849.47,248.62,77.4,Baja,En riesgo
USR0100,6342.24,1370.05,21.6,3877.91,1094.28,61.14,Media,En observación
USR0101,2331.83,221.11,9.48,1323.45,787.27,56.76,Alta,Saludable
USR0102,3816.17,280.64,7.35,2575.62,959.92,67.49,Alta,En observación
USR0103,4546.8,2187.21,48.1,3234.18,-874.59,71.13,Nunca,En riesgo
USR0104,1326.78,711.92,53.66,616.18,-1.32,46.44,Nunca,En riesgo
USR0105,1709.46,683.93,40.01,818.94,206.59,47.91,Media,En riesgo
USR0106,1378.78,257.01,18.64,934.14,187.64,67.75,Media,En observación
USR0107,2644.37,645.14,24.4,2032.0,-32.77,76.84,Nunca,En riesgo
USR0108,2690.67,422.6,15.71,1569.9,698.17,58.35,Alta,Saludable
USR0109,2729.16,1023.52,37.5,1681.43,24.21,61.61,Baja,En observación
USR0110,3401.85,379.1,11.14,1929.49,1093.27,56.72,Alta,Saludable
USR0111,2485.51,233.74,9.4,2129.38,122.4,85.67,Baja,En riesgo
USR0112,5782.54,884.32,15.29,3570.55,1327.66,61.75,Alta,En observación
USR0113,3835.57,925.86,24.14,2710.22,199.48,70.66,Baja,En observación
USR0114,3959.85,1478.09,37.33,3089.53,-607.77,78.02,Nunca,En riesgo
USR0115,2850.01,346.63,12.16,1611.03,892.36,56.53,Alta,Saludable
USR0116,3875.75,655.12,16.9,2695.44,525.19,69.55,Media,En observación
USR0117,3770.55,625.35,16.59,2416.44,728.76,64.09,Media,En observación
USR0118,3489.71,168.89,4.84,3144.57,176.25,90.11,Baja,En riesgo
USR0119,5057.45,2619.9,51.8,4156.93,-1719.37,82.19,Nunca,En riesgo
USR0120,2419.45,380.22,15.72,1301.6,737.64,53.8,Alta,Saludable
USR0121,3621.46,1079.77,29.82,2715.0,-173.31,74.97,Nunca,En observación
USR0122,3989.92,713.46,17.88,2338.52,937.95,58.61,Alta,Saludable
USR0123,3051.68,441.47,14.47,2037.8,572.4,66.78,Media,En observación
USR0124,2977.1,724.49,24.34,2081.4,171.2,69.91,Baja,En observación
USR0125,5037.34,2001.09,39.73,3046.67,-10.42,60.48,Nunca,En observación
USR0126,4954.42,4.59,0.09,2126.0,2823.82,42.91,Alta,Saludable
USR0127,2034.84,345.82,16.99,1335.01,354.02,65.61,Media,En observación
USR0128,1715.84,219.09,12.77,1146.91,349.83,66.84,Alta,En observación
USR0129,6277.31,632.77,10.08,3219.34,2425.2,51.29,Alta,Saludable
USR0130,5057.41,1066.0,21.08,3357.62,633.78,66.39,Media,En observación
USR0131,3291.88,863.74,26.24,2517.52,-89.38,76.48,Nunca,En riesgo
USR0132,4482.52,458.29,10.22,2712.42,1311.81,60.51,Alta,En observación
USR0133,3630.07,740.32,20.39,3092.54,-202.8,85.19,Nunca,En riesgo
USR0134,2693.01,360.74,13.4,1094.3,1237.97,40.63,Alta,Saludable
USR0135,4939.44,2432.68,49.25,3843.93,-1337.17,77.82,Nunca,En riesgo
USR0136,2171.53,132.62,6.11,1350.6,688.32,62.2,Alta,En observación
USR0137,4527.92,1661.22,36.69,3571.41,-704.71,78.88,Nunca,En riesgo
USR0138,2306.38,748.42,32.45,1915.96,-358.0,83.07,Nunca,En riesgo
USR0139,6357.2,873.69,13.74,5653.9,-170.39,88.94,Nunca,En riesgo
USR0140,6729.67,993.9,14.77,3341.56,2394.21,49.65,Alta,Saludable
USR0141,6743.83,2829.37,41.95,5715.85,-1801.39,84.76,Nunca,En riesgo
USR0142,2505.27,481.51,19.22,1719.6,304.16,68.64,Media,En observación
USR0143,4454.49,87.17,1.96,2332.82,2034.5,52.37,Alta,Saludable
USR0144,4570.36,879.87,19.25,3549.0,141.49,77.65,Baja,En riesgo
USR0145,2284.63,860.52,37.67,1156.75,267.36,50.63,Media,En observación
USR0146,6293.48,1061.8,16.87,4102.34,1129.35,65.18,Media,En observación
USR0147,3747.3,848.45,22.64,2584.23,314.62,68.96,Baja,En observación
USR0148,6544.07,897.98,13.72,4177.76,1468.33,63.84,Alta,En observación
USR0149,4884.46,567.16,11.61,4577.46,-260.15,93.71,Nunca,En riesgo
USR0150,6072.54,508.84,8.38,3905.46,1658.24,64.31,Alta,En observación
USR0151,2164.38,193.99,8.96,1427.74,542.65,65.97,Alta,En observación
USR0152,3035.41,323.13,10.65,1608.52,1103.76,52.99,Alta,Saludable
USR0153,3293.5,675.96,20.52,2252.57,364.97,68.39,Media,En observación
USR0154,4474.66,469.24,10.49,3841.59,163.83,85.85,Baja,En riesgo
USR0155,5362.89,1155.56,21.55,3026.15,1181.18,56.43,Alta,En observación
USR0156,4769.78,915.96,19.2,2883.98,969.84,60.46,Alta,En observación
USR0157,5964.85,1168.85,19.6,3718.11,1077.89,62.33,Media,En observación
USR0158,2809.28,343.25,12.22,2481.39,-15.36,88.33,Nunca,En riesgo
USR0159,5160.35,611.59,11.85,3044.82,1503.94,59.0,Alta,Saludable
USR0160,4285.96,381.91,8.91,2835.97,1068.08,66.17,Alta,En observación
USR0161,4883.37,372.54,7.63,2795.41,1715.42,57.24,Alta,Saludable
USR0162,4138.63,992.05,23.97,3118.85,27.73,75.36,Baja,En riesgo
USR0163,3412.96,625.95,18.34,2648.64,138.37,77.61,Baja,En riesgo
USR0164,3049.15,575.67,18.88,1761.6,711.88,57.77,Alta,Saludable
USR0165,5487.05,992.87,18.09,4052.09,442.1,73.85,Baja,En observación
USR0166,3390.61,1408.73,41.55,2838.38,-856.5,83.71,Nunca,En riesgo
USR0167,5866.06,1095.22,18.67,4302.84,468.0,73.35,Baja,En observación
USR0168,5891.74,1447.94,24.58,4722.13,-278.33,80.15,Nunca,En riesgo
USR0169,4306.2,806.67,18.73,3178.25,321.28,73.81,Baja,En observación
USR0170,3393.5,739.23,21.78,1898.25,756.02,55.94,Alta,En observación
USR0171,4507.28,515.23,11.43,3102.32,889.74,68.83,Media,En observación
USR0172,4200.81,810.31,19.29,3452.96,-62.46,82.2,Nunca,En riesgo
USR0173,6108.61,682.45,11.17,3598.66,1827.51,58.91,Alta,Saludable
USR0174,2229.83,530.65,23.8,1999.85,-300.67,89.69,Nunca,En riesgo
USR0175,6402.6,396.03,6.19,4234.63,1771.94,66.14,Alta,En observación
USR0176,4762.18,576.59,12.11,3019.21,1166.38,63.4,Alta,En observación
USR0177,6918.15,2078.3,30.04,6180.1,-1340.24,89.33,Nunca,En riesgo
USR0178,4718.71,939.55,19.91,3150.03,629.13,66.76,Media,En observación
USR0179,5990.16,2811.62,46.94,3191.62,-13.08,53.28,Nunca,En riesgo
USR0180,2483.22,9.27,0.37,1077.55,1396.4,43.39,Alta,Saludable
USR0181,4460.13,690.52,15.48,3376.64,392.97,75.71,Baja,En observación
USR0182,1588.34,284.82,17.93,1004.14,299.38,63.22,Media,En observación
USR0183,2223.73,333.84,15.01,1396.43,493.46,62.8,Alta,En observación
USR0184,4599.67,1927.31,41.9,2414.71,257.65,52.5,Baja,En riesgo
USR0185,6860.64,2744.72,40.01,3719.7,396.22,54.22,Baja,En riesgo
USR0186,3041.42,1565.53,51.47,1838.02,-362.12,60.43,Nunca,En riesgo
USR0187,4982.44,1940.56,38.95,2628.59,413.29,52.76,Baja,En observación
USR0188,3934.78,975.28,24.79,3526.95,-567.45,89.64,Nunca,En riesgo
USR0189,2104.66,210.91,10.02,1174.3,719.45,55.8,Alta,Saludable
USR0190,3107.86,519.55,16.72,2235.99,352.32,71.95,Media,En observación
USR0191,2559.31,957.03,37.39,1537.5,64.78,60.07,Baja,En observación
USR0192,3682.19,105.73,2.87,1723.1,1853.36,46.8,Alta,Saludable
USR0193,3795.0,829.26,21.85,2506.85,458.89,66.06,Media,En observación
USR0194,3285.67,588.71,17.92,2423.92,273.03,73.77,Baja,En observación
USR0195,6652.09,1576.45,23.7,5770.15,-694.51,86.74,Nunca,En riesgo
USR0196,4706.71,43.13,0.92,2278.21,2385.38,48.4,Alta,Saludable
USR0197,6339.4,1284.33,20.26,3751.85,1303.22,59.18,Alta,En observación
USR0198,1995.92,977.58,48.98,1668.7,-650.36,83.61,Nunca,En riesgo
USR0199,6846.14,534.11,7.8,2945.25,3366.78,43.02,Alta,Saludable
USR0200,1731.74,699.87,40.41,1392.14,-360.26,80.39,Nunca,En riesgo
USR0201,2778.56,54.99,1.98,1447.53,1276.04,52.1,Alta,Saludable
USR0202,4664.99,1040.79,22.31,3418.2,206.0,73.27,Baja,En observación
USR0203,3351.26,320.89,9.58,2369.74,660.63,70.71,Media,En observación
USR0204,2332.34,309.33,13.26,1519.25,503.76,65.14,Alta,En observación
USR0205,6027.22,705.0,11.7,5422.6,-100.38,89.97,Nunca,En riesgo
USR0206,5165.68,3059.13,59.22,2694.41,-587.85,52.16,Nunca,En riesgo
USR0207,3423.8,888.05,25.94,2662.73,-126.98,77.77,Nunca,En riesgo
USR0208,2193.69,174.75,7.97,1362.07,656.87,62.09,Alta,En observación
USR0209,2862.13,106.07,3.71,1415.55,1340.51,49.46,Alta,Saludable
USR0210,2595.33,1380.18,53.18,1162.74,52.41,44.8,Baja,En riesgo
USR0211,4416.72,804.28,18.21,3435.23,177.21,77.78,Baja,En riesgo
USR0212,6995.76,424.74,6.07,3360.58,3210.44,48.04,Alta,Saludable
USR0213,3735.57,1079.93,28.91,2824.39,-168.76,75.61,Nunca,En riesgo
USR0214,2028.65,292.12,14.4,1439.67,296.86,70.97,Media,En observación
USR0215,4937.53,868.81,17.6,3686.62,382.1,74.67,Baja,En observación
USR0216,4375.68,255.64,5.84,2347.04,1773.0,53.64,Alta,Saludable
USR0217,1845.15,322.92,17.5,1681.05,-158.82,91.11,Nunca,En riesgo
USR0218,4889.38,2719.37,55.62,2508.22,-338.21,51.3,Nunca,En riesgo
USR0219,6582.4,1374.38,20.88,5843.01,-634.98,88.77,Nunca,En riesgo
USR0220,4327.11,1831.67,42.33,2697.81,-202.37,62.35,Nunca,En riesgo
USR0221,2305.29,339.51,14.73,2172.36,-206.58,94.23,Nunca,En riesgo
USR0222,4854.74,605.74,12.48,4027.1,221.91,82.95,Baja,En riesgo
USR0223,2692.58,472.73,17.56,2044.58,175.27,75.93,Baja,En observación
USR0224,5534.28,2822.62,51.0,2951.39,-239.73,53.33,Nunca,En riesgo
USR0225,2630.14,141.01,5.36,1748.06,741.07,66.46,Alta,En observación
USR0226,4408.53,651.39,14.78,3131.51,625.63,71.03,Media,En observación
USR0227,4360.95,1278.14,29.31,3022.95,59.86,69.32,Baja,En observación
USR0228,4916.53,473.54,9.63,2653.58,1789.41,53.97,Alta,Saludable
USR0229,5638.75,626.8,11.12,2333.18,2678.77,41.38,Alta,Saludable
USR0230,4472.44,228.09,5.1,2910.38,1333.97,65.07,Alta,En observación
USR0231,2384.94,426.4,17.88,1429.03,529.51,59.92,Alta,Saludable
USR0232,1995.48,328.45,16.46,1253.39,413.64,62.81,Alta,En observación
USR0233,1256.19,272.86,21.72,964.84,18.48,76.81,Baja,En riesgo
USR0234,4570.34,331.06,7.24,2806.16,1433.13,61.4,Alta,En observación
USR0235,3632.02,359.45,9.9,2456.6,815.97,67.64,Alta,En observación
USR0236,4630.1,1399.19,30.22,4071.19,-840.27,87.93,Nunca,En riesgo
USR0237,5830.57,476.96,8.18,2878.61,2475.0,49.37,Alta,Saludable
USR0238,2144.43,402.82,18.78,1234.34,507.28,57.56,Alta,Saludable
USR0239,4362.63,484.2,11.1,2715.36,1163.07,62.24,Alta,En observación
USR0240,2765.42,470.19,17.0,1838.76,456.47,66.49,Media,En observación
USR0241,4925.63,2237.05,45.42,4256.35,-1567.77,86.41,Nunca,En riesgo
USR0242,3940.48,510.48,12.95,2806.76,623.24,71.23,Media,En observación
USR0243,2261.85,271.63,12.01,1427.97,562.25,63.13,Alta,En observación
USR0244,2630.98,1315.08,49.98,2174.54,-858.64,82.65,Nunca,En riesgo
USR0245,1701.14,193.76,11.39,1197.81,309.57,70.41,Media,En observación
USR0246,5066.94,399.07,7.88,2163.4,2504.47,42.7,Alta,Saludable
USR0247,3513.23,1317.36,37.5,2883.05,-687.18,82.06,Nunca,En riesgo
USR0248,3327.63,656.82,19.74,2563.34,107.47,77.03,Baja,En riesgo
USR0249,4884.67,1000.55,20.48,3365.15,518.97,68.89,Media,En observación
USR0250,1780.06,310.73,17.46,1326.75,142.57,74.53,Baja,En observación
USR0251,6183.95,462.21,7.47,3359.82,2361.92,54.33,Alta,Saludable
USR0252,4274.25,885.05,20.71,3141.54,247.66,73.5,Baja,En observación
USR0253,4508.81,971.0,21.54,3940.52,-402.71,87.4,Nunca,En riesgo
USR0254,4614.28,1276.85,27.67,3173.42,164.01,68.77,Baja,En observación
USR0255,5939.02,630.08,10.61,3355.59,1953.35,56.5,Alta,Saludable
USR0256,3453.5,298.63,8.65,2166.66,988.21,62.74,Alta,En observación
USR0257,5722.73,2030.83,35.49,3649.45,42.45,63.77,Baja,En observación
USR0258,5903.89,2883.66,48.84,3904.4,-884.17,66.13,Nunca,En riesgo
USR0259,5472.98,964.95,17.63,4246.76,261.27,77.6,Baja,En riesgo
USR0260,6181.56,1298.43,21.0,5161.26,-278.14,83.49,Nunca,En riesgo
USR0261,5051.24,1807.55,35.78,2612.04,631.64,51.71,Media,En observación
USR0262,3925.96,483.12,12.31,2069.6,1373.24,52.72,Alta,Saludable
USR0263,3500.28,1574.26,44.98,2734.58,-808.57,78.12,Nunca,En riesgo
USR0264,2178.44,251.69,11.55,1228.16,698.59,56.38,Alta,Saludable
USR0265,3301.27,730.3,22.12,2402.81,168.15,72.78,Baja,En observación
USR0266,4300.21,579.65,13.48,3687.73,32.83,85.76,Baja,En riesgo
USR0267,2493.52,531.84,21.33,1248.53,713.15,50.07,Alta,En observación
USR0268,6382.85,124.04,1.94,2691.95,3566.86,42.17,Alta,Saludable
USR0269,2060.23,406.68,19.74,1205.58,447.97,58.52,Alta,Saludable
USR0270,4876.72,1000.0,20.51,3291.83,584.89,67.5,Media,En observación
USR0271,4090.57,527.28,12.89,4158.14,-594.86,101.65,Nunca,En riesgo
USR0272,4767.33,841.92,17.66,2740.54,1184.87,57.49,Alta,Saludable
USR0273,1672.03,286.99,17.16,1087.71,297.33,65.05,Media,En observación
USR0274,3569.47,469.73,13.16,2626.15,473.59,73.57,Media,En observación
USR0275,5472.26,1601.49,29.27,4262.63,-391.87,77.9,Nunca,En riesgo
USR0276,3051.3,1207.66,39.58,1605.21,238.44,52.61,Baja,En observación
USR0277,4410.6,1048.97,23.78,3188.23,173.4,72.29,Baja,En observación
USR0278,4421.76,1566.94,35.44,3640.0,-785.18,82.32,Nunca,En riesgo
USR0279,1782.61,337.17,18.91,1309.5,135.94,73.46,Baja,En observación
USR0280,5419.55,765.39,14.12,3500.06,1154.1,64.58,Alta,En observación
USR0281,3466.35,738.03,21.29,2591.14,137.18,74.75,Baja,En observación
USR0282,3050.57,510.25,16.73,1774.94,765.38,58.18,Alta,Saludable
USR0283,2886.64,551.28,19.1,2140.41,194.95,74.15,Baja,En observación
USR0284,5627.06,717.87,12.76,2960.41,1948.78,52.61,Alta,Saludable
USR0285,3547.27,645.38,18.19,2516.76,385.13,70.95,Media,En observación
USR0286,5907.11,92.82,1.57,2987.79,2826.5,50.58,Alta,Saludable
USR0287,2797.5,542.37,19.39,1878.57,376.56,67.15,Media,En observación
USR0288,6372.56,1237.44,19.42,4634.84,500.28,72.73,Baja,En observación
USR0289,2351.47,649.09,27.6,1846.2,-143.81,78.51,Nunca,En riesgo
USR0290,3271.9,663.52,20.28,2644.44,-36.06,80.82,Nunca,En riesgo
USR0291,4126.07,969.17,23.49,2940.58,216.32,71.27,Baja,En observación
USR0292,2898.26,669.93,23.11,1705.17,523.16,58.83,Media,En observación
USR0293,4732.26,630.21,13.32,2179.61,1922.44,46.06,Alta,Saludable
USR0294,1345.35,136.81,10.17,1088.46,120.08,80.91,Baja,En observación
USR0295,1718.45,334.47,19.46,1252.02,131.97,72.86,Baja,En observación
USR0296,3951.61,559.83,14.17,3053.61,338.17,77.28,Baja,En observación
USR0297,3464.73,1349.15,38.94,2266.14,-150.56,65.41,Nunca,En observación
USR0298,4458.84,996.35,22.35,3192.53,269.96,71.6,Baja,En observación
USR0299,4789.55,1082.2,22.6,3804.73,-97.38,79.44,Nunca,En riesgo
USR0300,2779.38,236.24,8.5,998.13,1545.01,35.91,Alta,Saludable
USR0301,4200.33,735.86,17.52,2500.18,964.29,59.52,Alta,Saludable
USR0302,6248.54,647.16,10.36,5686.05,-84.68,91.0,Nunca,En riesgo
USR0303,5302.47,555.67,10.48,4821.97,-75.18,90.94,Nunca,En riesgo
USR0304,3656.95,554.9,15.17,2241.42,860.63,61.29,Alta,En observación
USR0305,4817.14,677.63,14.07,3408.35,731.16,70.75,Media,En observación
USR0306,3347.27,626.4,18.71,1811.49,909.37,54.12,Alta,Saludable
USR0307,5349.51,871.34,16.29,3651.29,826.87,68.25,Media,En observación
USR0308,1689.18,618.56,36.62,1061.07,9.55,62.82,Baja,En observación
USR0309,5049.14,284.84,5.64,2420.15,2344.14,47.93,Alta,Saludable
USR0310,3546.88,608.38,17.15,2156.88,781.62,60.81,Alta,En observación
USR0311,5516.11,1339.12,24.28,4457.19,-280.2,80.8,Nunca,En riesgo
USR0312,3669.64,1911.58,52.09,2884.22,-1126.16,78.6,Nunca,En riesgo
USR0313,5311.73,316.47,5.96,2172.33,2822.93,40.9,Alta,Saludable
USR0314,3220.5,459.64,14.27,1741.1,1019.76,54.06,Alta,Saludable
USR0315,4079.74,1109.98,27.21,3053.74,-83.98,74.85,Nunca,En observación
USR0316,3658.02,1308.83,35.78,2478.76,-129.58,67.76,Nunca,En observación
USR0317,3981.88,715.08,17.96,3709.81,-443.0,93.17,Nunca,En riesgo
USR0318,2538.55,1090.68,42.96,1519.35,-71.48,59.85,Nunca,En riesgo
USR0319,6068.59,770.67,12.7,3174.34,2123.58,52.31,Alta,Saludable
USR0320,4934.12,933.06,18.91,3844.92,156.14,77.93,Baja,En riesgo
USR0321,6214.94,1149.44,18.49,4503.08,562.42,72.46,Baja,En observación
USR0322,2472.99,538.34,21.77,1798.63,136.02,72.73,Baja,En observación
USR0323,5119.64,1008.3,19.69,2921.96,1189.38,57.07,Alta,Saludable
USR0324,2802.08,314.97,11.24,1321.24,1165.86,47.15,Alta,Saludable
USR0325,4292.84,494.25,11.51,1953.96,1844.63,45.52,Alta,Saludable
USR0326,6532.88,1697.18,25.98,5628.96,-793.26,86.16,Nunca,En riesgo
USR0327,2146.03,605.12,28.2,1867.53,-326.61,87.02,Nunca,En riesgo
USR0328,4381.65,1860.7,42.47,2393.84,127.11,54.63,Baja,En riesgo
USR0329,5684.39,206.56,3.63,2895.83,2581.99,50.94,Alta,Saludable
USR0330,5193.35,1925.14,37.07,4291.54,-1023.33,82.64,Nunca,En riesgo
USR0331,5598.66,2670.8,47.7,2847.8,80.05,50.87,Baja,En riesgo
USR0332,3875.97,865.36,22.33,2916.74,93.87,75.25,Baja,En riesgo
USR0333,3912.04,1086.16,27.76,3028.72,-202.84,77.42,Nunca,En riesgo
USR0334,2985.7,723.96,24.25,2255.78,5.97,75.55,Baja,En riesgo
USR0335,4609.29,1795.07,38.94,2772.1,42.13,60.14,Baja,En observación
USR0336,5210.5,958.48,18.4,4090.85,161.17,78.51,Baja,En riesgo
USR0337,6586.15,2605.67,39.56,3817.79,162.69,57.97,Baja,En observación
USR0338,1564.59,301.87,19.29,902.08,360.64,57.66,Alta,Saludable
USR0339,6030.05,2003.02,33.22,5019.82,-992.79,83.25,Nunca,En riesgo
USR0340,5695.83,535.08,9.39,3335.67,1825.08,58.56,Alta,Saludable
USR0341,6612.29,1527.7,23.1,4981.59,103.0,75.34,Baja,En riesgo
USR0342,1543.18,81.43,5.28,861.22,600.54,55.81,Alta,Saludable
USR0343,3882.11,626.24,16.13,3748.94,-493.06,96.57,Nunca,En riesgo
USR0344,3595.59,804.64,22.38,2873.02,-82.06,79.9,Nunca,En riesgo
USR0345,3348.67,263.29,7.86,2163.38,922.0,64.6,Alta,En observación
USR0346,6149.13,320.38,5.21,3564.78,2263.97,57.97,Alta,Saludable
USR0347,3375.49,62.83,1.86,1919.87,1392.79,56.88,Alta,Saludable
USR0348,5225.57,481.16,9.21,2361.33,2383.09,45.19,Alta,Saludable
USR0349,3086.58,287.12,9.3,1888.77,910.69,61.19,Alta,En observación
USR0350,1926.66,635.69,32.99,1524.91,-233.94,79.15,Nunca,En riesgo
USR0351,2132.07,439.53,20.62,1321.74,370.79,61.99,Media,En observación
USR0352,6738.1,533.31,7.91,3652.07,2552.72,54.2,Alta,Saludable
USR0353,2506.2,992.18,39.59,2161.66,-647.64,86.25,Nunca,En riesgo
USR0354,2771.98,738.59,26.64,2215.39,-182.0,79.92,Nunca,En riesgo
USR0355,6290.24,341.51,5.43,3090.8,2857.93,49.14,Alta,Saludable
USR0356,3260.82,906.81,27.81,2456.56,-102.55,75.34,Nunca,En riesgo
USR0357,6760.46,1519.93,22.48,5911.09,-670.56,87.44,Nunca,En riesgo
USR0358,4754.19,298.32,6.27,3028.65,1427.22,63.7,Alta,En observación
USR0359,3180.06,987.37,31.05,2833.93,-641.23,89.12,Nunca,En riesgo
USR0360,3188.26,362.91,11.38,1305.42,1519.92,40.94,Alta,Saludable
USR0361,2834.62,1282.73,45.25,2160.91,-609.02,76.23,Nunca,En riesgo
USR0362,4532.97,530.36,11.7,3976.39,26.21,87.72,Baja,En riesgo
USR0363,3923.28,1085.64,27.67,2811.94,25.7,71.67,Baja,En observación
USR0364,2002.81,440.04,21.97,1281.41,281.36,63.98,Media,En observación
USR0365,1794.98,404.19,22.52,1341.59,49.2,74.74,Baja,En observación
USR0366,4282.31,453.18,10.58,1715.21,2113.92,40.05,Alta,Saludable
USR0367,2349.32,289.25,12.31,2178.12,-118.04,92.71,Nunca,En riesgo
USR0368,5466.98,1178.2,21.55,3067.47,1221.31,56.11,Alta,En observación
USR0369,3015.31,1173.52,38.92,1631.7,210.09,54.11,Baja,En observación
USR0370,5186.64,128.69,2.48,2335.23,2722.72,45.02,Alta,Saludable
USR0371,5368.85,495.11,9.22,3316.64,1557.1,61.78,Alta,En observación
USR0372,5465.88,1746.38,31.95,4590.78,-871.27,83.99,Nunca,En riesgo
USR0373,3367.17,498.24,14.8,2374.61,494.32,70.52,Media,En observación
USR0374,2643.32,471.1,17.82,1486.33,685.89,56.23,Alta,Saludable
USR0375,5813.18,578.59,9.95,2934.51,2300.09,50.48,Alta,Saludable
USR0376,3673.68,433.29,11.79,2293.13,947.25,62.42,Alta,En observación
USR0377,5283.35,757.69,14.34,3003.59,1522.07,56.85,Alta,Saludable
USR0378,7136.08,373.56,5.23,3454.61,3307.91,48.41,Alta,Saludable
USR0379,1822.2,797.74,43.78,1395.07,-370.62,76.56,Nunca,En riesgo
USR0380,6699.29,969.28,14.47,2941.78,2788.23,43.91,Alta,Saludable
USR0381,2514.35,326.61,12.99,1395.12,792.62,55.49,Alta,Saludable
USR0382,2461.71,139.63,5.67,1124.48,1197.59,45.68,Alta,Saludable
USR0383,4781.29,1910.98,39.97,2796.72,73.6,58.49,Baja,En observación
USR0384,3065.28,808.12,26.36,2197.1,60.06,71.68,Baja,En observación
USR0385,3229.41,599.88,18.58,2099.4,530.13,65.01,Media,En observación
USR0386,3236.88,255.41,7.89,2849.55,131.92,88.03,Baja,En riesgo
USR0387,5434.52,1232.1,22.67,4517.63,-315.21,83.13,Nunca,En riesgo
USR0388,1621.32,326.23,20.12,1110.44,184.65,68.49,Media,En observación
USR0389,5210.15,1025.12,19.68,3961.67,223.36,76.04,Baja,En riesgo
USR0390,3588.37,555.06,15.47,1907.89,1125.42,53.17,Alta,Saludable
USR0391,2631.76,575.08,21.85,2006.05,50.64,76.22,Baja,En riesgo
USR0392,2037.05,575.37,28.25,1480.12,-18.44,72.66,Nunca,En observación
USR0393,1388.17,395.04,28.46,1159.2,-166.07,83.51,Nunca,En riesgo
USR0394,2707.27,536.0,19.8,1845.4,325.87,68.16,Media,En observación
USR0395,6133.61,759.14,12.38,3713.35,1661.12,60.54,Alta,En observación
USR0396,1749.8,92.29,5.27,1245.3,412.2,71.17,Alta,En observación
USR0397,2889.54,556.15,19.25,2015.59,317.8,69.75,Media,En observación
USR0398,6624.57,1283.28,19.37,3697.09,1644.2,55.81,Alta,Saludable
USR0399,4877.41,221.24,4.54,2396.07,2260.09,49.13,Alta,Saludable
USR0400,5146.39,812.82,15.79,3604.51,729.06,70.04,Media,En observación
USR0401,5884.58,1115.37,18.95,3182.34,1586.87,54.08,Alta,Saludable
USR0402,2444.51,338.3,13.84,1717.43,388.78,70.26,Media,En observación
USR0403,3575.54,444.45,12.43,2408.89,722.21,67.37,Alta,En observación
USR0404,5721.12,1041.61,18.21,4548.73,130.78,79.51,Baja,En riesgo
USR0405,3103.41,773.74,24.93,2396.64,-66.97,77.23,Nunca,En riesgo
USR0406,2171.33,88.94,4.1,1084.84,997.55,49.96,Alta,Saludable
USR0407,3532.79,734.64,20.79,2574.51,223.63,72.87,Baja,En observación
USR0408,1767.97,335.85,19.0,1557.86,-125.74,88.12,Nunca,En riesgo
USR0409,4930.71,1058.29,21.46,3962.71,-90.29,80.37,Nunca,En riesgo
USR0410,1807.86,870.37,48.14,1301.23,-363.74,71.98,Nunca,En riesgo
USR0411,4716.33,413.52,8.77,1963.33,2339.48,41.63,Alta,Saludable
USR0412,5937.73,1435.99,24.18,4196.78,304.95,70.68,Baja,En observación
USR0413,5901.12,750.43,12.72,3920.92,1229.78,66.44,Alta,En observación
USR0414,6826.18,773.49,11.33,3822.96,2229.73,56.0,Alta,Saludable
USR0415,4444.44,391.74,8.81,3617.48,435.22,81.39,Baja,En observación
USR0416,3627.41,526.95,14.53,3054.77,45.69,84.21,Baja,En riesgo
USR0417,3424.67,566.89,16.55,2515.72,342.07,73.46,Baja,En observación
USR0418,3296.65,686.91,20.84,2275.05,334.68,69.01,Media,En observación
USR0419,2208.67,535.6,24.25,1839.27,-166.21,83.28,Nunca,En riesgo
USR0420,1969.99,677.35,34.38,1482.65,-190.01,75.26,Nunca,En riesgo
USR0421,2887.58,499.96,17.31,1764.09,623.53,61.09,Alta,En observación
USR0422,2883.0,439.54,15.25,1672.66,770.8,58.02,Alta,Saludable
USR0423,4752.45,1277.35,26.88,3496.02,-20.92,73.56,Nunca,En observación
USR0424,1761.39,227.52,12.92,1560.29,-26.43,88.58,Nunca,En riesgo
USR0425,2691.84,552.72,20.53,1744.31,394.81,64.8,Media,En observación
USR0426,3689.98,634.82,17.2,2628.23,426.93,71.23,Media,En observación
USR0427,5790.08,844.0,14.58,4494.64,451.45,77.63,Baja,En observación
USR0428,3162.27,421.0,13.31,2308.4,432.87,73.0,Media,En observación
USR0429,3192.96,201.46,6.31,1556.3,1435.2,48.74,Alta,Saludable
USR0430,4679.73,205.65,4.39,2137.53,2336.55,45.68,Alta,Saludable
USR0431,1533.21,102.16,6.66,987.62,443.43,64.42,Alta,En observación
USR0432,2820.3,302.94,10.74,1197.96,1319.4,42.48,Alta,Saludable
USR0433,2544.31,407.33,16.01,1338.57,798.41,52.61,Alta,Saludable
USR0434,4326.79,990.44,22.89,3672.41,-336.06,84.88,Nunca,En riesgo
USR0435,6528.39,54.73,0.84,3243.1,3230.56,49.68,Alta,Saludable
USR0436,4206.14,1705.06,40.54,3264.95,-763.87,77.62,Nunca,En riesgo
USR0437,2276.3,464.15,20.39,1749.65,62.5,76.86,Baja,En riesgo
USR0438,3708.52,750.32,20.23,2961.33,-3.14,79.85,Nunca,En riesgo
USR0439,1722.9,279.12,16.2,1015.1,428.67,58.92,Alta,Saludable
USR0440,6533.2,536.14,8.21,6305.51,-308.44,96.51,Nunca,En riesgo
USR0441,3432.91,567.89,16.54,2703.44,161.59,78.75,Baja,En riesgo
USR0442,4772.36,1239.76,25.98,4041.06,-508.46,84.68,Nunca,En riesgo
USR0443,1961.76,311.8,15.89,1271.0,378.96,64.79,Media,En observación
USR0444,4420.06,772.3,17.47,2714.04,933.73,61.4,Alta,En observación
USR0445,4309.48,2163.16,50.2,2253.49,-107.17,52.29,Nunca,En riesgo
USR0446,2072.95,337.02,16.26,1139.99,595.95,54.99,Alta,Saludable
USR0447,2890.67,498.28,17.24,2158.21,234.18,74.66,Baja,En observación
USR0448,5000.37,2369.07,47.38,4362.12,-1730.81,87.24,Nunca,En riesgo
USR0449,6790.03,1170.81,17.24,6409.52,-790.3,94.4,Nunca,En riesgo
USR0450,3082.97,636.59,20.65,2038.68,407.69,66.13,Media,En observación
USR0451,4224.38,1451.7,34.36,3500.27,-727.6,82.86,Nunca,En riesgo
USR0452,3731.41,677.92,18.17,2366.95,686.54,63.43,Media,En observación
USR0453,2851.5,1159.1,40.65,1904.68,-212.29,66.8,Nunca,En riesgo
USR0454,2016.08,999.09,49.56,1608.05,-591.05,79.76,Nunca,En riesgo
USR0455,5881.09,2598.16,44.18,4918.06,-1635.13,83.63,Nunca,En riesgo
USR0456,4522.12,1552.9,34.34,2401.02,568.2,53.09,Media,En observación
USR0457,5063.86,1010.44,19.95,2811.43,1241.98,55.52,Alta,Saludable
USR0458,4154.87,1936.19,46.6,3197.59,-978.91,76.96,Nunca,En riesgo
USR0459,1747.82,310.04,17.74,1029.39,408.39,58.9,Alta,Saludable
USR0460,1987.14,319.47,16.08,1175.65,492.01,59.16,Alta,Saludable
USR0461,5620.28,1159.23,20.63,3298.62,1162.43,58.69,Alta,En observación
USR0462,5263.2,1608.01,30.55,4570.85,-915.65,86.85,Nunca,En riesgo
USR0463,2712.08,281.26,10.37,1293.33,1137.49,47.69,Alta,Saludable
USR0464,2348.6,421.21,17.93,1719.84,207.56,73.23,Baja,En observación
USR0465,5800.82,607.47,10.47,3977.5,1215.85,68.57,Alta,En observación
USR0466,6115.91,712.05,11.64,2434.12,2969.74,39.8,Alta,Saludable
USR0467,3061.61,502.99,16.43,1760.7,797.92,57.51,Alta,Saludable
USR0468,2564.11,425.52,16.6,1301.98,836.61,50.78,Alta,Saludable
USR0469,2596.7,897.14,34.55,2185.84,-486.28,84.18,Nunca,En riesgo
USR0470,6205.19,1252.65,20.19,5427.85,-475.31,87.47,Nunca,En riesgo
USR0471,3114.58,262.81,8.44,1900.49,951.28,61.02,Alta,En observación
USR0472,2921.29,650.7,22.27,2002.73,267.87,68.56,Baja,En observación
USR0473,3322.45,904.45,27.22,2349.0,69.0,70.7,Baja,En observación
USR0474,4417.88,939.95,21.28,2795.61,682.32,63.28,Media,En observación
USR0475,3532.14,1290.88,36.55,3049.25,-808.0,86.33,Nunca,En riesgo
USR0476,3273.23,674.94,20.62,2036.33,561.96,62.21,Media,En observación
USR0477,4460.06,465.6,10.44,4023.4,-28.94,90.21,Nunca,En riesgo
USR0478,3724.6,274.29,7.36,2450.81,999.49,65.8,Alta,En observación
USR0479,2696.55,377.82,14.01,1214.95,1103.78,45.06,Alta,Saludable
USR0480,2824.95,1151.69,40.77,2151.79,-478.53,76.17,Nunca,En riesgo
USR0481,5901.78,479.3,8.12,3791.1,1631.37,64.24,Alta,En observación
USR0482,2299.6,85.43,3.71,1111.18,1103.0,48.32,Alta,Saludable
USR0483,2621.05,289.83,11.06,969.91,1361.31,37.0,Alta,Saludable
USR0484,4947.76,865.56,17.49,3667.33,414.87,74.12,Baja,En observación
USR0485,3523.34,606.86,17.22,2880.79,35.7,81.76,Baja,En riesgo
USR0486,6513.93,2651.22,40.7,3513.76,348.96,53.94,Baja,En riesgo
USR0487,2037.16,558.92,27.44,1324.07,154.17,65.0,Baja,En observación
USR0488,5960.41,340.14,5.71,5759.62,-139.34,96.63,Nunca,En riesgo
USR0489,2133.08,440.03,20.63,1414.93,278.12,66.33,Media,En observación
USR0490,1823.68,477.14,26.16,1367.69,-21.15,75.0,Nunca,En observación
USR0491,1735.23,560.22,32.28,1450.41,-275.4,83.59,Nunca,En riesgo
USR0492,5219.68,539.47,10.34,4877.64,-197.43,93.45,Nunca,En riesgo
USR0493,3994.0,556.7,13.94,1945.96,1491.34,48.72,Alta,Saludable
USR0494,5445.59,1024.71,18.82,2994.82,1426.06,55.0,Alta,Saludable
USR0495,3679.29,989.75,26.9,2934.63,-245.09,79.76,Nunca,En riesgo
USR0496,4643.36,839.54,18.08,2788.0,1015.82,60.04,Alta,En observación
USR0497,1624.87,266.54,16.4,867.84,490.49,53.41,Alta,Saludable
USR0498,4899.37,1039.92,21.23,3076.89,782.56,62.8,Media,En observación
USR0499,4488.12,2107.98,46.97,3456.8,-1076.66,77.02,Nunca,En riesgo
USR0500,4851.04,1059.31,21.84,3459.98,331.75,71.32,Baja,En observación
USR0501,4148.31,711.71,17.16,2635.22,801.39,63.53,Media,En observación
USR0502,2944.94,402.88,13.68,1590.62,951.43,54.01,Alta,Saludable
USR0503,4453.8,1560.27,35.03,3105.4,-211.87,69.72,Nunca,En observación
USR0504,2761.64,275.2,9.97,798.84,1687.6,28.93,Alta,Saludable
USR0505,3342.08,1237.04,37.01,1739.81,365.22,52.06,Media,En observación
USR0506,5970.96,556.25,9.32,3643.01,1771.69,61.01,Alta,En observación
USR0507,4249.91,144.71,3.41,4048.63,56.58,95.26,Baja,En riesgo
USR0508,6284.54,583.65,9.29,3484.2,2216.69,55.44,Alta,Saludable
USR0509,2567.99,1196.12,46.58,1346.1,25.77,52.42,Baja,En riesgo
USR0510,5061.72,973.38,19.23,3838.96,249.38,75.84,Baja,En riesgo
USR0511,2962.12,863.13,29.14,2327.67,-228.68,78.58,Nunca,En riesgo
USR0512,3577.8,653.22,18.26,2192.15,732.43,61.27,Alta,En observación
USR0513,2640.71,1326.35,50.23,1400.33,-85.97,53.03,Nunca,En riesgo
USR0514,5099.7,705.32,13.83,2766.52,1627.86,54.25,Alta,Saludable
USR0515,5342.81,850.23,15.91,2800.28,1692.3,52.41,Alta,Saludable
USR0516,4990.51,2575.72,51.61,3718.84,-1304.05,74.52,Nunca,En riesgo
USR0517,6688.48,708.56,10.59,3709.04,2270.88,55.45,Alta,Saludable
USR0518,2582.92,409.9,15.87,1873.57,299.44,72.54,Media,En observación
USR0519,2735.9,432.47,15.81,1633.23,670.19,59.7,Alta,Saludable
USR0520,6085.09,663.33,10.9,5046.71,375.04,82.94,Baja,En observación
USR0521,4982.25,942.85,18.92,2807.6,1231.8,56.35,Alta,Saludable
USR0522,4692.11,456.72,9.73,4106.3,129.09,87.51,Baja,En riesgo
USR0523,4532.15,763.47,16.85,3334.72,433.95,73.58,Baja,En observación
USR0524,2818.97,88.38,3.14,1359.45,1371.14,48.22,Alta,Saludable
USR0525,2103.72,169.26,8.05,1004.38,930.08,47.74,Alta,Saludable
USR0526,5877.02,388.57,6.61,3039.87,2448.58,51.72,Alta,Saludable
USR0527,2998.42,1153.45,38.47,2063.14,-218.18,68.81,Nunca,En observación
USR0528,2438.18,315.2,12.93,1234.33,888.65,50.62,Alta,Saludable
USR0529,3794.05,379.86,10.01,2217.94,1196.26,58.46,Alta,Saludable
USR0530,2146.55,271.5,12.65,1655.16,219.9,77.11,Media,En observación
USR0531,2425.34,453.35,18.69,2215.23,-243.25,91.34,Nunca,En riesgo
USR0532,1566.53,283.88,18.12,1224.0,58.65,78.13,Baja,En riesgo
USR0533,2088.0,413.24,19.79,1773.35,-98.59,84.93,Nunca,En riesgo
USR0534,6770.6,2820.23,41.65,3494.03,456.34,51.61,Baja,En riesgo
USR0535,4646.5,961.2,20.69,2924.5,760.8,62.94,Media,En observación
USR0536,2605.58,503.59,19.33,1745.88,356.11,67.01,Media,En observación
USR0537,5317.25,469.04,8.82,3633.75,1214.46,68.34,Alta,En observación
USR0538,6551.78,1133.96,17.31,4362.18,1055.64,66.58,Media,En observación
USR0539,2819.85,152.95,5.42,1712.2,954.7,60.72,Alta,En observación
USR0540,2296.78,302.31,13.16,1243.31,751.16,54.13,Alta,Saludable
USR0541,2179.41,890.43,40.86,1044.17,244.81,47.91,Media,En riesgo
USR0542,5889.57,2345.97,39.83,4097.4,-553.81,69.57,Nunca,En observación
USR0543,4401.11,223.5,5.08,2581.12,1596.48,58.65,Alta,Saludable
USR0544,2757.06,172.92,6.27,1541.3,1042.84,55.9,Alta,Saludable
USR0545,4488.87,226.85,5.05,2727.49,1534.53,60.76,Alta,En observación
USR0546,3859.18,759.99,19.69,2830.19,269.0,73.34,Baja,En observación
USR0547,3868.88,449.16,11.61,1832.29,1587.44,47.36,Alta,Saludable
USR0548,1843.28,200.07,10.85,619.16,1024.04,33.59,Alta,Saludable
USR0549,2916.99,208.17,7.14,2624.98,83.84,89.99,Baja,En riesgo
USR0550,3475.92,248.8,7.16,1880.46,1346.67,54.1,Alta,Saludable
USR0551,3468.83,1502.12,43.3,2597.77,-631.05,74.89,Nunca,En riesgo
USR0552,6604.59,861.58,13.05,5532.21,210.8,83.76,Baja,En riesgo
USR0553,3401.79,644.4,18.94,2151.58,605.81,63.25,Media,En observación
USR0554,3149.99,401.69,12.75,2007.58,740.72,63.73,Alta,En observación
USR0555,1874.05,90.97,4.85,907.12,875.96,48.4,Alta,Saludable
USR0556,5693.68,328.09,5.76,2833.01,2532.58,49.76,Alta,Saludable
USR0557,3703.01,1894.18,51.15,2410.75,-601.92,65.1,Nunca,En riesgo
USR0558,3946.37,977.47,24.77,2676.94,291.96,67.83,Baja,En observación
USR0559,3639.55,729.55,20.05,2759.51,150.5,75.82,Baja,En riesgo
USR0560,4868.76,91.29,1.88,2328.42,2449.05,47.82,Alta,Saludable
USR0561,4718.64,294.14,6.23,2932.4,1492.1,62.14,Alta,En observación
USR0562,1483.66,359.78,24.25,979.16,144.72,66.0,Baja,En observación
USR0563,1644.69,586.95,35.69,1033.75,23.99,62.85,Baja,En observación
USR0564,1863.67,646.92,34.71,1616.89,-400.14,86.76,Nunca,En riesgo
USR0565,4282.21,191.71,4.48,2059.04,2031.47,48.08,Alta,Saludable
USR0566,1815.72,385.4,21.23,1382.84,47.48,76.16,Baja,En riesgo
USR0567,3976.34,906.84,22.81,2820.33,249.17,70.93,Baja,En observación
USR0568,5515.44,2690.25,48.78,3432.45,-607.26,62.23,Nunca,En riesgo
USR0569,4690.94,2479.7,52.86,3416.57,-1205.33,72.83,Nunca,En riesgo
USR0570,2825.67,381.93,13.52,1982.96,460.78,70.18,Media,En observación
USR0571,3570.5,1558.09,43.64,2781.36,-768.95,77.9,Nunca,En riesgo
USR0572,3000.33,563.12,18.77,1940.83,496.37,64.69,Media,En observación
USR0573,4788.1,1043.71,21.8,2904.61,839.78,60.66,Media,En observación
USR0574,4435.48,1123.86,25.34,3297.3,14.32,74.34,Baja,En observación
USR0575,3772.16,329.04,8.72,3546.62,-103.51,94.02,Nunca,En riesgo
USR0576,3752.55,215.84,5.75,2007.92,1528.79,53.51,Alta,Saludable
USR0577,2763.8,1164.92,42.15,1821.55,-222.67,65.91,Nunca,En riesgo
USR0578,3173.9,655.73,20.66,2074.14,444.02,65.35,Media,En observación
USR0579,5429.14,114.12,2.1,2717.84,2597.18,50.06,Alta,Saludable
USR0580,2242.06,116.76,5.21,1265.33,859.97,56.44,Alta,Saludable
USR0581,1746.1,653.87,37.45,989.41,102.82,56.66,Baja,En observación
USR0582,2196.2,282.68,12.87,1026.64,886.87,46.75,Alta,Saludable
USR0583,3374.62,338.27,10.02,3146.91,-110.55,93.25,Nunca,En riesgo
USR0584,5134.54,1076.38,20.96,3363.64,694.52,65.51,Media,En observación
USR0585,1921.23,132.9,6.92,1066.77,721.56,55.53,Alta,Saludable
USR0586,2030.0,489.65,24.12,1387.54,152.81,68.35,Baja,En observación
USR0587,2918.61,450.97,15.45,1973.01,494.63,67.6,Media,En observación
USR0588,4396.24,1524.87,34.69,3080.35,-208.98,70.07,Nunca,En observación
USR0589,2643.58,330.16,12.49,2204.66,108.76,83.4,Baja,En riesgo
USR0590,6654.09,651.05,9.78,3375.59,2627.45,50.73,Alta,Saludable
USR0591,2190.65,155.92,7.12,1348.66,686.07,61.56,Alta,En observación
USR0592,3386.85,276.03,8.15,2003.56,1107.26,59.16,Alta,Saludable
USR0593,4932.05,2732.49,55.4,2946.77,-747.21,59.75,Nunca,En riesgo
USR0594,5994.48,1109.14,18.5,3497.98,1387.36,58.35,Alta,Saludable
USR0595,2629.29,598.83,22.78,1823.91,206.56,69.37,Baja,En observación
USR0596,6492.04,620.71,9.56,3453.0,2418.33,53.19,Alta,Saludable
USR0597,4162.04,795.62,19.12,3277.43,88.99,78.75,Baja,En riesgo
USR0598,3009.24,286.53,9.52,1528.14,1194.57,50.78,Alta,Saludable
USR0599,4419.48,1047.96,23.71,3126.93,244.59,70.75,Baja,En observación
USR0600,3437.63,623.86,18.15,1912.72,901.05,55.64,Alta,Saludable
USR0601,1277.99,259.5,20.31,942.35,76.14,73.74,Baja,En observación
USR0602,4397.99,469.55,10.68,2119.79,1808.65,48.2,Alta,Saludable
USR0603,2216.81,303.22,13.68,1347.98,565.61,60.81,Alta,En observación
USR0604,1684.92,327.28,19.42,1306.39,51.25,77.53,Baja,En riesgo
USR0605,5366.27,344.61,6.42,3733.36,1288.3,69.57,Alta,En observación
USR0606,2903.87,673.1,23.18,1725.04,505.73,59.4,Media,En observación
USR0607,6023.84,1156.61,19.2,5509.06,-641.83,91.45,Nunca,En riesgo
USR0608,3102.43,97.75,3.15,3196.06,-191.38,103.02,Nunca,En riesgo
USR0609,4839.82,566.43,11.7,4374.95,-101.57,90.4,Nunca,En riesgo
USR0610,4675.72,456.16,9.76,2924.81,1294.74,62.55,Alta,En observación
USR0611,3523.11,165.18,4.69,1007.18,2350.75,28.59,Alta,Saludable
USR0612,1513.16,184.95,12.22,1052.42,275.79,69.55,Media,En observación
USR0613,4146.36,592.73,14.3,2689.35,864.28,64.86,Alta,En observación
USR0614,4243.68,1978.47,46.62,3895.68,-1630.47,91.8,Nunca,En riesgo
USR0615,3363.55,698.4,20.76,2183.43,481.72,64.91,Media,En observación
USR0616,3504.76,442.58,12.63,3153.59,-91.41,89.98,Nunca,En riesgo
USR0617,2475.41,338.62,13.68,1323.93,812.86,53.48,Alta,Saludable
USR0618,2476.75,68.04,2.75,829.32,1579.38,33.48,Alta,Saludable
USR0619,3220.1,863.46,26.81,2365.24,-8.6,73.45,Nunca,En observación
USR0620,4170.02,512.19,12.28,1849.82,1808.01,44.36,Alta,Saludable
USR0621,1544.98,179.04,11.59,683.46,682.48,44.24,Alta,Saludable
USR0622,4511.81,541.6,12.0,3048.8,921.41,67.57,Alta,En observación
USR0623,4488.5,588.86,13.12,2642.37,1257.28,58.87,Alta,Saludable
USR0624,3772.11,801.43,21.25,2502.48,468.2,66.34,Media,En observación
USR0625,4168.7,641.59,15.39,2866.02,661.09,68.75,Media,En observación
USR0626,1951.8,763.99,39.14,1455.79,-267.98,74.59,Nunca,En observación
USR0627,2614.1,1137.18,43.5,1595.66,-118.74,61.04,Nunca,En riesgo
USR0628,4813.35,469.66,9.76,2391.29,1952.4,49.68,Alta,Saludable
USR0629,3877.59,230.74,5.95,1978.19,1668.66,51.02,Alta,Saludable
USR0630,5005.05,1347.53,26.92,3959.45,-301.93,79.11,Nunca,En riesgo
USR0631,5390.37,1205.3,22.36,3923.95,261.13,72.8,Baja,En observación
USR0632,2425.39,946.21,39.01,1611.23,-132.05,66.43,Nunca,En observación
USR0633,6822.12,1511.03,22.15,5905.09,-593.99,86.56,Nunca,En riesgo
USR0634,5623.12,268.97,4.78,2736.1,2618.05,48.66,Alta,Saludable
USR0635,3282.04,1351.53,41.18,1764.16,166.36,53.75,Baja,En riesgo
USR0636,7047.51,454.79,6.45,3274.14,3318.58,46.46,Alta,Saludable
USR0637,4275.09,675.68,15.81,2805.1,794.31,65.61,Media,En observación
USR0638,6020.69,299.17,4.97,5494.58,226.94,91.26,Baja,En riesgo
USR0639,2182.39,286.25,13.12,1765.17,130.97,80.88,Baja,En observación
USR0640,5269.65,579.58,11.0,3505.46,1184.61,66.52,Alta,En observación
USR0641,1391.49,354.14,25.45,1012.65,24.7,72.77,Baja,En observación
USR0642,6785.48,1356.01,19.98,3911.87,1517.6,57.65,Alta,Saludable
USR0643,2352.28,247.44,10.52,1169.95,934.89,49.74,Alta,Saludable
USR0644,4310.55,361.04,8.38,2665.75,1283.77,61.84,Alta,En observación
USR0645,2123.88,438.05,20.62,1615.27,70.56,76.05,Baja,En riesgo
USR0646,6455.12,1374.13,21.29,4828.48,252.52,74.8,Baja,En observación
USR0647,1900.48,602.33,31.69,954.65,343.5,50.23,Media,En observación
USR0648,4726.82,1093.1,23.13,2781.94,851.78,58.85,Media,En observación
USR0649,2286.75,335.7,14.68,1741.71,209.34,76.17,Baja,En observación
USR0650,2197.71,306.42,13.94,1482.86,408.43,67.47,Media,En observación
USR0651,2275.87,847.16,37.22,1690.11,-261.4,74.26,Nunca,En observación
USR0652,2515.84,408.56,16.24,1909.39,197.9,75.89,Baja,En observación
USR0653,5470.84,523.69,9.57,2713.38,2233.77,49.6,Alta,Saludable
USR0654,1739.07,500.46,28.78,1187.07,51.55,68.26,Baja,En observación
USR0655,3184.59,554.84,17.42,2461.89,167.86,77.31,Baja,En observación
USR0656,2619.74,618.7,23.62,1801.86,199.18,68.78,Baja,En observación
USR0657,2832.9,472.78,16.69,2077.08,283.04,73.32,Baja,En observación
USR0658,6429.58,799.41,12.43,3773.6,1856.56,58.69,Alta,Saludable
USR0659,5130.78,391.03,7.62,3646.49,1093.26,71.07,Alta,En observación
USR0660,3623.29,232.34,6.41,1740.15,1650.8,48.03,Alta,Saludable
USR0661,4483.5,1845.29,41.16,2489.3,148.91,55.52,Baja,En riesgo
USR0662,3704.52,1974.13,53.29,2362.94,-632.54,63.79,Nunca,En riesgo
USR0663,4054.58,1219.07,30.07,3429.67,-594.16,84.59,Nunca,En riesgo
USR0664,4906.1,521.03,10.62,3175.08,1209.99,64.72,Alta,En observación
USR0665,6255.8,328.0,5.24,2721.26,3206.54,43.5,Alta,Saludable
USR0666,4610.25,432.14,9.37,3191.26,986.85,69.22,Alta,En observación
USR0667,1513.43,369.2,24.39,1049.28,94.95,69.33,Baja,En observación
USR0668,2436.89,727.3,29.85,2103.99,-394.39,86.34,Nunca,En riesgo
USR0669,2751.38,1182.22,42.97,2266.81,-697.65,82.39,Nunca,En riesgo
USR0670,2765.61,91.36,3.3,2591.2,83.05,93.69,Baja,En riesgo
USR0671,2279.25,452.66,19.86,1440.69,385.9,63.21,Media,En observación
USR0672,6133.47,1036.67,16.9,3609.5,1487.3,58.85,Alta,Saludable
USR0673,3548.02,163.73,4.61,1824.78,1559.51,51.43,Alta,Saludable
USR0674,3376.16,212.38,6.29,2900.61,263.18,85.91,Baja,En observación
USR0675,5553.7,2263.32,40.75,4007.87,-717.49,72.17,Nunca,En riesgo
USR0676,2717.98,538.39,19.81,2125.95,53.64,78.22,Baja,En riesgo
USR0677,1677.82,144.93,8.64,1393.41,139.48,83.05,Baja,En observación
USR0678,5309.39,1132.47,21.33,3631.05,545.86,68.39,Media,En observación
USR0679,3089.35,220.96,7.15,1715.37,1153.01,55.53,Alta,Saludable
USR0680,4266.88,340.74,7.99,2854.9,1071.24,66.91,Alta,En observación
USR0681,3400.57,549.01,16.14,2693.18,158.37,79.2,Baja,En riesgo
USR0682,4803.47,644.92,13.43,3146.27,1012.27,65.5,Alta,En observación
USR0683,2874.51,507.21,17.65,1729.29,638.01,60.16,Alta,En observación
USR0684,4868.62,769.27,15.8,3299.56,799.79,67.77,Media,En observación
USR0685,3754.55,276.13,7.35,1111.05,2367.37,29.59,Alta,Saludable
USR0686,6435.73,1255.46,19.51,4867.8,312.48,75.64,Baja,En riesgo
USR0687,3472.05,279.21,8.04,1411.25,1781.59,40.65,Alta,Saludable
USR0688,4360.93,585.1,13.42,2809.26,966.57,64.42,Alta,En observación
USR0689,6687.8,1357.62,20.3,3930.17,1400.01,58.77,Alta,En observación
USR0690,1376.77,542.5,39.4,767.58,66.69,55.75,Baja,En observación
USR0691,2337.09,207.26,8.87,1363.09,766.74,58.32,Alta,Saludable
USR0692,6060.66,2556.85,42.19,3197.65,306.16,52.76,Baja,En riesgo
USR0693,1989.94,739.5,37.16,1285.58,-35.14,64.6,Nunca,En observación
USR0694,4882.63,975.72,19.98,3482.36,424.55,71.32,Baja,En observación
USR0695,2499.44,507.78,20.32,1819.1,172.56,72.78,Baja,En observación
USR0696,1235.17,304.72,24.67,874.36,56.09,70.79,Baja,En observación
USR0697,4112.52,1538.63,37.41,3457.51,-883.62,84.07,Nunca,En riesgo
USR0698,3906.03,603.85,15.46,2731.45,570.74,69.93,Media,En observación
USR0699,6120.21,837.39,13.68,2732.29,2550.53,44.64,Alta,Saludable
USR0700,5309.78,1086.82,20.47,3577.61,645.35,67.38,Media,En observación
USR0701,5064.68,882.26,17.42,3543.36,639.06,69.96,Media,En observación
USR0702,3353.3,301.67,9.0,2837.72,213.91,84.62,Baja,En observación
USR0703,1931.27,912.33,47.24,1463.94,-444.99,75.8,Nunca,En riesgo
USR0704,1335.16,568.49,42.58,1140.59,-373.92,85.43,Nunca,En riesgo
USR0705,6450.22,454.05,7.04,2760.34,3235.82,42.79,Alta,Saludable
USR0706,5240.46,885.76,16.9,2960.62,1394.08,56.5,Alta,Saludable
USR0707,2061.76,253.0,12.27,1592.21,216.55,77.23,Media,En observación
USR0708,5093.03,256.7,5.04,3477.07,1359.26,68.27,Alta,En observación
USR0709,6698.51,1663.72,24.84,5275.91,-241.12,78.76,Nunca,En riesgo
USR0710,5187.52,872.87,16.83,2874.53,1440.12,55.41,Alta,Saludable
USR0711,5773.66,1152.4,19.96,3793.34,827.92,65.7,Media,En observación
USR0712,3457.71,1226.75,35.48,1912.29,318.67,55.31,Baja,En observación
USR0713,4929.23,440.72,8.94,2736.07,1752.44,55.51,Alta,Saludable
USR0714,1905.53,441.66,23.18,1428.24,35.63,74.95,Baja,En observación
USR0715,4421.67,644.09,14.57,2352.18,1425.4,53.2,Alta,Saludable
USR0716,5922.35,347.02,5.86,3586.79,1988.53,60.56,Alta,En observación
USR0717,4347.85,305.11,7.02,4501.92,-459.18,103.54,Nunca,En riesgo
USR0718,3143.23,444.72,14.15,2021.9,676.6,64.33,Alta,En observación
USR0719,2449.6,41.87,1.71,1278.99,1128.75,52.21,Alta,Saludable
USR0720,1823.94,268.03,14.7,1524.14,31.77,83.56,Baja,En riesgo
USR0721,2970.59,706.59,23.79,2172.41,91.59,73.13,Baja,En observación
USR0722,1978.15,298.99,15.11,1407.05,272.11,71.13,Media,En observación
USR0723,3992.74,432.25,10.83,2154.38,1406.11,53.96,Alta,Saludable
USR0724,4194.45,284.5,6.78,3518.16,391.8,83.88,Baja,En observación
USR0725,3333.28,347.16,10.41,2137.94,848.18,64.14,Alta,En observación
USR0726,3243.36,675.83,20.84,2436.27,131.25,75.12,Baja,En riesgo
USR0727,4774.95,493.27,10.33,2270.66,2011.01,47.55,Alta,Saludable
USR0728,3823.46,451.36,11.81,2605.39,766.71,68.14,Alta,En observación
USR0729,4649.95,723.06,15.55,3571.64,355.25,76.81,Baja,En observación
USR0730,5823.79,604.22,10.38,2858.6,2360.97,49.08,Alta,Saludable
USR0731,3978.3,527.33,13.26,2684.06,766.91,67.47,Media,En observación
USR0732,2154.77,845.37,39.23,1065.16,244.24,49.43,Media,En observación
USR0733,5425.23,1040.55,19.18,3525.76,858.92,64.99,Media,En observación
USR0734,3372.69,772.76,22.91,3003.97,-404.04,89.07,Nunca,En riesgo
USR0735,3603.21,732.62,20.33,2197.53,673.06,60.99,Media,En observación
USR0736,6046.89,1529.76,25.3,5549.31,-1032.19,91.77,Nunca,En riesgo
USR0737,6496.78,688.74,10.6,3286.44,2521.6,50.59,Alta,Saludable
USR0738,4386.94,676.2,15.41,2762.28,948.46,62.97,Alta,En observación
USR0739,3333.92,451.8,13.55,2713.58,168.54,81.39,Baja,En observación
USR0740,1977.42,107.33,5.43,2006.97,-136.88,101.49,Nunca,En riesgo
USR0741,2413.03,332.71,13.79,1318.47,761.84,54.64,Alta,Saludable
USR0742,2031.35,706.91,34.8,1236.16,88.28,60.85,Baja,En observación
USR0743,2263.39,354.35,15.66,1658.91,250.13,73.29,Media,En observación
USR0744,5317.06,1073.05,20.18,3436.71,807.3,64.64,Media,En observación
USR0745,4499.72,1975.71,43.91,3392.62,-868.61,75.4,Nunca,En riesgo
USR0746,2831.13,19.69,0.7,1177.97,1633.47,41.61,Alta,Saludable
USR0747,3357.91,429.06,12.78,1782.29,1146.56,53.08,Alta,Saludable
USR0748,3322.85,1258.43,37.87,2791.92,-727.5,84.02,Nunca,En riesgo
USR0749,1612.85,252.76,15.67,1392.68,-32.59,86.35,Nunca,En riesgo
USR0750,1704.94,500.35,29.35,1424.19,-219.6,83.53,Nunca,En riesgo
USR0751,4414.78,1365.49,30.93,3459.51,-410.22,78.36,Nunca,En riesgo
USR0752,3551.35,862.05,24.27,2724.42,-35.13,76.72,Nunca,En riesgo
USR0753,1980.1,885.16,44.7,1376.9,-281.96,69.54,Nunca,En riesgo
USR0754,1750.66,405.19,23.14,1052.9,292.57,60.14,Media,En observación
USR0755,4066.8,354.78,8.72,2571.78,1140.24,63.24,Alta,En observación
USR0756,5893.36,2416.85,41.01,3359.72,116.8,57.01,Baja,En riesgo
USR0757,4256.05,597.17,14.03,2934.21,724.67,68.94,Media,En observación
USR0758,5418.91,442.08,8.16,3159.08,1817.75,58.3,Alta,Saludable
USR0759,4527.9,386.35,8.53,2054.18,2087.38,45.37,Alta,Saludable
USR0760,5688.35,488.48,8.59,3523.83,1676.04,61.95,Alta,En observación
USR0761,4783.24,1027.62,21.48,3210.58,545.04,67.12,Media,En observación
USR0762,5513.9,1158.77,21.02,3602.33,752.81,65.33,Media,En observación
USR0763,6192.46,47.95,0.77,2700.49,3444.02,43.61,Alta,Saludable
USR0764,4775.41,1252.19,26.22,3830.21,-306.99,80.21,Nunca,En riesgo
USR0765,5794.0,1237.66,21.36,4406.44,149.9,76.05,Baja,En riesgo
USR0766,4440.77,594.78,13.39,2870.78,975.21,64.65,Alta,En observación
USR0767,3968.18,335.36,8.45,2398.35,1234.47,60.44,Alta,En observación
USR0768,2721.61,421.84,15.5,2398.45,-98.68,88.13,Nunca,En riesgo
USR0769,5201.9,17.44,0.34,2771.54,2412.92,53.28,Alta,Saludable
USR0770,5159.96,1951.72,37.82,4430.66,-1222.42,85.87,Nunca,En riesgo
USR0771,4806.38,100.81,2.1,1765.31,2940.26,36.73,Alta,Saludable
USR0772,3717.1,831.33,22.37,2716.38,169.39,73.08,Baja,En observación
USR0773,4593.15,1039.11,22.62,2594.73,959.31,56.49,Alta,En observación
USR0774,5589.94,857.11,15.33,4328.03,404.81,77.43,Baja,En observación
USR0775,2552.42,376.79,14.76,1098.34,1077.29,43.03,Alta,Saludable
USR0776,3557.37,387.44,10.89,2335.95,833.98,65.67,Alta,En observación
USR0777,4635.03,1585.49,34.21,3489.74,-440.21,75.29,Nunca,En riesgo
USR0778,3943.32,757.88,19.22,2500.52,684.92,63.41,Media,En observación
USR0779,4374.0,2179.86,49.84,2575.53,-381.39,58.88,Nunca,En riesgo
USR0780,7110.9,1659.4,23.34,6501.33,-1049.83,91.43,Nunca,En riesgo
USR0781,4738.22,1146.94,24.21,3609.82,-18.53,76.19,Nunca,En riesgo
USR0782,4658.01,847.05,18.18,3135.35,675.61,67.31,Media,En observación
USR0783,5497.57,969.29,17.63,3562.38,965.9,64.8,Media,En observación
USR0784,4967.85,734.75,14.79,4107.79,125.31,82.69,Baja,En riesgo
USR0785,4097.27,576.93,14.08,2913.28,607.06,71.1,Media,En observación
USR0786,1704.41,261.64,15.35,1322.18,120.59,77.57,Baja,En observación
USR0787,3124.2,657.68,21.05,2334.35,132.18,74.72,Baja,En observación
USR0788,4687.09,1796.5,38.33,3430.42,-539.83,73.19,Nunca,En observación
USR0789,3731.24,1237.41,33.16,2670.89,-177.06,71.58,Nunca,En observación
USR0790,4395.93,810.33,18.43,3271.85,313.75,74.43,Baja,En observación
USR0791,2858.11,576.6,20.17,2221.03,60.48,77.71,Baja,En riesgo
USR0792,3511.97,536.43,15.27,2430.35,545.19,69.2,Media,En observación
USR0793,4736.04,1674.47,35.36,3576.42,-514.85,75.51,Nunca,En riesgo
USR0794,6829.39,681.7,9.98,2802.27,3345.42,41.03,Alta,Saludable
USR0795,3921.13,1084.04,27.65,3192.01,-354.92,81.41,Nunca,En riesgo
USR0796,4963.6,1168.88,23.55,2807.73,986.98,56.57,Media,En observación
USR0797,5118.47,1554.73,30.37,4464.26,-900.52,87.22,Nunca,En riesgo
USR0798,3098.39,336.93,10.87,1624.43,1137.03,52.43,Alta,Saludable
USR0799,6435.0,1071.13,16.65,4137.05,1226.82,64.29,Media,En observación
USR0800,4341.84,371.08,8.55,2867.16,1103.6,66.04,Alta,En observación
USR0801,2028.15,160.24,7.9,1226.71,641.2,60.48,Alta,En observación
USR0802,2662.2,1002.67,37.66,1929.52,-269.98,72.48,Nunca,En observación
USR0803,3857.28,460.52,11.94,1968.53,1428.23,51.03,Alta,Saludable
USR0804,2304.47,959.57,41.64,1453.5,-108.59,63.07,Nunca,En riesgo
USR0805,5177.73,735.51,14.21,4498.39,-56.16,86.88,Nunca,En riesgo
USR0806,4207.9,1599.66,38.02,2208.97,399.26,52.5,Baja,En observación
USR0807,3005.87,491.31,16.35,1795.81,718.75,59.74,Alta,Saludable
USR0808,6590.14,701.26,10.64,3898.2,1990.68,59.15,Alta,Saludable
USR0809,6523.35,487.94,7.48,4158.67,1876.73,63.75,Alta,En observación
USR0810,4498.81,304.39,6.77,2704.03,1490.39,60.11,Alta,En observación
USR0811,6231.23,785.61,12.61,3742.18,1703.44,60.06,Alta,En observación
USR0812,6550.15,656.62,10.02,5732.03,161.5,87.51,Baja,En riesgo
USR0813,1573.52,380.58,24.19,1169.49,23.46,74.32,Baja,En observación
USR0814,2197.48,652.31,29.68,1829.13,-283.95,83.24,Nunca,En riesgo
USR0815,2389.38,935.13,39.14,1292.59,161.66,54.1,Baja,En observación
USR0816,4291.2,2201.08,51.29,3129.0,-1038.88,72.92,Nunca,En riesgo
USR0817,3126.54,1586.82,50.75,1962.18,-422.46,62.76,Nunca,En riesgo
USR0818,2873.14,1510.58,52.58,1716.3,-353.74,59.74,Nunca,En riesgo
USR0819,1663.43,497.97,29.94,1368.57,-203.11,82.27,Nunca,En riesgo
USR0820,3760.13,376.68,10.02,2207.17,1176.27,58.7,Alta,Saludable
USR0821,4508.19,2071.16,45.94,3889.35,-1452.32,86.27,Nunca,En riesgo
USR0822,4167.69,187.23,4.49,3826.67,153.79,91.82,Baja,En riesgo
USR0823,6259.68,462.79,7.39,2962.5,2834.38,47.33,Alta,Saludable
USR0824,2781.73,745.56,26.8,2091.43,-55.25,75.18,Nunca,En riesgo
USR0825,4689.7,1929.7,41.15,3132.61,-372.61,66.8,Nunca,En riesgo
USR0826,4495.37,2416.94,53.77,2792.95,-714.51,62.13,Nunca,En riesgo
USR0827,2144.18,964.14,44.97,1411.66,-231.62,65.84,Nunca,En riesgo
USR0828,4196.73,462.1,11.01,2180.93,1553.7,51.97,Alta,Saludable
USR0829,3183.69,697.58,21.91,2361.1,125.01,74.16,Baja,En observación
USR0830,6752.13,122.69,1.82,2195.41,4434.03,32.51,Alta,Saludable
USR0831,4888.07,929.75,19.02,2942.2,1016.12,60.19,Alta,En observación
USR0832,2304.22,131.24,5.7,917.9,1255.07,39.84,Alta,Saludable
USR0833,4364.89,918.51,21.04,3296.15,150.23,75.52,Baja,En riesgo
USR0834,4846.04,392.51,8.1,3258.44,1195.1,67.24,Alta,En observación
USR0835,3164.85,313.64,9.91,2221.43,629.79,70.19,Media,En observación
USR0836,3087.3,1208.32,39.14,2402.34,-523.36,77.81,Nunca,En riesgo
USR0837,4569.92,315.19,6.9,4251.16,3.57,93.02,Baja,En riesgo
USR0838,4726.7,307.81,6.51,2709.1,1709.8,57.31,Alta,Saludable
USR0839,3485.07,603.66,17.32,3028.18,-146.78,86.89,Nunca,En riesgo
USR0840,3708.28,1390.44,37.5,3146.95,-829.11,84.86,Nunca,En riesgo
USR0841,2735.84,733.69,26.82,2029.86,-27.71,74.2,Nunca,En observación
USR0842,4068.54,1675.4,41.18,2402.38,-9.24,59.05,Nunca,En riesgo
USR0843,3686.89,608.74,16.51,2823.94,254.21,76.59,Baja,En observación
USR0844,1518.14,230.52,15.18,1148.69,138.94,75.66,Baja,En observación
USR0845,3068.46,188.81,6.15,1783.19,1096.46,58.11,Alta,Saludable
USR0846,5006.2,1974.69,39.44,2528.22,503.29,50.5,Media,En observación
USR0847,1732.16,478.95,27.65,1403.0,-149.79,81.0,Nunca,En riesgo
USR0848,5183.37,2182.18,42.1,3585.08,-583.9,69.17,Nunca,En riesgo
USR0849,4189.18,928.5,22.16,2870.62,390.06,68.52,Baja,En observación
USR0850,1954.58,317.69,16.25,1523.77,113.12,77.96,Baja,En observación
USR0851,4648.98,438.25,9.43,2647.23,1563.5,56.94,Alta,Saludable
USR0852,2657.27,70.16,2.64,1247.96,1339.15,46.96,Alta,Saludable
USR0853,1646.25,280.15,17.02,1245.01,121.09,75.63,Baja,En observación
USR0854,3694.22,352.38,9.54,2570.61,771.23,69.58,Alta,En observación
USR0855,1883.39,317.02,16.83,1466.39,99.98,77.86,Baja,En observación
USR0856,3349.63,360.77,10.77,1146.27,1842.59,34.22,Alta,Saludable
USR0857,4595.01,270.22,5.88,2738.27,1586.52,59.59,Alta,Saludable
USR0858,5407.89,2335.61,43.19,3384.21,-311.93,62.58,Nunca,En riesgo
USR0859,3347.5,1562.2,46.67,1744.6,40.7,52.12,Baja,En riesgo
USR0860,5994.66,446.81,7.45,2682.94,2864.91,44.76,Alta,Saludable
USR0861,4818.02,2411.5,50.05,3744.41,-1337.89,77.72,Nunca,En riesgo
USR0862,2796.15,196.46,7.03,1818.61,781.08,65.04,Alta,En observación
USR0863,3767.37,1612.61,42.8,2608.45,-453.69,69.24,Nunca,En riesgo
USR0864,4916.94,879.27,17.88,4448.34,-410.66,90.47,Nunca,En riesgo
USR0865,4944.83,1752.14,35.43,2739.36,453.33,55.4,Baja,En observación
USR0866,3035.77,636.37,20.96,2138.08,261.32,70.43,Baja,En observación
USR0867,1734.36,284.47,16.4,1063.61,386.28,61.33,Alta,En observación
USR0868,4636.73,1314.99,28.36,3234.24,87.5,69.75,Baja,En observación
USR0869,6303.11,445.97,7.08,3140.07,2717.07,49.82,Alta,Saludable
USR0870,2961.7,552.89,18.67,2582.61,-173.8,87.2,Nunca,En riesgo
USR0871,5450.8,511.67,9.39,3520.39,1418.74,64.58,Alta,En observación
USR0872,2770.41,527.3,19.03,1532.76,710.35,55.33,Alta,Saludable
USR0873,7057.05,198.73,2.82,3309.6,3548.72,46.9,Alta,Saludable
USR0874,3307.2,333.85,10.09,2123.41,849.93,64.21,Alta,En observación
USR0875,2531.72,566.76,22.39,1456.55,508.41,57.53,Alta,En observación
USR0876,5721.32,1153.2,20.16,3778.0,790.12,66.03,Media,En observación
USR0877,2913.63,1225.54,42.06,1571.72,116.37,53.94,Baja,En riesgo
USR0878,1703.36,506.58,29.74,1607.92,-411.14,94.4,Nunca,En riesgo
USR0879,3267.31,998.35,30.56,2871.14,-602.18,87.87,Nunca,En riesgo
USR0880,2114.6,432.15,20.44,1405.59,276.86,66.47,Media,En observación
USR0881,2914.49,576.18,19.77,1649.5,688.81,56.6,Alta,Saludable
USR0882,2067.34,319.32,15.45,1589.41,158.61,76.88,Baja,En observación
USR0883,2696.72,175.02,6.49,861.0,1660.7,31.93,Alta,Saludable
USR0884,6002.9,382.96,6.38,2742.49,2877.45,45.69,Alta,Saludable
USR0885,2271.36,1105.84,48.69,1209.06,-43.54,53.23,Nunca,En riesgo
USR0886,6364.81,286.77,4.51,5701.39,376.65,89.58,Baja,En observación
USR0887,5746.36,263.24,4.58,5135.39,347.73,89.37,Baja,En observación
USR0888,2294.56,424.63,18.51,1426.64,443.29,62.17,Media,En observación
USR0889,3007.5,459.51,15.28,1624.96,923.03,54.03,Alta,Saludable
USR0890,2402.05,323.66,13.47,1414.02,664.37,58.87,Alta,Saludable
USR0891,6378.03,933.75,14.64,4235.74,1208.54,66.41,Media,En observación
USR0892,3089.01,535.69,17.34,2724.65,-171.32,88.2,Nunca,En riesgo
USR0893,3599.38,1020.04,28.34,2759.19,-179.85,76.66,Nunca,En riesgo
USR0894,3852.29,434.72,11.28,2129.56,1288.01,55.28,Alta,Saludable
USR0895,5528.11,664.34,12.02,2972.72,1891.05,53.77,Alta,Saludable
USR0896,2589.14,148.64,5.74,1611.91,828.59,62.26,Alta,En observación
USR0897,5462.68,1046.17,19.15,4230.81,185.69,77.45,Baja,En riesgo
USR0898,3750.36,1961.15,52.29,2856.26,-1067.05,76.16,Nunca,En riesgo
USR0899,3494.73,543.52,15.55,2676.45,274.76,76.59,Baja,En observación
USR0900,2547.34,414.35,16.27,1909.03,223.96,74.94,Baja,En observación
USR0901,6571.7,485.39,7.39,3745.56,2340.75,57.0,Alta,Saludable
USR0902,3953.77,1880.77,47.57,3483.6,-1410.6,88.11,Nunca,En riesgo
USR0903,6336.8,481.75,7.6,3463.03,2392.02,54.65,Alta,Saludable
USR0904,5232.75,460.13,8.79,4438.54,334.08,84.82,Baja,En observación
USR0905,4616.53,636.53,13.79,3375.6,604.41,73.12,Media,En observación
USR0906,1984.41,92.28,4.65,1704.93,187.2,85.92,Baja,En observación
USR0907,1302.7,369.45,28.36,883.59,49.66,67.83,Baja,En observación
USR0908,4247.4,247.11,5.82,3837.38,162.92,90.35,Baja,En riesgo
USR0909,6394.49,2021.0,31.61,5282.53,-909.03,82.61,Nunca,En riesgo
USR0910,2947.4,320.98,10.89,2572.4,54.03,87.28,Baja,En riesgo
USR0911,3521.37,351.45,9.98,2877.53,292.4,81.72,Baja,En observación
USR0912,1888.94,314.64,16.66,1197.29,377.01,63.38,Media,En observación
USR0913,2077.11,656.65,31.61,1463.19,-42.73,70.44,Nunca,En observación
USR0914,1890.54,267.97,14.17,1107.02,515.56,58.56,Alta,Saludable
USR0915,2885.53,382.05,13.24,1342.81,1160.67,46.54,Alta,Saludable
USR0916,1861.48,267.49,14.37,1311.82,282.17,70.47,Media,En observación
USR0917,3225.49,543.67,16.86,2208.06,473.76,68.46,Media,En observación
USR0918,1732.01,421.71,24.35,1289.67,20.63,74.46,Baja,En observación
USR0919,4593.37,1839.91,40.06,2882.86,-129.4,62.76,Nunca,En riesgo
USR0920,4593.12,853.64,18.59,3839.17,-99.69,83.59,Nunca,En riesgo
USR0921,1414.24,526.81,37.25,941.98,-54.55,66.61,Nunca,En observación
USR0922,4782.28,1243.68,26.01,4018.0,-479.4,84.02,Nunca,En riesgo
USR0923,2031.79,751.53,36.99,1162.74,117.52,57.23,Baja,En observación
USR0924,2172.45,214.53,9.88,1059.2,898.72,48.76,Alta,Saludable
USR0925,3152.14,327.55,10.39,1732.35,1092.23,54.96,Alta,Saludable
USR0926,4499.44,1224.95,27.22,3436.33,-161.84,76.37,Nunca,En riesgo
USR0927,6146.97,754.87,12.28,3928.73,1463.37,63.91,Alta,En observación
USR0928,4406.4,379.5,8.61,2447.75,1579.15,55.55,Alta,Saludable
USR0929,4792.44,676.75,14.12,3263.58,852.11,68.1,Media,En observación
USR0930,2164.37,214.92,9.93,2189.86,-240.41,101.18,Nunca,En riesgo
USR0931,1935.28,327.59,16.93,1253.92,353.77,64.79,Media,En observación
USR0932,4755.72,797.83,16.78,2861.13,1096.75,60.16,Alta,En observación
USR0933,6789.17,2515.71,37.05,3867.42,406.04,56.96,Baja,En observación
USR0934,4196.85,976.2,23.26,2384.5,836.15,56.82,Media,En observación
USR0935,4883.8,63.4,1.3,2657.75,2162.65,54.42,Alta,Saludable
USR0936,6928.69,690.33,9.96,3502.46,2735.9,50.55,Alta,Saludable
USR0937,5569.35,830.2,14.91,3370.64,1368.51,60.52,Alta,En observación
USR0938,3280.82,290.01,8.84,2024.35,966.46,61.7,Alta,En observación
USR0939,2219.76,278.7,12.56,998.17,942.9,44.97,Alta,Saludable
USR0940,3870.93,192.34,4.97,3942.03,-263.44,101.84,Nunca,En riesgo
USR0941,3687.25,58.2,1.58,1760.89,1868.16,47.76,Alta,Saludable
USR0942,2586.36,388.43,15.02,2336.61,-138.68,90.34,Nunca,En riesgo
USR0943,2798.21,257.27,9.19,2325.32,215.62,83.1,Baja,En observación
USR0944,5087.37,310.57,6.1,5296.32,-519.52,104.11,Nunca,En riesgo
USR0945,3763.71,1450.05,38.53,2290.8,22.86,60.87,Baja,En observación
USR0946,1768.83,456.55,25.81,1336.4,-24.13,75.55,Nunca,En riesgo
USR0947,3940.35,1642.89,41.69,2888.91,-591.45,73.32,Nunca,En riesgo
USR0948,5568.44,2076.96,37.3,3741.51,-250.03,67.19,Nunca,En observación
USR0949,4505.68,930.14,20.64,3128.83,446.72,69.44,Baja,En observación
USR0950,1947.63,772.05,39.64,1544.71,-369.13,79.31,Nunca,En riesgo
USR0951,3072.58,350.99,11.42,1385.76,1335.83,45.1,Alta,Saludable
USR0952,2750.97,301.15,10.95,1190.89,1258.93,43.29,Alta,Saludable
USR0953,5993.57,2063.35,34.43,5221.33,-1291.1,87.12,Nunca,En riesgo
USR0954,3904.8,161.5,4.14,1886.32,1856.98,48.31,Alta,Saludable
USR0955,4833.32,1126.03,23.3,3606.5,100.79,74.62,Baja,En observación
USR0956,5716.18,1749.41,30.6,4568.77,-602.0,79.93,Nunca,En riesgo
USR0957,4609.58,1152.27,25.0,3774.32,-317.01,81.88,Nunca,En riesgo
USR0958,4911.48,627.65,12.78,3443.3,840.53,70.11,Media,En observación
USR0959,6261.92,516.89,8.25,4090.45,1654.58,65.32,Alta,En observación
USR0960,5295.41,637.93,12.05,4866.62,-209.13,91.9,Nunca,En riesgo
USR0961,2125.01,376.47,17.72,1196.21,552.34,56.29,Alta,Saludable
USR0962,4409.25,1163.78,26.39,3446.75,-201.28,78.17,Nunca,En riesgo
USR0963,4275.65,594.65,13.91,3341.35,339.65,78.15,Baja,En observación
USR0964,2633.58,1469.84,55.81,1331.44,-167.7,50.56,Nunca,En riesgo
USR0965,2696.07,390.68,14.49,1623.77,681.62,60.23,Alta,En observación
USR0966,2669.71,1019.17,38.18,2266.35,-615.81,84.89,Nunca,En riesgo
USR0967,1823.12,590.0,32.36,1024.59,208.54,56.2,Media,En observación
USR0968,3139.87,152.56,4.86,1422.04,1565.27,45.29,Alta,Saludable
USR0969,4734.52,2039.58,43.08,3055.6,-360.67,64.54,Nunca,En riesgo
USR0970,2171.34,298.67,13.76,1657.39,215.28,76.33,Baja,En observación
USR0971,5640.98,929.33,16.47,3289.18,1422.47,58.31,Alta,Saludable
USR0972,5592.69,879.98,15.73,3102.69,1610.03,55.48,Alta,Saludable
USR0973,6353.52,846.13,13.32,3732.19,1775.2,58.74,Alta,Saludable
USR0974,5108.47,1890.76,37.01,4456.98,-1239.27,87.25,Nunca,En riesgo
USR0975,4263.98,264.3,6.2,2191.75,1807.93,51.4,Alta,Saludable
USR0976,4290.75,810.02,18.88,3305.41,175.31,77.04,Baja,En riesgo
USR0977,6960.47,753.92,10.83,3794.08,2412.46,54.51,Alta,Saludable
USR0978,3038.14,179.04,5.89,882.38,1976.72,29.04,Alta,Saludable
USR0979,4450.24,603.67,13.56,2123.15,1723.41,47.71,Alta,Saludable
USR0980,4460.84,931.79,20.89,2871.14,657.91,64.36,Media,En observación
USR0981,5492.01,319.93,5.83,3097.24,2074.85,56.4,Alta,Saludable
USR0982,7077.62,2875.87,40.63,4235.59,-33.84,59.84,Nunca,En riesgo
USR0983,4435.56,806.8,18.19,2849.83,778.93,64.25,Media,En observación
USR0984,6223.23,981.85,15.78,3691.15,1550.23,59.31,Alta,Saludable
USR0985,5261.32,587.47,11.17,3474.05,1199.8,66.03,Alta,En observación
USR0986,3755.12,1538.22,40.96,1992.77,224.13,53.07,Baja,En riesgo
USR0987,5254.33,25.64,0.49,2330.76,2897.93,44.36,Alta,Saludable
USR0988,6312.26,1236.62,19.59,3513.79,1561.85,55.67,Alta,Saludable
USR0989,3778.55,60.18,1.59,2071.71,1646.66,54.83,Alta,Saludable
USR0990,4395.21,81.02,1.84,2317.91,1996.28,52.74,Alta,Saludable
USR0991,4393.51,790.42,17.99,2481.82,1121.27,56.49,Alta,Saludable
USR0992,4222.84,170.62,4.04,3733.15,319.07,88.4,Baja,En observación
USR0993,3860.82,1271.32,32.93,3095.8,-506.3,80.19,Nunca,En riesgo
USR0994,3045.17,1210.71,39.76,1656.61,177.85,54.4,Baja,En observación
USR0995,2463.09,369.53,15.0,1729.05,364.52,70.2,Media,En observación
USR0996,3304.84,682.44,20.65,2876.49,-254.1,87.04,Nunca,En riesgo
USR0997,4842.8,980.12,20.24,3832.3,30.38,79.13,Baja,En riesgo
USR0998,2409.16,1288.78,53.49,1243.13,-122.75,51.6,Nunca,En riesgo
USR0999,3422.07,297.84,8.7,1511.1,1613.13,44.16,Alta,Saludable
USR1000,6441.59,944.72,14.67,3807.42,1689.45,59.11,Alta,Saludable
